timestamp,co2_ppm,temperature_c,humidity_rh
2026-08-25 14:03:12,3099,25.2,99.5
2026-08-25 14:03:17,3103,25.3,99.5
2026-08-25 14:03:22,3106,25.3,99.5
2026-08-25 14:03:28,3110,25.3,99.5
2026-08-25 14:03:33,3127,25.3,99.4
2026-08-25 14:03:38,3130,25.3,99.4
2026-08-25 14:03:43,3143,25.3,99.4
2026-08-25 14:03:49,3153,25.3,99.3
2026-08-25 14:03:54,3156,25.3,99.3
2026-08-25 14:04:00,3157,25.3,99.3
2026-08-25 14:04:05,3162,25.3,99.2
2026-08-25 14:04:10,3163,25.3,99.2
2026-08-25 14:04:15,3165,25.4,99.2
2026-08-25 14:04:21,3169,25.4,99.1
2026-08-25 14:04:26,3173,25.4,99.1
2026-08-25 14:04:31,3176,25.4,99.0
2026-08-25 14:04:36,3177,25.4,98.9
2026-08-25 14:04:42,3178,25.4,99.0
2026-08-25 14:04:47,3180,25.4,98.9
2026-08-25 14:04:57,3181,25.4,98.9
2026-08-25 14:05:02,3185,25.5,98.8
2026-08-25 14:05:08,3193,25.4,98.8
2026-08-25 14:05:13,3213,25.5,98.8
2026-08-25 14:05:18,3214,25.5,98.7
2026-08-25 14:05:23,3215,25.5,98.7
2026-08-25 14:05:29,3217,25.5,98.7
2026-08-25 14:05:34,3221,25.5,98.7
2026-08-25 14:05:40,3224,25.5,98.7
2026-08-25 14:05:45,3225,25.5,98.6
2026-08-25 14:05:50,3224,25.5,98.6
2026-08-25 14:05:55,3226,25.5,98.6
2026-08-25 14:06:01,3232,25.5,98.6
2026-08-25 14:06:06,3234,25.5,98.5
2026-08-25 14:06:11,3236,25.6,98.5
2026-08-25 14:06:17,3239,25.5,98.4
2026-08-25 14:06:27,3242,25.6,98.4
2026-08-25 14:06:32,3244,25.6,98.4
2026-08-25 14:06:38,3248,25.6,98.4
2026-08-25 14:06:48,3258,25.6,98.4
2026-08-25 14:06:53,3259,25.6,98.4
2026-08-25 14:06:59,3261,25.6,98.4
2026-08-25 14:07:04,3260,25.6,98.3
2026-08-25 14:07:09,3259,25.6,98.3
2026-08-25 14:07:14,3261,25.6,98.3
2026-08-25 14:07:20,3270,25.6,98.3
2026-08-25 14:07:25,3273,25.6,98.3
2026-08-25 14:07:31,3274,25.6,98.3
2026-08-25 14:07:36,3278,25.6,98.3
2026-08-25 14:07:42,3281,25.6,98.2
2026-08-25 14:07:47,3282,25.6,98.2
2026-08-25 14:07:53,3284,25.6,98.2
2026-08-25 14:07:58,3286,25.6,98.2
2026-08-25 14:08:03,3287,25.6,98.2
2026-08-25 14:08:09,3288,25.7,98.2
2026-08-25 14:08:14,3287,25.6,98.2
2026-08-25 14:08:19,3289,25.7,98.2
2026-08-25 14:08:25,3290,25.7,98.1
2026-08-25 14:08:30,3292,25.6,98.1
2026-08-25 14:08:35,3293,25.7,98.1
2026-08-25 14:08:41,3296,25.6,98.1
2026-08-25 14:08:46,3300,25.7,98.1
2026-08-25 14:08:51,3303,25.7,98.0
2026-08-25 14:08:57,3304,25.7,98.1
2026-08-25 14:09:02,3309,25.7,98.1
2026-08-25 14:09:08,3311,25.7,98.0
2026-08-25 14:09:13,3312,25.7,98.0
2026-08-25 14:09:18,3316,25.7,98.1
2026-08-25 14:09:23,3318,25.7,98.0
2026-08-25 14:09:29,3322,25.7,98.0
2026-08-25 14:09:34,3321,25.7,98.0
2026-08-25 14:09:39,3322,25.7,98.0
2026-08-25 14:09:44,3321,25.7,98.0
2026-08-25 14:09:50,3325,25.7,98.0
2026-08-25 14:10:01,3328,25.7,98.0
2026-08-25 14:10:06,3329,25.7,98.0
2026-08-25 14:10:11,3337,25.7,98.0
2026-08-25 14:10:16,3339,25.7,98.0
2026-08-25 14:10:22,3342,25.7,97.9
2026-08-25 14:10:27,3343,25.7,97.9
2026-08-25 14:10:32,3345,25.7,97.9
2026-08-25 14:10:38,3352,25.7,97.9
2026-08-25 14:10:43,3353,25.7,97.9
2026-08-25 14:10:48,3358,25.7,97.9
2026-08-25 14:10:53,3361,25.7,97.9
2026-08-25 14:10:59,3367,25.7,97.9
2026-08-25 14:11:04,3370,25.7,97.8
2026-08-25 14:11:09,3371,25.7,97.9
2026-08-25 14:11:15,3374,25.7,97.9
2026-08-25 14:11:20,3375,25.7,97.9
2026-08-25 14:11:25,3379,25.8,97.9
2026-08-25 14:11:31,3381,25.7,97.9
2026-08-25 14:11:36,3385,25.7,97.9
2026-08-25 14:11:41,3387,25.8,97.8
2026-08-25 14:11:47,3388,25.8,97.8
2026-08-25 14:11:52,3389,25.8,97.8
2026-08-25 14:11:57,3392,25.8,97.8
2026-08-25 14:12:02,3393,25.8,97.8
2026-08-25 14:12:08,3396,25.8,97.8
2026-08-25 14:12:13,3399,25.8,97.8
2026-08-25 14:12:18,3402,25.8,97.8
2026-08-25 14:12:24,3403,25.8,97.8
2026-08-25 14:12:34,3405,25.8,97.8
2026-08-25 14:12:40,3407,25.8,97.8
2026-08-25 14:12:45,3409,25.8,97.8
2026-08-25 14:12:50,3412,25.8,97.7
2026-08-25 14:12:55,3413,25.8,97.8
2026-08-25 14:13:01,3410,25.8,97.7
2026-08-25 14:13:06,3413,25.8,97.7
2026-08-25 14:13:11,3419,25.8,97.7
2026-08-25 14:13:17,3421,25.8,97.7
2026-08-25 14:13:22,3423,25.8,97.7
2026-08-25 14:13:27,3424,25.8,97.7
2026-08-25 14:13:33,3425,25.8,97.7
2026-08-25 14:13:38,3426,25.8,97.7
2026-08-25 14:13:43,3430,25.8,97.7
2026-08-25 14:13:49,3429,25.8,97.7
2026-08-25 14:13:54,3433,25.8,97.7
2026-08-25 14:14:05,3434,25.8,97.7
2026-08-25 14:14:10,3436,25.8,97.7
2026-08-25 14:14:15,3435,25.8,97.7
2026-08-25 14:14:21,3433,25.8,97.7
2026-08-25 14:14:26,3434,25.8,97.7
2026-08-25 14:14:31,3433,25.8,97.7
2026-08-25 14:14:37,3436,25.8,97.7
2026-08-25 14:14:42,3439,25.9,97.6
2026-08-25 14:14:47,3438,25.8,97.7
2026-08-25 14:14:52,3444,25.9,97.6
2026-08-25 14:14:58,3446,25.9,97.6
2026-08-25 14:15:03,3449,25.9,97.6
2026-08-25 14:15:08,3451,25.9,97.7
2026-08-25 14:15:14,3452,25.9,97.6
2026-08-25 14:15:24,3454,25.9,97.6
2026-08-25 14:15:30,3457,25.9,97.6
2026-08-25 14:15:35,3458,25.9,97.6
2026-08-25 14:15:45,3460,25.9,97.6
2026-08-25 14:15:51,3459,25.9,97.6
2026-08-25 14:15:56,3462,25.9,97.6
2026-08-25 14:16:01,3463,25.9,97.6
2026-08-25 14:16:12,3464,25.9,97.6
2026-08-25 14:16:17,3462,25.9,97.6
2026-08-25 14:16:23,3465,25.9,97.6
2026-08-25 14:16:28,3469,25.9,97.6
2026-08-25 14:16:33,3470,25.9,97.6
2026-08-25 14:16:44,3472,25.9,97.6
2026-08-25 14:16:49,3476,25.9,97.6
2026-08-25 14:17:00,3478,25.9,97.6
2026-08-25 14:17:11,3477,25.9,97.5
2026-08-25 14:17:16,3482,25.9,97.5
2026-08-25 14:17:21,3483,25.9,97.6
2026-08-25 14:17:26,3484,25.9,97.5
2026-08-25 14:17:32,3486,26.0,97.6
2026-08-25 14:17:37,3487,25.9,97.5
2026-08-25 14:17:48,3486,25.9,97.5
2026-08-25 14:17:53,3488,25.9,97.5
2026-08-25 14:17:58,3486,26.0,97.5
2026-08-25 14:18:09,3489,26.0,97.5
2026-08-25 14:18:14,3494,26.0,97.5
2026-08-25 14:18:20,3497,26.0,97.5
2026-08-25 14:18:30,3496,26.0,97.5
2026-08-25 14:18:36,3497,26.0,97.5
2026-08-25 14:18:41,3502,26.0,97.5
2026-08-25 14:18:46,3504,26.0,97.5
2026-08-25 14:18:51,3505,26.0,97.5
2026-08-25 14:18:57,3510,26.0,97.5
2026-08-25 14:19:02,3512,26.0,97.5
2026-08-25 14:19:07,3513,26.0,97.5
2026-08-25 14:19:13,3515,26.0,97.4
2026-08-25 14:19:18,3514,26.0,97.5
2026-08-25 14:19:23,3516,26.0,97.5
2026-08-25 14:19:29,3518,26.0,97.5
2026-08-25 14:19:39,3521,26.0,97.5
2026-08-25 14:19:45,3527,26.0,97.5
2026-08-25 14:19:50,3528,26.0,97.5
2026-08-25 14:19:55,3527,26.0,97.5
2026-08-25 14:20:00,3530,26.0,97.5
2026-08-25 14:20:11,3533,26.0,97.5
2026-08-25 14:20:16,3535,26.0,97.5
2026-08-25 14:20:21,3538,26.0,97.5
2026-08-25 14:20:27,3543,26.0,97.5
2026-08-25 14:20:32,3547,26.0,97.5
2026-08-25 14:20:37,3549,26.0,97.5
2026-08-25 14:20:43,3553,26.0,97.5
2026-08-25 14:20:59,3557,26.0,97.5
2026-08-25 14:21:04,3559,26.0,97.4
2026-08-25 14:21:09,3560,26.0,97.4
2026-08-25 14:21:15,3561,26.0,97.5
2026-08-25 14:21:20,3563,26.1,97.5
2026-08-25 14:21:25,3564,26.0,97.5
2026-08-25 14:21:31,3567,26.0,97.4
2026-08-25 14:21:36,3568,26.0,97.5
2026-08-25 14:21:41,3572,26.0,97.5
2026-08-25 14:21:47,3575,26.1,97.4
2026-08-25 14:21:52,3579,26.1,97.5
2026-08-25 14:21:57,3581,26.1,97.4
2026-08-25 14:22:02,3582,26.1,97.4
2026-08-25 14:22:08,3586,26.1,97.4
2026-08-25 14:22:13,3588,26.0,97.4
2026-08-25 14:22:18,3593,26.1,97.4
2026-08-25 14:22:23,3595,26.1,97.4
2026-08-25 14:22:29,3597,26.0,97.4
2026-08-25 14:22:34,3598,26.1,97.4
2026-08-25 14:22:39,3602,26.0,97.4
2026-08-25 14:22:44,3603,26.1,97.4
2026-08-25 14:22:50,3608,26.1,97.4
2026-08-25 14:22:55,3612,26.1,97.4
2026-08-25 14:23:11,3614,26.1,97.4
2026-08-25 14:23:16,3613,26.1,97.4
2026-08-25 14:23:21,3615,26.1,97.4
2026-08-25 14:23:27,3616,26.1,97.4
2026-08-25 14:23:32,3617,26.1,97.3
2026-08-25 14:23:37,3620,26.1,97.4
2026-08-25 14:23:42,3621,26.1,97.3
2026-08-25 14:23:48,3622,26.1,97.4
2026-08-25 14:23:53,3623,26.1,97.3
2026-08-25 14:23:58,3620,26.1,97.3
2026-08-25 14:24:03,3624,26.1,97.4
2026-08-25 14:24:09,3626,26.1,97.3
2026-08-25 14:24:14,3627,26.1,97.3
2026-08-25 14:24:19,3628,26.1,97.3
2026-08-25 14:24:24,3629,26.1,97.3
2026-08-25 14:24:30,3628,26.1,97.4
2026-08-25 14:24:35,3631,26.1,97.3
2026-08-25 14:24:40,3633,26.1,97.3
2026-08-25 14:24:45,3630,26.1,97.3
2026-08-25 14:24:56,3631,26.1,97.3
2026-08-25 14:25:01,3637,26.1,97.3
2026-08-25 14:25:07,3634,26.1,97.3
2026-08-25 14:25:12,3635,26.1,97.3
2026-08-25 14:25:17,3643,26.1,97.3
2026-08-25 14:25:22,3645,26.1,97.3
2026-08-25 14:25:28,3646,26.1,97.3
2026-08-25 14:25:33,3650,26.1,97.2
2026-08-25 14:25:44,3653,26.1,97.3
2026-08-25 14:25:49,3655,26.1,97.3
2026-08-25 14:25:54,3658,26.1,97.3
2026-08-25 14:26:00,3660,26.1,97.3
2026-08-25 14:26:16,3661,26.2,97.2
2026-08-25 14:26:26,3660,26.2,97.2
2026-08-25 14:26:31,3658,26.1,97.3
2026-08-25 14:26:37,3663,26.1,97.2
2026-08-25 14:26:42,3662,26.2,97.2
2026-08-25 14:26:47,3664,26.1,97.2
2026-08-25 14:26:52,3663,26.1,97.2
2026-08-25 14:26:58,3664,26.2,97.2
2026-08-25 14:27:03,3668,26.2,97.2
2026-08-25 14:27:08,3671,26.2,97.2
2026-08-25 14:27:13,3672,26.2,97.2
2026-08-25 14:27:19,3673,26.1,97.2
2026-08-25 14:27:24,3676,26.2,97.2
2026-08-25 14:27:30,3673,26.2,97.2
2026-08-25 14:27:35,3675,26.2,97.2
2026-08-25 14:27:40,3674,26.2,97.2
2026-08-25 14:27:45,3677,26.2,97.2
2026-08-25 14:27:51,3680,26.2,97.2
2026-08-25 14:27:56,3681,26.2,97.2
2026-08-25 14:28:01,3679,26.2,97.2
2026-08-25 14:28:06,3678,26.2,97.2
2026-08-25 14:28:12,3681,26.2,97.2
2026-08-25 14:28:17,3684,26.2,97.2
2026-08-25 14:28:22,3686,26.2,97.2
2026-08-25 14:28:27,3689,26.2,97.2
2026-08-25 14:28:38,3687,26.2,97.2
2026-08-25 14:28:43,3688,26.2,97.1
2026-08-25 14:28:48,3689,26.2,97.1
2026-08-25 14:28:54,3694,26.2,97.1
2026-08-25 14:28:59,3692,26.2,97.2
2026-08-25 14:29:04,3690,26.2,97.2
2026-08-25 14:29:09,3691,26.2,97.2
2026-08-25 14:29:15,3690,26.2,97.1
2026-08-25 14:29:36,3688,26.2,97.2
2026-08-25 14:29:52,3690,26.2,97.1
2026-08-25 14:29:57,3691,26.2,97.1
2026-08-25 14:30:02,3693,26.2,97.1
2026-08-25 14:30:07,3697,26.2,97.1
2026-08-25 14:30:13,3696,26.2,97.1
2026-08-25 14:30:18,3697,26.2,97.1
2026-08-25 14:30:23,3694,26.2,97.1
2026-08-25 14:30:28,3693,26.2,97.1
2026-08-25 14:30:34,3692,26.2,97.1
2026-08-25 14:30:39,3693,26.2,97.1
2026-08-25 14:30:44,3691,26.2,97.1
2026-08-25 14:30:50,3693,26.2,97.1
2026-08-25 14:31:00,3692,26.2,97.1
2026-08-25 14:31:06,3690,26.2,97.1
2026-08-25 14:31:11,3689,26.2,97.1
2026-08-25 14:31:16,3687,26.2,97.1
2026-08-25 14:31:22,3686,26.2,97.1
2026-08-25 14:31:27,3688,26.2,97.1
2026-08-25 14:31:32,3692,26.2,97.1
2026-08-25 14:31:38,3691,26.2,97.1
2026-08-25 14:31:43,3690,26.2,97.1
2026-08-25 14:31:48,3691,26.2,97.1
2026-08-25 14:31:53,3693,26.2,97.1
2026-08-25 14:31:59,3699,26.2,97.1
2026-08-25 14:32:04,3697,26.2,97.1
2026-08-25 14:32:15,3696,26.2,97.1
2026-08-25 14:32:20,3698,26.2,97.1
2026-08-25 14:32:25,3700,26.2,97.1
2026-08-25 14:32:30,3701,26.2,97.1
2026-08-25 14:32:36,3700,26.2,97.1
2026-08-25 14:32:41,3701,26.2,97.0
2026-08-25 14:32:46,3705,26.2,97.1
2026-08-25 14:32:52,3706,26.2,97.1
2026-08-25 14:32:57,3708,26.2,97.1
2026-08-25 14:33:02,3712,26.2,97.0
2026-08-25 14:33:08,3714,26.2,97.1
2026-08-25 14:33:13,3718,26.2,97.0
2026-08-25 14:33:30,3720,26.2,97.0
2026-08-25 14:33:35,3718,26.2,97.0
2026-08-25 14:33:40,3719,26.2,97.0
2026-08-25 14:33:46,3720,26.2,97.0
2026-08-25 14:33:51,3719,26.3,97.1
2026-08-25 14:33:56,3722,26.3,97.0
2026-08-25 14:34:02,3720,26.2,97.1
2026-08-25 14:34:07,3719,26.2,97.1
2026-08-25 14:34:12,3725,26.2,97.1
2026-08-25 14:34:18,3726,26.2,97.0
2026-08-25 14:34:23,3729,26.2,97.1
2026-08-25 14:34:28,3731,26.2,97.1
2026-08-25 14:34:33,3730,26.2,97.1
2026-08-25 14:34:39,3732,26.2,97.0
2026-08-25 14:34:44,3733,26.2,97.1
2026-08-25 14:34:49,3736,26.2,97.1
2026-08-25 14:34:55,3735,26.2,97.1
2026-08-25 14:35:00,3736,26.3,97.1
2026-08-25 14:35:05,3735,26.2,97.1
2026-08-25 14:35:10,3738,26.3,97.0
2026-08-25 14:35:16,3734,26.2,97.1
2026-08-25 14:35:21,3735,26.3,97.1
2026-08-25 14:35:26,3739,26.3,97.1
2026-08-25 14:35:32,3735,26.2,97.1
2026-08-25 14:35:37,3737,26.3,97.1
2026-08-25 14:35:42,3738,26.2,97.1
2026-08-25 14:35:47,3739,26.2,97.1
2026-08-25 14:35:53,3740,26.2,97.1
2026-08-25 14:35:58,3739,26.2,97.1
2026-08-25 14:36:03,3740,26.2,97.1
2026-08-25 14:36:09,3742,26.3,97.1
2026-08-25 14:36:14,3744,26.3,97.1
2026-08-25 14:36:19,3746,26.3,97.1
2026-08-25 14:36:30,3748,26.3,97.1
2026-08-25 14:36:35,3749,26.3,97.1
2026-08-25 14:36:40,3754,26.3,97.1
2026-08-25 14:36:45,3757,26.3,97.1
2026-08-25 14:36:51,3758,26.3,97.1
2026-08-25 14:36:56,3759,26.3,97.1
2026-08-25 14:37:01,3761,26.3,97.1
2026-08-25 14:37:06,3760,26.3,97.1
2026-08-25 14:37:11,3761,26.2,97.1
2026-08-25 14:37:17,3763,26.3,97.0
2026-08-25 14:37:22,3766,26.3,97.1
2026-08-25 14:37:27,3767,26.3,97.1
2026-08-25 14:37:32,3772,26.3,97.0
2026-08-25 14:37:38,3776,26.3,97.1
2026-08-25 14:37:48,3779,26.3,97.1
2026-08-25 14:37:54,3778,26.3,97.1
2026-08-25 14:38:04,3780,26.3,97.1
2026-08-25 14:38:10,3781,26.3,97.1
2026-08-25 14:38:15,3783,26.3,97.1
2026-08-25 14:38:20,3785,26.3,97.1
2026-08-25 14:38:25,3788,26.3,97.1
2026-08-25 14:38:31,3789,26.3,97.1
2026-08-25 14:38:36,3793,26.3,97.1
2026-08-25 14:38:41,3792,26.3,97.1
2026-08-25 14:38:47,3794,26.3,97.1
2026-08-25 14:38:52,3797,26.3,97.1
2026-08-25 14:38:57,3801,26.3,97.1
2026-08-25 14:39:09,3808,26.3,97.1
2026-08-25 14:39:14,3806,26.3,97.1
2026-08-25 14:39:25,3809,26.3,97.1
2026-08-25 14:39:30,3808,26.3,97.1
2026-08-25 14:39:35,3811,26.3,97.1
2026-08-25 14:39:41,3814,26.3,97.1
2026-08-25 14:39:46,3816,26.3,97.1
2026-08-25 14:39:51,3818,26.3,97.0
2026-08-25 14:39:57,3821,26.3,97.1
2026-08-25 14:40:02,3824,26.3,97.1
2026-08-25 14:40:12,3823,26.3,97.1
2026-08-25 14:40:18,3824,26.3,97.0
2026-08-25 14:40:23,3825,26.3,97.1
2026-08-25 14:40:28,3828,26.3,97.1
2026-08-25 14:40:34,3831,26.3,97.1
2026-08-25 14:40:39,3832,26.3,97.1
2026-08-25 14:40:50,3834,26.3,97.1
2026-08-25 14:41:01,3835,26.3,97.0
2026-08-25 14:41:11,3831,26.3,97.0
2026-08-25 14:41:16,3829,26.3,97.0
2026-08-25 14:41:27,3830,26.3,97.0
2026-08-25 14:41:32,3831,26.3,97.0
2026-08-25 14:41:37,3832,26.3,97.0
2026-08-25 14:41:43,3835,26.3,97.0
2026-08-25 14:41:48,3834,26.3,97.0
2026-08-25 14:41:53,3833,26.3,97.1
2026-08-25 14:41:58,3838,26.3,97.1
2026-08-25 14:42:04,3840,26.3,97.1
2026-08-25 14:42:09,3843,26.3,97.1
2026-08-25 14:42:15,3845,26.3,97.1
2026-08-25 14:42:20,3850,26.3,97.1
2026-08-25 14:42:25,3851,26.3,97.1
2026-08-25 14:42:30,3854,26.3,97.0
2026-08-25 14:42:36,3855,26.3,97.0
2026-08-25 14:42:46,3853,26.3,97.0
2026-08-25 14:42:52,3856,26.3,97.0
2026-08-25 14:42:57,3854,26.3,97.0
2026-08-25 14:43:02,3853,26.3,97.0
2026-08-25 14:43:08,3851,26.3,96.9
2026-08-25 14:43:13,3848,26.3,96.9
2026-08-25 14:43:18,3850,26.3,96.9
2026-08-25 14:43:29,3852,26.3,96.9
2026-08-25 14:43:34,3853,26.4,96.9
2026-08-25 14:43:39,3855,26.3,97.0
2026-08-25 14:43:45,3859,26.3,96.9
2026-08-25 14:43:50,3858,26.3,96.9
2026-08-25 14:43:55,3859,26.3,96.9
2026-08-25 14:44:06,3860,26.3,96.9
2026-08-25 14:44:16,3862,26.4,96.9
2026-08-25 14:44:21,3865,26.3,96.9
2026-08-25 14:44:26,3870,26.4,96.9
2026-08-25 14:44:32,3868,26.4,96.9
2026-08-25 14:44:37,3867,26.3,96.9
2026-08-25 14:44:42,3865,26.3,96.9
2026-08-25 14:44:53,3866,26.3,96.9
2026-08-25 14:44:58,3867,26.3,96.9
2026-08-25 14:45:03,3869,26.4,96.9
2026-08-25 14:45:08,3871,26.4,96.9
2026-08-25 14:45:14,3868,26.4,96.9
2026-08-25 14:45:19,3871,26.3,96.9
2026-08-25 14:45:35,3872,26.4,96.9
2026-08-25 14:45:40,3877,26.3,96.9
2026-08-25 14:45:46,3878,26.4,96.9
2026-08-25 14:45:51,3880,26.4,96.9
2026-08-25 14:45:56,3881,26.3,96.9
2026-08-25 14:46:01,3879,26.3,96.9
2026-08-25 14:46:06,3877,26.4,96.9
2026-08-25 14:46:12,3879,26.4,96.9
2026-08-25 14:46:17,3880,26.3,96.9
2026-08-25 14:46:22,3876,26.4,96.9
2026-08-25 14:46:28,3877,26.3,96.9
2026-08-25 14:46:33,3876,26.4,96.9
2026-08-25 14:46:43,3878,26.4,96.9
2026-08-25 14:46:49,3879,26.4,96.9
2026-08-25 14:46:54,3882,26.4,96.9
2026-08-25 14:46:59,3879,26.4,96.9
2026-08-25 14:47:04,3878,26.4,96.9
2026-08-25 14:47:10,3876,26.4,96.9
2026-08-25 14:47:20,3880,26.4,96.9
2026-08-25 14:47:26,3881,26.4,96.9
2026-08-25 14:47:31,3883,26.4,96.9
2026-08-25 14:47:36,3882,26.4,96.9
2026-08-25 14:47:42,3884,26.4,97.0
2026-08-25 14:47:47,3885,26.4,97.0
2026-08-25 14:47:52,3886,26.4,97.0
2026-08-25 14:47:57,3887,26.4,97.0
2026-08-25 14:48:02,3888,26.4,97.0
2026-08-25 14:48:13,3887,26.3,96.9
2026-08-25 14:48:18,3891,26.4,97.0
2026-08-25 14:48:23,3889,26.4,97.0
2026-08-25 14:48:29,3890,26.4,96.9
2026-08-25 14:48:34,3891,26.4,96.9
2026-08-25 14:48:39,3892,26.4,97.0
2026-08-25 14:48:44,3890,26.4,97.0
2026-08-25 14:48:50,3891,26.4,97.0
2026-08-25 14:48:55,3890,26.4,97.0
2026-08-25 14:49:00,3888,26.4,97.0
2026-08-25 14:49:05,3889,26.4,97.0
2026-08-25 14:49:11,3890,26.4,97.0
2026-08-25 14:49:16,3889,26.4,97.0
2026-08-25 14:49:21,3890,26.4,97.0
2026-08-25 14:49:26,3891,26.4,97.0
2026-08-25 14:49:32,3893,26.4,97.0
2026-08-25 14:49:37,3894,26.4,97.1
2026-08-25 14:49:42,3893,26.4,97.0
2026-08-25 14:49:48,3895,26.4,97.0
2026-08-25 14:49:53,3897,26.4,97.0
2026-08-25 14:49:58,3902,26.4,97.0
2026-08-25 14:50:03,3903,26.4,97.0
2026-08-25 14:50:09,3905,26.3,97.0
2026-08-25 14:50:14,3902,26.4,97.0
2026-08-25 14:50:19,3907,26.4,97.1
2026-08-25 14:50:24,3910,26.4,97.1
2026-08-25 14:50:30,3912,26.4,97.0
2026-08-25 14:50:35,3911,26.4,97.1
2026-08-25 14:50:40,3913,26.4,97.0
2026-08-25 14:50:46,3911,26.4,97.1
2026-08-25 14:50:51,3912,26.4,97.1
2026-08-25 14:50:56,3914,26.4,97.1
2026-08-25 14:51:01,3911,26.4,97.1
2026-08-25 14:51:07,3912,26.4,97.1
2026-08-25 14:51:12,3911,26.4,97.1
2026-08-25 14:51:17,3913,26.4,97.1
2026-08-25 14:51:23,3915,26.4,97.1
2026-08-25 14:51:28,3918,26.4,97.1
2026-08-25 14:51:33,3921,26.4,97.1
2026-08-25 14:51:38,3923,26.4,97.1
2026-08-25 14:51:44,3924,26.4,97.1
2026-08-25 14:51:49,3927,26.4,97.1
2026-08-25 14:51:54,3929,26.4,97.1
2026-08-25 14:52:00,3934,26.4,97.1
2026-08-25 14:52:05,3933,26.4,97.1
2026-08-25 14:52:10,3938,26.4,97.1
2026-08-25 14:52:16,3937,26.4,97.1
2026-08-25 14:52:21,3938,26.4,97.1
2026-08-25 14:52:26,3939,26.4,97.1
2026-08-25 14:52:31,3938,26.4,97.1
2026-08-25 14:52:37,3939,26.4,97.1
2026-08-25 14:52:47,3942,26.4,97.1
2026-08-25 14:52:52,3943,26.4,97.1
2026-08-25 14:52:58,3944,26.4,97.1
2026-08-25 14:53:08,3945,26.4,97.1
2026-08-25 14:53:19,3949,26.4,97.1
2026-08-25 14:53:24,3950,26.4,97.1
2026-08-25 14:53:29,3948,26.4,97.1
2026-08-25 14:53:34,3950,26.4,97.1
2026-08-25 14:53:40,3952,26.4,97.1
2026-08-25 14:53:50,3953,26.4,97.1
2026-08-25 14:54:02,3955,26.4,97.1
2026-08-25 14:54:07,3954,26.4,97.1
2026-08-25 14:54:13,3957,26.4,97.1
2026-08-25 14:54:23,3958,26.4,97.1
2026-08-25 14:54:28,3961,26.4,97.1
2026-08-25 14:54:39,3965,26.4,97.1
2026-08-25 14:54:44,3963,26.4,97.1
2026-08-25 14:54:55,3962,26.4,97.1
2026-08-25 14:55:00,3963,26.4,97.1
2026-08-25 14:55:05,3965,26.4,97.1
2026-08-25 14:55:10,3964,26.4,97.1
2026-08-25 14:55:23,3967,26.4,97.1
2026-08-25 14:55:28,3968,26.4,97.1
2026-08-25 14:55:33,3966,26.4,97.1
2026-08-25 14:55:39,3967,26.4,97.1
2026-08-25 14:55:44,3966,26.4,97.1
2026-08-25 14:55:49,3967,26.4,97.1
2026-08-25 14:55:54,3968,26.4,97.1
2026-08-25 14:56:00,3969,26.4,97.1
2026-08-25 14:56:05,3970,26.4,97.1
2026-08-25 14:56:10,3969,26.4,97.1
2026-08-25 14:56:21,3966,26.4,97.1
2026-08-25 14:56:26,3965,26.4,97.1
2026-08-25 14:56:31,3964,26.4,97.1
2026-08-25 14:56:36,3963,26.4,97.1
2026-08-25 14:56:42,3957,26.4,97.1
2026-08-25 14:56:47,3953,26.4,97.1
2026-08-25 14:56:52,3956,26.4,97.1
2026-08-25 14:57:03,3951,26.4,97.1
2026-08-25 14:57:08,3950,26.4,97.1
2026-08-25 14:57:13,3948,26.4,97.1
2026-08-25 14:57:29,3951,26.4,97.1
2026-08-25 14:57:34,3952,26.4,97.1
2026-08-25 14:57:39,3953,26.4,97.1
2026-08-25 14:57:45,3952,26.4,97.1
2026-08-25 14:57:50,3955,26.4,97.1
2026-08-25 14:57:55,3953,26.4,97.1
2026-08-25 14:58:00,3952,26.4,97.1
2026-08-25 14:58:06,3953,26.4,97.1
2026-08-25 14:58:11,3952,26.4,97.1
2026-08-25 14:58:16,3954,26.4,97.1
2026-08-25 14:58:22,3951,26.4,97.1
2026-08-25 14:58:27,3949,26.4,97.1
2026-08-25 14:58:37,3945,26.4,97.1
2026-08-25 14:58:43,3947,26.4,97.1
2026-08-25 14:58:48,3949,26.4,97.1
2026-08-25 14:58:53,3946,26.4,97.1
2026-08-25 14:59:04,3945,26.4,97.1
2026-08-25 14:59:09,3940,26.4,97.1
2026-08-25 14:59:14,3939,26.4,97.1
2026-08-25 14:59:19,3937,26.4,97.1
2026-08-25 14:59:24,3938,26.4,97.1
2026-08-25 14:59:30,3937,26.4,97.1
2026-08-25 14:59:35,3939,26.4,97.1
2026-08-25 14:59:45,3935,26.4,97.1
2026-08-25 14:59:51,3931,26.4,97.1
2026-08-25 15:00:06,3930,26.4,97.0
2026-08-25 15:00:12,3929,26.4,97.0
2026-08-25 15:00:22,3927,26.4,97.0
2026-08-25 15:00:27,3923,26.4,97.0
2026-08-25 15:00:33,3926,26.4,97.0
2026-08-25 15:00:38,3924,26.4,97.0
2026-08-25 15:00:43,3926,26.4,97.0
2026-08-25 15:00:48,3925,26.4,97.0
2026-08-25 15:00:59,3921,26.4,97.1
2026-08-25 15:01:15,3917,26.4,97.0
2026-08-25 15:01:25,3918,26.4,97.0
2026-08-25 15:01:30,3915,26.4,97.0
2026-08-25 15:01:36,3918,26.4,97.0
2026-08-25 15:01:46,3916,26.4,97.0
2026-08-25 15:01:52,3913,26.4,97.0
2026-08-25 15:01:57,3916,26.4,97.0
2026-08-25 15:02:07,3915,26.4,97.0
2026-08-25 15:02:18,3911,26.4,97.0
2026-08-25 15:02:23,3908,26.4,97.0
2026-08-25 15:02:29,3909,26.4,96.9
2026-08-25 15:02:50,3910,26.4,96.9
2026-08-25 15:02:55,3906,26.4,96.9
2026-08-25 15:03:00,3903,26.4,96.9
2026-08-25 15:03:05,3904,26.4,96.9
2026-08-25 15:03:10,3901,26.4,96.9
2026-08-25 15:03:16,3899,26.4,96.9
2026-08-25 15:03:21,3898,26.4,96.9
2026-08-25 15:03:26,3897,26.4,96.9
2026-08-25 15:03:32,3894,26.4,96.9
2026-08-25 15:03:37,3892,26.4,96.9
2026-08-25 15:03:42,3890,26.4,96.9
2026-08-25 15:03:48,3889,26.4,96.9
2026-08-25 15:03:53,3891,26.4,96.9
2026-08-25 15:03:58,3892,26.4,96.9
2026-08-25 15:04:03,3891,26.4,96.9
2026-08-25 15:04:09,3892,26.4,96.9
2026-08-25 15:04:19,3891,26.4,96.9
2026-08-25 15:04:24,3888,26.4,96.9
2026-08-25 15:04:29,3887,26.4,96.9
2026-08-25 15:04:35,3886,26.4,96.9
2026-08-25 15:04:45,3882,26.4,96.8
2026-08-25 15:04:51,3883,26.4,96.9
2026-08-25 15:04:56,3879,26.4,96.8
2026-08-25 15:05:01,3877,26.4,96.9
2026-08-25 15:05:06,3874,26.4,96.8
2026-08-25 15:05:12,3873,26.4,96.8
2026-08-25 15:05:17,3874,26.4,96.8
2026-08-25 15:05:22,3872,26.4,96.8
2026-08-25 15:05:27,3873,26.4,96.8
2026-08-25 15:05:33,3874,26.4,96.8
2026-08-25 15:05:38,3875,26.4,96.8
2026-08-25 15:05:43,3874,26.4,96.8
2026-08-25 15:05:49,3872,26.4,96.8
2026-08-25 15:05:54,3871,26.4,96.8
2026-08-25 15:05:59,3867,26.4,96.8
2026-08-25 15:06:10,3863,26.4,96.8
2026-08-25 15:06:15,3864,26.4,96.8
2026-08-25 15:06:20,3861,26.4,96.7
2026-08-25 15:06:25,3860,26.4,96.7
2026-08-25 15:06:36,3859,26.4,96.7
2026-08-25 15:06:41,3858,26.4,96.8
2026-08-25 15:06:46,3856,26.4,96.7
2026-08-25 15:06:52,3854,26.4,96.7
2026-08-25 15:06:57,3855,26.4,96.8
2026-08-25 15:07:08,3851,26.4,96.7
2026-08-25 15:07:13,3850,26.4,96.7
2026-08-25 15:07:18,3846,26.4,96.7
2026-08-25 15:07:29,3842,26.4,96.7
2026-08-25 15:07:34,3844,26.4,96.7
2026-08-25 15:07:39,3843,26.4,96.7
2026-08-25 15:07:44,3840,26.4,96.7
2026-08-25 15:07:50,3839,26.4,96.7
2026-08-25 15:08:00,3838,26.4,96.7
2026-08-25 15:08:11,3835,26.4,96.7
2026-08-25 15:08:16,3833,26.4,96.7
2026-08-25 15:08:21,3835,26.4,96.7
2026-08-25 15:08:26,3838,26.4,96.8
2026-08-25 15:08:32,3836,26.4,96.7
2026-08-25 15:08:37,3834,26.4,96.8
2026-08-25 15:08:43,3838,26.4,96.8
2026-08-25 15:08:48,3839,26.4,96.8
2026-08-25 15:08:53,3840,26.4,96.8
2026-08-25 15:08:58,3836,26.4,96.8
2026-08-25 15:09:04,3831,26.4,96.8
2026-08-25 15:09:09,3839,26.4,96.8
2026-08-25 15:09:19,3838,26.4,96.8
2026-08-25 15:09:24,3845,26.4,96.8
2026-08-25 15:09:40,3848,26.4,96.8
2026-08-25 15:09:45,3852,26.4,96.9
2026-08-25 15:09:56,3850,26.4,96.9
2026-08-25 15:10:01,3851,26.4,96.9
2026-08-25 15:10:14,3858,26.4,96.9
2026-08-25 15:10:19,3860,26.4,97.0
2026-08-25 15:10:24,3861,26.4,97.0
2026-08-25 15:10:30,3862,26.4,96.9
2026-08-25 15:10:45,3865,26.4,96.8
2026-08-25 15:10:51,3866,26.4,96.9
2026-08-25 15:10:56,3865,26.4,96.8
2026-08-25 15:11:01,3866,26.4,96.9
2026-08-25 15:11:06,3863,26.4,96.8
2026-08-25 15:11:12,3864,26.4,96.8
2026-08-25 15:11:17,3866,26.4,96.8
2026-08-25 15:11:22,3865,26.4,96.8
2026-08-25 15:11:33,3864,26.4,96.8
2026-08-25 15:11:49,3862,26.4,96.8
2026-08-25 15:11:54,3857,26.4,96.8
2026-08-25 15:11:59,3858,26.4,96.8
2026-08-25 15:12:10,3857,26.4,96.8
2026-08-25 15:12:20,3855,26.4,96.8
2026-08-25 15:12:25,3852,26.4,96.8
2026-08-25 15:12:31,3848,26.4,96.8
2026-08-25 15:12:41,3842,26.4,96.8
2026-08-25 15:12:46,3841,26.4,96.8
2026-08-25 15:12:52,3840,26.4,96.8
2026-08-25 15:12:57,3845,26.4,96.8
2026-08-25 15:13:02,3844,26.4,96.8
2026-08-25 15:13:08,3843,26.4,96.8
2026-08-25 15:13:13,3845,26.4,96.8
2026-08-25 15:13:18,3842,26.4,96.8
2026-08-25 15:13:34,3838,26.4,96.7
2026-08-25 15:13:45,3837,26.4,96.7
2026-08-25 15:13:50,3831,26.4,96.7
2026-08-25 15:13:55,3830,26.4,96.7
2026-08-25 15:14:00,3827,26.4,96.7
2026-08-25 15:14:11,3826,26.4,96.8
2026-08-25 15:14:16,3827,26.4,96.8
2026-08-25 15:14:21,3830,26.4,96.7
2026-08-25 15:14:27,3828,26.4,96.7
2026-08-25 15:14:37,3829,26.4,96.8
2026-08-25 15:14:42,3827,26.4,96.7
2026-08-25 15:14:47,3828,26.4,96.8
2026-08-25 15:14:53,3823,26.4,96.7
2026-08-25 15:14:58,3822,26.4,96.7
2026-08-25 15:15:03,3821,26.4,96.8
2026-08-25 15:15:09,3818,26.4,96.8
2026-08-25 15:15:14,3821,26.4,96.8
2026-08-25 15:15:19,3826,26.4,96.8
2026-08-25 15:15:25,3828,26.4,96.7
2026-08-25 15:15:30,3825,26.4,96.7
2026-08-25 15:15:35,3824,26.4,96.7
2026-08-25 15:15:40,3821,26.4,96.8
2026-08-25 15:15:46,3819,26.4,96.7
2026-08-25 15:15:51,3816,26.4,96.7
2026-08-25 15:15:56,3818,26.4,96.7
2026-08-25 15:16:07,3817,26.4,96.7
2026-08-25 15:16:12,3815,26.4,96.7
2026-08-25 15:16:17,3813,26.4,96.7
2026-08-25 15:16:22,3812,26.4,96.7
2026-08-25 15:16:33,3813,26.4,96.7
2026-08-25 15:16:38,3809,26.4,96.7
2026-08-25 15:16:54,3814,26.4,96.7
2026-08-25 15:17:00,3813,26.4,96.7
2026-08-25 15:17:05,3814,26.4,96.7
2026-08-25 15:17:10,3813,26.4,96.7
2026-08-25 15:17:15,3814,26.4,96.7
2026-08-25 15:17:20,3815,26.4,96.7
2026-08-25 15:17:31,3813,26.4,96.7
2026-08-25 15:17:36,3814,26.4,96.7
2026-08-25 15:17:41,3812,26.4,96.7
2026-08-25 15:17:47,3814,26.4,96.7
2026-08-25 15:17:57,3816,26.4,96.7
2026-08-25 15:18:02,3812,26.4,96.7
2026-08-25 15:18:08,3810,26.4,96.7
2026-08-25 15:18:13,3814,26.4,96.7
2026-08-25 15:18:18,3812,26.4,96.7
2026-08-25 15:18:24,3813,26.4,96.7
2026-08-25 15:18:29,3812,26.4,96.7
2026-08-25 15:18:34,3808,26.4,96.7
2026-08-25 15:18:40,3811,26.4,96.7
2026-08-25 15:18:55,3809,26.4,96.7
2026-08-25 15:19:11,3810,26.4,96.7
2026-08-25 15:19:16,3809,26.4,96.7
2026-08-25 15:19:22,3811,26.4,96.7
2026-08-25 15:19:27,3813,26.4,96.7
2026-08-25 15:19:32,3815,26.4,96.7
2026-08-25 15:19:37,3816,26.4,96.7
2026-08-25 15:19:43,3815,26.4,96.7
2026-08-25 15:19:48,3814,26.4,96.7
2026-08-25 15:19:53,3811,26.4,96.7
2026-08-25 15:19:58,3809,26.4,96.7
2026-08-25 15:20:04,3811,26.4,96.7
2026-08-25 15:20:09,3810,26.4,96.7
2026-08-25 15:20:14,3808,26.4,96.7
2026-08-25 15:20:20,3806,26.4,96.7
2026-08-25 15:20:25,3804,26.4,96.6
2026-08-25 15:20:30,3806,26.4,96.7
2026-08-25 15:20:41,3802,26.4,96.7
2026-08-25 15:20:46,3800,26.4,96.6
2026-08-25 15:20:51,3799,26.4,96.6
2026-08-25 15:20:56,3802,26.4,96.7
2026-08-25 15:21:02,3803,26.4,96.6
2026-08-25 15:21:07,3802,26.4,96.7
2026-08-25 15:21:12,3800,26.4,96.6
2026-08-25 15:21:23,3801,26.4,96.6
2026-08-25 15:21:28,3800,26.4,96.6
2026-08-25 15:21:33,3797,26.4,96.6
2026-08-25 15:21:38,3796,26.4,96.6
2026-08-25 15:21:44,3794,26.4,96.6
2026-08-25 15:21:49,3793,26.4,96.6
2026-08-25 15:21:54,3795,26.4,96.7
2026-08-25 15:22:00,3794,26.4,96.7
2026-08-25 15:22:06,3795,26.4,96.7
2026-08-25 15:22:17,3796,26.4,96.7
2026-08-25 15:22:27,3799,26.4,96.6
2026-08-25 15:22:38,3798,26.4,96.6
2026-08-25 15:22:43,3796,26.4,96.7
2026-08-25 15:22:59,3794,26.4,96.6
2026-08-25 15:23:15,3793,26.4,96.6
2026-08-25 15:23:20,3792,26.4,96.6
2026-08-25 15:23:25,3793,26.4,96.7
2026-08-25 15:23:36,3789,26.4,96.7
2026-08-25 15:23:41,3786,26.4,96.6
2026-08-25 15:23:46,3785,26.4,96.6
2026-08-25 15:23:51,3786,26.4,96.6
2026-08-25 15:23:57,3787,26.4,96.6
2026-08-25 15:24:02,3788,26.4,96.6
2026-08-25 15:24:18,3786,26.4,96.6
2026-08-25 15:24:23,3785,26.4,96.6
2026-08-25 15:24:28,3784,26.4,96.7
2026-08-25 15:24:34,3786,26.4,96.6
2026-08-25 15:24:49,3791,26.4,96.6
2026-08-25 15:24:55,3789,26.4,96.6
2026-08-25 15:25:06,3788,26.4,96.6
2026-08-25 15:25:11,3789,26.4,96.6
2026-08-25 15:25:16,3790,26.4,96.6
2026-08-25 15:25:21,3789,26.4,96.6
2026-08-25 15:25:27,3788,26.4,96.7
2026-08-25 15:25:32,3790,26.4,96.6
2026-08-25 15:25:37,3791,26.4,96.6
2026-08-25 15:25:42,3793,26.4,96.6
2026-08-25 15:25:48,3798,26.4,96.6
2026-08-25 15:25:53,3797,26.5,96.6
2026-08-25 15:25:58,3800,26.5,96.6
2026-08-25 15:26:03,3802,26.4,96.6
2026-08-25 15:26:09,3800,26.4,96.6
2026-08-25 15:26:14,3801,26.4,96.6
2026-08-25 15:26:19,3800,26.4,96.6
2026-08-25 15:26:24,3801,26.4,96.6
2026-08-25 15:26:30,3804,26.4,96.6
2026-08-25 15:26:35,3809,26.5,96.6
2026-08-25 15:26:40,3808,26.5,96.6
2026-08-25 15:26:56,3809,26.5,96.6
2026-08-25 15:27:01,3808,26.4,96.6
2026-08-25 15:27:07,3809,26.5,96.6
2026-08-25 15:27:12,3812,26.4,96.6
2026-08-25 15:27:17,3813,26.4,96.6
2026-08-25 15:27:22,3815,26.5,96.6
2026-08-25 15:27:28,3814,26.4,96.6
2026-08-25 15:27:33,3815,26.5,96.6
2026-08-25 15:27:38,3812,26.4,96.6
2026-08-25 15:27:43,3814,26.5,96.6
2026-08-25 15:27:49,3812,26.4,96.6
2026-08-25 15:27:54,3813,26.5,96.6
2026-08-25 15:27:59,3812,26.5,96.6
2026-08-25 15:28:04,3811,26.5,96.6
2026-08-25 15:28:09,3812,26.5,96.6
2026-08-25 15:28:15,3811,26.5,96.6
2026-08-25 15:28:20,3812,26.5,96.6
2026-08-25 15:28:31,3814,26.5,96.6
2026-08-25 15:28:36,3812,26.5,96.6
2026-08-25 15:28:41,3813,26.5,96.6
2026-08-25 15:28:46,3816,26.5,96.5
2026-08-25 15:28:57,3815,26.5,96.6
2026-08-25 15:29:02,3814,26.5,96.6
2026-08-25 15:29:07,3813,26.5,96.6
2026-08-25 15:29:13,3815,26.5,96.6
2026-08-25 15:29:18,3813,26.5,96.5
2026-08-25 15:29:23,3816,26.5,96.6
2026-08-25 15:29:29,3817,26.5,96.6
2026-08-25 15:29:34,3818,26.5,96.5
2026-08-25 15:29:39,3820,26.5,96.5
2026-08-25 15:29:50,3821,26.5,96.6
2026-08-25 15:29:55,3818,26.5,96.5
2026-08-25 15:30:01,3825,26.5,96.5
2026-08-25 15:30:06,3823,26.5,96.6
2026-08-25 15:30:11,3820,26.5,96.5
2026-08-25 15:30:21,3824,26.5,96.6
2026-08-25 15:30:32,3817,26.5,96.6
2026-08-25 15:30:37,3815,26.5,96.5
2026-08-25 15:30:48,3816,26.5,96.5
2026-08-25 15:30:53,3813,26.5,96.6
2026-08-25 15:30:58,3810,26.5,96.5
2026-08-25 15:31:04,3807,26.5,96.6
2026-08-25 15:31:09,3808,26.5,96.5
2026-08-25 15:31:19,3810,26.5,96.5
2026-08-25 15:31:30,3813,26.5,96.5
2026-08-25 15:31:35,3815,26.5,96.5
2026-08-25 15:31:41,3818,26.5,96.5
2026-08-25 15:31:46,3820,26.5,96.5
2026-08-25 15:31:51,3824,26.5,96.5
2026-08-25 15:31:57,3825,26.5,96.5
2026-08-25 15:32:02,3827,26.5,96.5
2026-08-25 15:32:07,3830,26.5,96.5
2026-08-25 15:32:12,3832,26.5,96.5
2026-08-25 15:32:23,3837,26.5,96.5
2026-08-25 15:32:28,3835,26.5,96.5
2026-08-25 15:32:34,3837,26.5,96.5
2026-08-25 15:32:39,3836,26.5,96.5
2026-08-25 15:32:55,3837,26.5,96.5
2026-08-25 15:33:00,3838,26.5,96.5
2026-08-25 15:33:05,3839,26.5,96.5
2026-08-25 15:33:10,3840,26.5,96.5
2026-08-25 15:33:16,3841,26.5,96.5
2026-08-25 15:33:21,3838,26.6,96.5
2026-08-25 15:33:32,3839,26.6,96.5
2026-08-25 15:33:37,3840,26.6,96.5
2026-08-25 15:33:42,3843,26.5,96.4
2026-08-25 15:33:47,3847,26.6,96.4
2026-08-25 15:33:53,3849,26.6,96.4
2026-08-25 15:34:03,3847,26.6,96.4
2026-08-25 15:34:09,3850,26.6,96.4
2026-08-25 15:34:19,3847,26.6,96.4
2026-08-25 15:34:24,3848,26.5,96.4
2026-08-25 15:34:35,3846,26.6,96.4
2026-08-25 15:34:40,3842,26.6,96.4
2026-08-25 15:34:45,3844,26.6,96.4
2026-08-25 15:34:51,3843,26.6,96.4
2026-08-25 15:34:56,3841,26.6,96.4
2026-08-25 15:35:01,3842,26.6,96.4
2026-08-25 15:35:07,3838,26.6,96.4
2026-08-25 15:35:12,3835,26.6,96.4
2026-08-25 15:35:17,3833,26.6,96.4
2026-08-25 15:35:22,3834,26.6,96.4
2026-08-25 15:35:28,3835,26.6,96.4
2026-08-25 15:35:33,3833,26.6,96.4
2026-08-25 15:35:43,3834,26.6,96.4
2026-08-25 15:35:49,3837,26.6,96.4
2026-08-25 15:35:54,3838,26.6,96.4
2026-08-25 15:36:10,3840,26.6,96.4
2026-08-25 15:36:15,3838,26.6,96.4
2026-08-25 15:36:20,3837,26.6,96.4
2026-08-25 15:36:31,3838,26.6,96.3
2026-08-25 15:36:36,3839,26.6,96.3
2026-08-25 15:36:47,3838,26.6,96.3
2026-08-25 15:36:57,3834,26.6,96.3
2026-08-25 15:37:09,3832,26.6,96.3
2026-08-25 15:37:19,3830,26.6,96.3
2026-08-25 15:37:30,3826,26.6,96.3
2026-08-25 15:37:40,3827,26.6,96.3
2026-08-25 15:37:45,3826,26.6,96.3
2026-08-25 15:37:56,3827,26.6,96.3
2026-08-25 15:38:01,3826,26.6,96.3
2026-08-25 15:38:07,3829,26.6,96.3
2026-08-25 15:38:12,3828,26.6,96.3
2026-08-25 15:38:17,3827,26.6,96.3
2026-08-25 15:38:23,3825,26.6,96.3
2026-08-25 15:38:28,3824,26.6,96.3
2026-08-25 15:38:33,3820,26.6,96.3
2026-08-25 15:38:38,3819,26.6,96.3
2026-08-25 15:38:44,3820,26.6,96.3
2026-08-25 15:38:49,3822,26.6,96.3
2026-08-25 15:38:54,3824,26.6,96.3
2026-08-25 15:38:59,3822,26.6,96.3
2026-08-25 15:39:05,3821,26.6,96.3
2026-08-25 15:39:15,3818,26.6,96.3
2026-08-25 15:39:20,3817,26.6,96.4
2026-08-25 15:39:31,3816,26.6,96.4
2026-08-25 15:39:36,3815,26.6,96.4
2026-08-25 15:39:42,3809,26.6,96.4
2026-08-25 15:39:52,3811,26.6,96.4
2026-08-25 15:39:58,3813,26.6,96.4
2026-08-25 15:40:08,3814,26.6,96.4
2026-08-25 15:40:19,3815,26.6,96.4
2026-08-25 15:40:25,3819,26.6,96.4
2026-08-25 15:40:30,3817,26.6,96.4
2026-08-25 15:40:36,3819,26.6,96.4
2026-08-25 15:40:41,3821,26.6,96.4
2026-08-25 15:40:46,3822,26.6,96.4
2026-08-25 15:40:52,3821,26.6,96.4
2026-08-25 15:40:59,3823,26.6,96.4
2026-08-25 15:41:10,3825,26.6,96.4
2026-08-25 15:41:15,3828,26.6,96.4
2026-08-25 15:41:21,3829,26.6,96.4
2026-08-25 15:41:31,3828,26.6,96.4
2026-08-25 15:41:36,3827,26.6,96.4
2026-08-25 15:41:42,3829,26.6,96.4
2026-08-25 15:41:58,3832,26.6,96.4
2026-08-25 15:42:03,3830,26.6,96.4
2026-08-25 15:42:09,3829,26.6,96.4
2026-08-25 15:42:19,3828,26.6,96.4
2026-08-25 15:42:25,3829,26.6,96.4
2026-08-25 15:42:30,3828,26.6,96.4
2026-08-25 15:42:35,3826,26.6,96.4
2026-08-25 15:42:40,3827,26.6,96.4
2026-08-25 15:42:46,3829,26.6,96.4
2026-08-25 15:42:51,3833,26.6,96.4
2026-08-25 15:42:56,3832,26.6,96.5
2026-08-25 15:43:01,3830,26.6,96.4
2026-08-25 15:43:07,3833,26.6,96.4
2026-08-25 15:43:12,3832,26.6,96.4
2026-08-25 15:43:23,3829,26.6,96.4
2026-08-25 15:43:28,3832,26.6,96.4
2026-08-25 15:43:33,3831,26.6,96.5
2026-08-25 15:43:40,3833,26.6,96.4
2026-08-25 15:43:46,3831,26.6,96.5
2026-08-25 15:43:51,3829,26.6,96.5
2026-08-25 15:43:56,3830,26.6,96.4
2026-08-25 15:44:01,3832,26.6,96.4
2026-08-25 15:44:17,3831,26.6,96.5
2026-08-25 15:44:28,3829,26.6,96.4
2026-08-25 15:44:33,3832,26.6,96.4
2026-08-25 15:44:38,3831,26.6,96.4
2026-08-25 15:44:44,3832,26.6,96.4
2026-08-25 15:44:49,3833,26.6,96.4
2026-08-25 15:44:54,3830,26.6,96.4
2026-08-25 15:45:12,3835,26.6,96.4
2026-08-25 15:45:17,3834,26.7,96.4
2026-08-25 15:45:23,3836,26.6,96.4
2026-08-25 15:45:28,3838,26.6,96.4
2026-08-25 15:45:33,3837,26.6,96.4
2026-08-25 15:45:39,3840,26.6,96.4
2026-08-25 15:45:44,3839,26.7,96.4
2026-08-25 15:45:49,3838,26.6,96.4
2026-08-25 15:45:54,3836,26.6,96.4
2026-08-25 15:45:59,3835,26.7,96.4
2026-08-25 15:46:05,3837,26.6,96.4
2026-08-25 15:46:10,3839,26.7,96.4
2026-08-25 15:46:15,3840,26.6,96.4
2026-08-25 15:46:20,3843,26.7,96.4
2026-08-25 15:46:26,3844,26.7,96.4
2026-08-25 15:46:36,3846,26.7,96.4
2026-08-25 15:46:42,3847,26.6,96.4
2026-08-25 15:46:47,3851,26.7,96.4
2026-08-25 15:46:57,3849,26.7,96.4
2026-08-25 15:47:02,3847,26.6,96.3
2026-08-25 15:47:08,3844,26.7,96.4
2026-08-25 15:47:13,3846,26.7,96.4
2026-08-25 15:47:18,3845,26.7,96.3
2026-08-25 15:47:24,3843,26.7,96.4
2026-08-25 15:47:29,3844,26.7,96.3
2026-08-25 15:48:01,3845,26.7,96.4
2026-08-25 15:48:06,3846,26.7,96.3
2026-08-25 15:48:11,3845,26.7,96.4
2026-08-25 15:48:16,3844,26.6,96.4
2026-08-25 15:48:22,3843,26.7,96.4
2026-08-25 15:48:27,3844,26.7,96.3
2026-08-25 15:48:32,3841,26.7,96.4
2026-08-25 15:48:43,3839,26.7,96.3
2026-08-25 15:48:54,3840,26.7,96.4
2026-08-25 15:48:59,3842,26.7,96.4
2026-08-25 15:49:05,3843,26.7,96.4
2026-08-25 15:49:10,3842,26.7,96.4
2026-08-25 15:49:15,3840,26.7,96.4
2026-08-25 15:49:20,3841,26.7,96.4
2026-08-25 15:49:36,3840,26.6,96.4
2026-08-25 15:49:47,3841,26.7,96.4
2026-08-25 15:49:52,3844,26.7,96.4
2026-08-25 15:49:57,3843,26.7,96.4
2026-08-25 15:50:03,3840,26.7,96.4
2026-08-25 15:50:08,3835,26.7,96.4
2026-08-25 15:50:13,3833,26.7,96.4
2026-08-25 15:50:18,3831,26.7,96.4
2026-08-25 15:50:23,3833,26.7,96.4
2026-08-25 15:50:29,3835,26.6,96.4
2026-08-25 15:50:34,3834,26.7,96.4
2026-08-25 15:50:39,3835,26.7,96.4
2026-08-25 15:50:50,3838,26.7,96.4
2026-08-25 15:50:55,3836,26.7,96.4
2026-08-25 15:51:00,3833,26.7,96.5
2026-08-25 15:51:11,3834,26.7,96.4
2026-08-25 15:51:22,3832,26.7,96.4
2026-08-25 15:51:27,3833,26.7,96.5
2026-08-25 15:51:32,3829,26.7,96.5
2026-08-25 15:51:38,3831,26.7,96.5
2026-08-25 15:51:43,3828,26.7,96.5
2026-08-25 15:51:48,3829,26.7,96.5
2026-08-25 15:51:53,3828,26.7,96.5
2026-08-25 15:51:59,3829,26.7,96.5
2026-08-25 15:52:04,3832,26.7,96.5
2026-08-25 15:52:09,3833,26.7,96.5
2026-08-25 15:52:14,3835,26.7,96.5
2026-08-25 15:52:20,3838,26.7,96.5
2026-08-25 15:52:25,3835,26.7,96.5
2026-08-25 15:52:31,3836,26.7,96.5
2026-08-25 15:52:36,3837,26.7,96.5
2026-08-25 15:52:46,3836,26.6,96.5
2026-08-25 15:52:52,3834,26.7,96.5
2026-08-25 15:52:57,3831,26.7,96.5
2026-08-25 15:53:02,3834,26.7,96.5
2026-08-25 15:53:13,3831,26.6,96.5
2026-08-25 15:53:23,3829,26.6,96.5
2026-08-25 15:53:34,3828,26.7,96.5
2026-08-25 15:53:39,3825,26.7,96.5
2026-08-25 15:53:44,3824,26.7,96.4
2026-08-25 15:53:49,3823,26.6,96.4
2026-08-25 15:53:55,3821,26.7,96.4
2026-08-25 15:54:00,3820,26.7,96.4
2026-08-25 15:54:05,3821,26.6,96.4
2026-08-25 15:54:11,3816,26.7,96.4
2026-08-25 15:54:16,3814,26.6,96.4
2026-08-25 15:54:21,3810,26.6,96.4
2026-08-25 15:54:26,3807,26.7,96.4
2026-08-25 15:54:32,3809,26.7,96.4
2026-08-25 15:54:37,3808,26.7,96.4
2026-08-25 15:54:42,3803,26.7,96.4
2026-08-25 15:54:48,3802,26.7,96.4
2026-08-25 15:54:53,3797,26.7,96.4
2026-08-25 15:54:58,3796,26.6,96.4
2026-08-25 15:55:03,3793,26.7,96.4
2026-08-25 15:55:14,3791,26.7,96.3
2026-08-25 15:55:19,3789,26.7,96.4
2026-08-25 15:55:29,3785,26.7,96.3
2026-08-25 15:55:40,3780,26.7,96.4
2026-08-25 15:56:03,3769,26.7,96.3
2026-08-25 15:56:08,3771,26.6,96.3
2026-08-25 15:56:13,3766,26.7,96.3
2026-08-25 15:56:18,3763,26.7,96.4
2026-08-25 15:56:24,3762,26.6,96.4
2026-08-25 15:56:29,3760,26.7,96.3
2026-08-25 15:56:39,3755,26.6,96.3
2026-08-25 15:56:45,3753,26.7,96.3
2026-08-25 15:56:50,3752,26.7,96.3
2026-08-25 15:56:55,3750,26.6,96.4
2026-08-25 15:57:00,3747,26.7,96.4
2026-08-25 15:57:06,3745,26.6,96.4
2026-08-25 15:57:11,3742,26.6,96.3
2026-08-25 15:57:16,3741,26.7,96.4
2026-08-25 15:57:32,3738,26.6,96.4
2026-08-25 15:57:38,3739,26.7,96.4
2026-08-25 15:57:48,3738,26.6,96.3
2026-08-25 15:57:53,3736,26.6,96.4
2026-08-25 15:57:59,3733,26.6,96.4
2026-08-25 15:58:04,3730,26.6,96.3
2026-08-25 15:58:09,3729,26.6,96.3
2026-08-25 15:58:15,3726,26.6,96.3
2026-08-25 15:58:20,3725,26.6,96.4
2026-08-25 15:58:30,3721,26.6,96.4
2026-08-25 15:58:36,3719,26.7,96.4
2026-08-25 15:58:41,3717,26.7,96.3
2026-08-25 15:58:46,3715,26.7,96.3
2026-08-25 15:58:52,3714,26.7,96.3
2026-08-25 15:58:57,3715,26.6,96.3
2026-08-25 15:59:02,3718,26.6,96.4
2026-08-25 15:59:07,3717,26.6,96.3
2026-08-25 15:59:13,3718,26.7,96.4
2026-08-25 15:59:18,3717,26.6,96.4
2026-08-25 15:59:23,3715,26.7,96.3
2026-08-25 15:59:29,3717,26.6,96.3
2026-08-25 15:59:34,3719,26.6,96.3
2026-08-25 15:59:39,3717,26.6,96.4
2026-08-25 15:59:44,3715,26.7,96.3
2026-08-25 15:59:50,3712,26.6,96.4
2026-08-25 15:59:55,3719,26.7,96.4
2026-08-25 16:00:00,3717,26.6,96.4
2026-08-25 16:00:11,3716,26.6,96.3
2026-08-25 16:00:16,3714,26.7,96.4
2026-08-25 16:00:22,3713,26.6,96.3
2026-08-25 16:00:27,3710,26.7,96.4
2026-08-25 16:00:32,3707,26.6,96.3
2026-08-25 16:00:37,3705,26.6,96.3
2026-08-25 16:00:43,3704,26.6,96.4
2026-08-25 16:00:48,3701,26.6,96.3
2026-08-25 16:00:53,3699,26.6,96.3
2026-08-25 16:00:58,3701,26.6,96.4
2026-08-25 16:01:04,3700,26.6,96.3
2026-08-25 16:01:09,3699,26.7,96.3
2026-08-25 16:01:14,3700,26.6,96.4
2026-08-25 16:01:20,3701,26.6,96.3
2026-08-25 16:01:30,3698,26.6,96.4
2026-08-25 16:01:56,3695,26.6,96.4
2026-08-25 16:02:02,3697,26.6,96.4
2026-08-25 16:02:07,3696,26.7,96.4
2026-08-25 16:02:12,3701,26.6,96.3
2026-08-25 16:02:17,3696,26.7,96.3
2026-08-25 16:02:23,3695,26.6,96.4
2026-08-25 16:02:28,3693,26.6,96.4
2026-08-25 16:02:33,3694,26.7,96.4
2026-08-25 16:02:44,3696,26.7,96.4
2026-08-25 16:02:49,3692,26.6,96.4
2026-08-25 16:02:59,3693,26.6,96.4
2026-08-25 16:03:05,3692,26.6,96.4
2026-08-25 16:03:10,3696,26.7,96.4
2026-08-25 16:03:15,3695,26.7,96.4
2026-08-25 16:03:20,3696,26.6,96.4
2026-08-25 16:03:26,3699,26.7,96.4
2026-08-25 16:03:31,3700,26.7,96.4
2026-08-25 16:03:41,3699,26.6,96.4
2026-08-25 16:03:47,3700,26.6,96.4
2026-08-25 16:03:52,3699,26.7,96.4
2026-08-25 16:03:57,3702,26.7,96.4
2026-08-25 16:04:02,3701,26.7,96.4
2026-08-25 16:04:08,3702,26.6,96.4
2026-08-25 16:04:18,3703,26.7,96.4
2026-08-25 16:04:23,3704,26.7,96.4
2026-08-25 16:04:29,3702,26.6,96.4
2026-08-25 16:04:34,3701,26.6,96.4
2026-08-25 16:04:39,3700,26.6,96.4
2026-08-25 16:04:55,3699,26.7,96.4
2026-08-25 16:05:00,3700,26.6,96.4
2026-08-25 16:05:05,3702,26.7,96.4
2026-08-25 16:05:11,3701,26.6,96.4
2026-08-25 16:05:21,3699,26.7,96.4
2026-08-25 16:05:27,3700,26.6,96.4
2026-08-25 16:05:32,3699,26.7,96.4
2026-08-25 16:05:37,3698,26.7,96.4
2026-08-25 16:05:43,3696,26.7,96.4
2026-08-25 16:05:53,3697,26.7,96.4
2026-08-25 16:05:58,3695,26.7,96.4
2026-08-25 16:06:04,3699,26.7,96.4
2026-08-25 16:06:09,3697,26.7,96.4
2026-08-25 16:06:14,3698,26.6,96.4
2026-08-25 16:06:19,3694,26.7,96.4
2026-08-25 16:06:25,3693,26.7,96.4
2026-08-25 16:06:30,3696,26.7,96.4
2026-08-25 16:06:35,3697,26.7,96.4
2026-08-25 16:06:51,3698,26.7,96.4
2026-08-25 16:07:02,3699,26.7,96.4
2026-08-25 16:07:07,3697,26.7,96.4
2026-08-25 16:07:23,3699,26.7,96.4
2026-08-25 16:07:28,3700,26.7,96.4
2026-08-25 16:07:33,3701,26.7,96.4
2026-08-25 16:07:39,3703,26.7,96.4
2026-08-25 16:07:44,3702,26.7,96.4
2026-08-25 16:07:49,3706,26.7,96.4
2026-08-25 16:08:00,3709,26.7,96.4
2026-08-25 16:08:05,3706,26.7,96.3
2026-08-25 16:08:15,3709,26.7,96.4
2026-08-25 16:08:21,3710,26.7,96.4
2026-08-25 16:08:26,3708,26.7,96.4
2026-08-25 16:08:31,3707,26.7,96.4
2026-08-25 16:08:47,3708,26.7,96.4
2026-08-25 16:08:52,3709,26.7,96.4
2026-08-25 16:09:08,3707,26.7,96.4
2026-08-25 16:09:13,3708,26.7,96.4
2026-08-25 16:09:19,3710,26.7,96.4
2026-08-25 16:09:24,3713,26.7,96.4
2026-08-25 16:09:29,3711,26.7,96.4
2026-08-25 16:09:34,3709,26.7,96.4
2026-08-25 16:09:40,3710,26.7,96.4
2026-08-25 16:09:45,3711,26.7,96.4
2026-08-25 16:09:50,3714,26.7,96.4
2026-08-25 16:10:01,3713,26.7,96.4
2026-08-25 16:10:16,3711,26.7,96.4
2026-08-25 16:10:22,3712,26.7,96.4
2026-08-25 16:10:33,3710,26.7,96.4
2026-08-25 16:10:38,3712,26.7,96.4
2026-08-25 16:10:43,3713,26.7,96.3
2026-08-25 16:10:54,3714,26.7,96.3
2026-08-25 16:10:59,3711,26.7,96.3
2026-08-25 16:11:04,3710,26.7,96.3
2026-08-25 16:11:09,3714,26.7,96.4
2026-08-25 16:11:15,3713,26.7,96.4
2026-08-25 16:11:20,3714,26.7,96.3
2026-08-25 16:11:25,3711,26.7,96.3
2026-08-25 16:11:36,3710,26.7,96.3
2026-08-25 16:11:41,3707,26.7,96.4
2026-08-25 16:11:46,3709,26.7,96.3
2026-08-25 16:11:51,3708,26.7,96.3
2026-08-25 16:11:56,3711,26.7,96.3
2026-08-25 16:12:02,3708,26.7,96.3
2026-08-25 16:12:07,3707,26.7,96.3
2026-08-25 16:12:12,3710,26.7,96.3
2026-08-25 16:12:18,3711,26.7,96.3
2026-08-25 16:12:28,3714,26.7,96.3
2026-08-25 16:12:33,3712,26.7,96.3
2026-08-25 16:12:49,3710,26.7,96.3
2026-08-25 16:12:54,3709,26.7,96.3
2026-08-25 16:13:00,3708,26.7,96.3
2026-08-25 16:13:06,3704,26.7,96.3
2026-08-25 16:13:11,3703,26.7,96.3
2026-08-25 16:13:17,3702,26.7,96.2
2026-08-25 16:13:27,3703,26.7,96.2
2026-08-25 16:13:33,3702,26.8,96.2
2026-08-25 16:13:43,3705,26.8,96.2
2026-08-25 16:13:55,3706,26.8,96.2
2026-08-25 16:14:00,3707,26.8,96.2
2026-08-25 16:14:11,3709,26.8,96.2
2026-08-25 16:14:16,3707,26.8,96.2
2026-08-25 16:14:22,3706,26.8,96.2
2026-08-25 16:14:27,3704,26.8,96.2
2026-08-25 16:14:32,3703,26.8,96.2
2026-08-25 16:14:37,3701,26.8,96.2
2026-08-25 16:14:53,3704,26.8,96.2
2026-08-25 16:14:59,3706,26.8,96.2
2026-08-25 16:15:04,3707,26.8,96.2
2026-08-25 16:15:09,3709,26.8,96.2
2026-08-25 16:15:14,3708,26.8,96.2
2026-08-25 16:15:20,3705,26.8,96.1
2026-08-25 16:15:25,3703,26.8,96.2
2026-08-25 16:15:35,3702,26.8,96.2
2026-08-25 16:15:41,3700,26.8,96.2
2026-08-25 16:15:46,3698,26.8,96.2
2026-08-25 16:15:51,3704,26.8,96.1
2026-08-25 16:16:02,3702,26.8,96.2
2026-08-25 16:16:12,3703,26.8,96.2
2026-08-25 16:16:18,3702,26.8,96.2
2026-08-25 16:16:23,3706,26.8,96.1
2026-08-25 16:16:28,3707,26.8,96.1
2026-08-25 16:16:34,3708,26.8,96.2
2026-08-25 16:16:40,3705,26.8,96.1
2026-08-25 16:16:45,3701,26.8,96.2
2026-08-25 16:16:51,3703,26.8,96.2
2026-08-25 16:17:01,3704,26.8,96.1
2026-08-25 16:17:07,3706,26.8,96.1
2026-08-25 16:17:12,3703,26.8,96.1
2026-08-25 16:17:17,3705,26.8,96.1
2026-08-25 16:17:22,3702,26.8,96.1
2026-08-25 16:17:33,3701,26.8,96.2
2026-08-25 16:17:38,3699,26.8,96.1
2026-08-25 16:17:44,3698,26.8,96.1
2026-08-25 16:17:59,3697,26.8,96.2
2026-08-25 16:18:05,3696,26.8,96.1
2026-08-25 16:18:10,3695,26.8,96.1
2026-08-25 16:18:15,3697,26.8,96.1
2026-08-25 16:18:20,3695,26.8,96.1
2026-08-25 16:18:26,3691,26.9,96.1
2026-08-25 16:18:31,3696,26.8,96.2
2026-08-25 16:18:36,3694,26.8,96.1
2026-08-25 16:18:41,3692,26.8,96.1
2026-08-25 16:18:47,3695,26.8,96.1
2026-08-25 16:18:52,3696,26.8,96.1
2026-08-25 16:18:57,3694,26.8,96.1
2026-08-25 16:19:02,3695,26.8,96.1
2026-08-25 16:19:13,3694,26.8,96.2
2026-08-25 16:19:18,3692,26.8,96.1
2026-08-25 16:19:23,3690,26.8,96.1
2026-08-25 16:19:29,3691,26.8,96.2
2026-08-25 16:19:34,3694,26.8,96.1
2026-08-25 16:19:39,3691,26.8,96.2
2026-08-25 16:19:45,3692,26.8,96.2
2026-08-25 16:19:50,3691,26.8,96.2
2026-08-25 16:19:55,3692,26.8,96.1
2026-08-25 16:20:00,3690,26.8,96.2
2026-08-25 16:20:06,3693,26.8,96.2
2026-08-25 16:20:11,3695,26.8,96.2
2026-08-25 16:20:23,3698,26.8,96.2
2026-08-25 16:20:33,3695,26.8,96.2
2026-08-25 16:20:39,3691,26.8,96.2
2026-08-25 16:20:50,3688,26.8,96.3
2026-08-25 16:20:55,3687,26.8,96.2
2026-08-25 16:21:00,3688,26.8,96.2
2026-08-25 16:21:05,3692,26.8,96.2
2026-08-25 16:21:11,3695,26.8,96.3
2026-08-25 16:21:16,3696,26.8,96.2
2026-08-25 16:21:21,3697,26.8,96.2
2026-08-25 16:21:32,3700,26.8,96.3
2026-08-25 16:21:37,3702,26.8,96.3
2026-08-25 16:21:42,3705,26.8,96.3
2026-08-25 16:21:48,3706,26.8,96.3
2026-08-25 16:21:53,3708,26.8,96.3
2026-08-25 16:22:04,3713,26.8,96.3
2026-08-25 16:22:09,3710,26.8,96.3
2026-08-25 16:22:20,3712,26.8,96.3
2026-08-25 16:22:35,3716,26.8,96.3
2026-08-25 16:22:41,3715,26.8,96.3
2026-08-25 16:22:51,3714,26.8,96.3
2026-08-25 16:22:56,3717,26.8,96.3
2026-08-25 16:23:02,3720,26.8,96.3
2026-08-25 16:23:07,3722,26.8,96.3
2026-08-25 16:23:17,3723,26.8,96.3
2026-08-25 16:23:23,3725,26.8,96.3
2026-08-25 16:23:28,3724,26.8,96.3
2026-08-25 16:23:34,3726,26.8,96.3
2026-08-25 16:23:56,3727,26.8,96.3
2026-08-25 16:24:06,3726,26.8,96.3
2026-08-25 16:24:12,3728,26.8,96.3
2026-08-25 16:24:27,3727,26.8,96.3
2026-08-25 16:24:33,3728,26.8,96.3
2026-08-25 16:24:38,3729,26.8,96.3
2026-08-25 16:24:43,3730,26.8,96.3
2026-08-25 16:24:48,3728,26.8,96.3
2026-08-25 16:24:54,3729,26.8,96.3
2026-08-25 16:25:04,3725,26.9,96.3
2026-08-25 16:25:09,3726,26.8,96.3
2026-08-25 16:25:14,3727,26.8,96.3
2026-08-25 16:25:20,3725,26.8,96.3
2026-08-25 16:25:46,3724,26.8,96.3
2026-08-25 16:25:52,3723,26.8,96.3
2026-08-25 16:26:18,3725,26.8,96.3
2026-08-25 16:26:24,3729,26.8,96.3
2026-08-25 16:26:29,3728,26.8,96.3
2026-08-25 16:26:34,3730,26.8,96.3
2026-08-25 16:26:39,3729,26.8,96.3
2026-08-25 16:26:45,3732,26.8,96.3
2026-08-25 16:26:50,3730,26.8,96.3
2026-08-25 16:26:55,3731,26.8,96.3
2026-08-25 16:27:06,3728,26.8,96.3
2026-08-25 16:27:16,3725,26.8,96.3
2026-08-25 16:27:22,3727,26.8,96.3
2026-08-25 16:27:32,3726,26.8,96.3
2026-08-25 16:27:43,3722,26.8,96.3
2026-08-25 16:27:48,3723,26.8,96.3
2026-08-25 16:27:53,3720,26.9,96.3
2026-08-25 16:27:59,3718,26.8,96.3
2026-08-25 16:28:04,3716,26.8,96.3
2026-08-25 16:28:25,3715,26.9,96.3
2026-08-25 16:28:30,3716,26.8,96.3
2026-08-25 16:28:41,3717,26.9,96.3
2026-08-25 16:28:46,3719,26.8,96.3
2026-08-25 16:28:57,3721,26.8,96.3
2026-08-25 16:29:07,3719,26.8,96.3
2026-08-25 16:29:12,3717,26.9,96.3
2026-08-25 16:29:18,3716,26.8,96.3
2026-08-25 16:29:23,3717,26.8,96.3
2026-08-25 16:29:28,3716,26.9,96.3
2026-08-25 16:29:34,3717,26.8,96.3
2026-08-25 16:29:39,3718,26.9,96.3
2026-08-25 16:29:44,3715,26.9,96.3
2026-08-25 16:29:49,3717,26.8,96.2
2026-08-25 16:29:55,3715,26.8,96.2
2026-08-25 16:30:00,3716,26.9,96.3
2026-08-25 16:30:05,3717,26.8,96.2
2026-08-25 16:30:10,3714,26.8,96.3
2026-08-25 16:30:26,3715,26.8,96.3
2026-08-25 16:30:32,3712,26.9,96.3
2026-08-25 16:30:37,3711,26.8,96.2
2026-08-25 16:30:42,3710,26.8,96.2
2026-08-25 16:30:47,3709,26.8,96.2
2026-08-25 16:30:58,3713,26.8,96.3
2026-08-25 16:31:03,3712,26.8,96.2
2026-08-25 16:31:08,3711,26.9,96.2
2026-08-25 16:31:14,3710,26.9,96.2
2026-08-25 16:31:19,3711,26.9,96.2
2026-08-25 16:31:29,3712,26.9,96.3
2026-08-25 16:31:35,3709,26.9,96.3
2026-08-25 16:31:45,3706,26.8,96.2
2026-08-25 16:31:50,3703,26.9,96.2
2026-08-25 16:32:01,3705,26.8,96.2
2026-08-25 16:32:06,3701,26.9,96.3
2026-08-25 16:32:11,3699,26.8,96.2
2026-08-25 16:32:17,3698,26.8,96.2
2026-08-25 16:32:22,3700,26.9,96.2
2026-08-25 16:32:27,3697,26.9,96.2
2026-08-25 16:32:32,3700,26.9,96.2
2026-08-25 16:32:38,3699,26.9,96.2
2026-08-25 16:32:43,3696,26.8,96.2
2026-08-25 16:32:48,3694,26.9,96.2
2026-08-25 16:32:54,3693,26.8,96.2
2026-08-25 16:32:59,3692,26.9,96.2
2026-08-25 16:33:04,3690,26.9,96.2
2026-08-25 16:33:09,3689,26.9,96.2
2026-08-25 16:33:15,3687,26.8,96.2
2026-08-25 16:33:25,3686,26.9,96.2
2026-08-25 16:33:30,3688,26.9,96.2
2026-08-25 16:33:36,3691,26.9,96.2
2026-08-25 16:33:41,3690,26.9,96.2
2026-08-25 16:33:46,3693,26.8,96.2
2026-08-25 16:33:51,3691,26.9,96.2
2026-08-25 16:33:57,3690,26.9,96.2
2026-08-25 16:34:02,3691,26.9,96.2
2026-08-25 16:34:07,3690,26.9,96.2
2026-08-25 16:34:12,3693,26.9,96.2
2026-08-25 16:34:17,3691,26.9,96.2
2026-08-25 16:34:23,3694,26.9,96.2
2026-08-25 16:34:33,3692,26.9,96.2
2026-08-25 16:34:44,3689,26.9,96.2
2026-08-25 16:34:49,3688,26.9,96.2
2026-08-25 16:34:54,3691,26.9,96.2
2026-08-25 16:35:05,3689,26.9,96.2
2026-08-25 16:35:10,3687,26.9,96.2
2026-08-25 16:35:20,3685,26.9,96.2
2026-08-25 16:35:26,3686,26.9,96.2
2026-08-25 16:35:31,3687,26.9,96.2
2026-08-25 16:35:37,3690,26.9,96.2
2026-08-25 16:35:42,3694,26.9,96.2
2026-08-25 16:35:47,3695,26.9,96.2
2026-08-25 16:36:03,3694,26.9,96.2
2026-08-25 16:36:08,3695,26.9,96.2
2026-08-25 16:36:13,3696,26.9,96.2
2026-08-25 16:36:18,3699,26.9,96.2
2026-08-25 16:36:24,3698,26.9,96.2
2026-08-25 16:36:34,3697,26.9,96.2
2026-08-25 16:36:40,3700,26.9,96.2
2026-08-25 16:36:45,3703,26.9,96.3
2026-08-25 16:36:50,3701,26.9,96.2
2026-08-25 16:36:55,3696,26.9,96.2
2026-08-25 16:37:01,3693,26.9,96.2
2026-08-25 16:37:06,3691,26.9,96.2
2026-08-25 16:37:11,3689,26.9,96.3
2026-08-25 16:37:22,3690,26.9,96.3
2026-08-25 16:37:27,3689,26.9,96.2
2026-08-25 16:37:32,3690,26.9,96.2
2026-08-25 16:37:38,3689,26.9,96.2
2026-08-25 16:37:48,3686,26.9,96.2
2026-08-25 16:37:53,3690,26.9,96.2
2026-08-25 16:38:04,3689,26.9,96.2
2026-08-25 16:38:14,3686,26.9,96.2
2026-08-25 16:38:20,3682,26.9,96.2
2026-08-25 16:38:25,3679,26.9,96.2
2026-08-25 16:38:41,3677,26.9,96.2
2026-08-25 16:38:46,3678,26.9,96.2
2026-08-25 16:38:51,3682,26.9,96.2
2026-08-25 16:38:56,3686,26.9,96.2
2026-08-25 16:39:02,3683,26.9,96.2
2026-08-25 16:39:07,3681,26.9,96.2
2026-08-25 16:39:13,3679,26.9,96.2
2026-08-25 16:39:18,3683,26.9,96.2
2026-08-25 16:39:23,3685,26.9,96.2
2026-08-25 16:39:28,3688,26.9,96.2
2026-08-25 16:39:34,3690,26.9,96.2
2026-08-25 16:39:39,3691,26.9,96.2
2026-08-25 16:39:49,3692,26.9,96.2
2026-08-25 16:39:55,3694,26.9,96.2
2026-08-25 16:40:10,3695,26.9,96.1
2026-08-25 16:40:26,3693,26.9,96.1
2026-08-25 16:40:31,3691,26.9,96.2
2026-08-25 16:40:37,3692,26.9,96.2
2026-08-25 16:40:42,3693,26.9,96.2
2026-08-25 16:40:53,3691,26.9,96.2
2026-08-25 16:40:58,3690,26.9,96.2
2026-08-25 16:41:03,3688,26.9,96.2
2026-08-25 16:41:19,3689,26.9,96.2
2026-08-25 16:41:24,3692,26.9,96.2
2026-08-25 16:41:29,3693,26.9,96.1
2026-08-25 16:41:40,3694,26.9,96.1
2026-08-25 16:41:50,3693,26.9,96.1
2026-08-25 16:41:55,3691,26.9,96.1
2026-08-25 16:42:01,3688,26.9,96.1
2026-08-25 16:42:06,3687,26.9,96.1
2026-08-25 16:42:11,3689,26.9,96.1
2026-08-25 16:42:16,3686,26.9,96.1
2026-08-25 16:42:22,3687,26.9,96.1
2026-08-25 16:42:27,3685,26.9,96.1
2026-08-25 16:42:33,3684,26.9,96.1
2026-08-25 16:42:38,3683,26.9,96.1
2026-08-25 16:42:43,3682,26.9,96.1
2026-08-25 16:42:48,3686,26.9,96.1
2026-08-25 16:42:54,3685,26.9,96.1
2026-08-25 16:43:04,3684,26.9,96.1
2026-08-25 16:43:15,3683,26.9,96.0
2026-08-25 16:43:25,3684,26.9,96.1
2026-08-25 16:43:31,3682,27.0,96.0
2026-08-25 16:43:36,3678,26.9,96.0
2026-08-25 16:43:41,3676,26.9,96.0
2026-08-25 16:43:47,3677,26.9,96.0
2026-08-25 16:43:52,3678,26.9,96.0
2026-08-25 16:43:57,3679,27.0,96.0
2026-08-25 16:44:02,3681,26.9,96.0
2026-08-25 16:44:08,3682,26.9,96.0
2026-08-25 16:44:13,3680,26.9,96.0
2026-08-25 16:44:18,3683,27.0,96.0
2026-08-25 16:44:23,3682,26.9,96.0
2026-08-25 16:44:29,3681,26.9,96.0
2026-08-25 16:44:34,3678,26.9,96.0
2026-08-25 16:44:40,3677,26.9,96.0
2026-08-25 16:44:46,3674,26.9,96.0
2026-08-25 16:44:52,3676,27.0,96.0
2026-08-25 16:44:58,3674,27.0,96.0
2026-08-25 16:45:08,3673,27.0,96.0
2026-08-25 16:45:19,3674,27.0,96.0
2026-08-25 16:45:24,3675,27.0,96.0
2026-08-25 16:45:29,3676,27.0,96.0
2026-08-25 16:45:45,3675,27.0,96.0
2026-08-25 16:45:50,3673,27.0,96.0
2026-08-25 16:45:55,3675,26.9,96.0
2026-08-25 16:46:06,3673,27.0,96.0
2026-08-25 16:46:11,3672,27.0,96.0
2026-08-25 16:46:16,3673,26.9,96.0
2026-08-25 16:46:27,3669,27.0,96.0
2026-08-25 16:46:32,3672,27.0,96.0
2026-08-25 16:46:38,3667,27.0,96.0
2026-08-25 16:46:43,3666,27.0,96.0
2026-08-25 16:46:59,3665,27.0,96.0
2026-08-25 16:47:05,3662,27.0,96.0
2026-08-25 16:47:10,3663,27.0,96.0
2026-08-25 16:47:15,3662,27.0,96.1
2026-08-25 16:47:20,3658,27.0,96.0
2026-08-25 16:47:26,3656,27.0,96.0
2026-08-25 16:47:31,3657,27.0,96.0
2026-08-25 16:47:36,3655,27.0,96.0
2026-08-25 16:47:42,3654,27.0,96.1
2026-08-25 16:47:47,3655,27.0,96.0
2026-08-25 16:47:52,3656,27.0,96.0
2026-08-25 16:47:57,3655,27.0,96.1
2026-08-25 16:48:03,3652,27.0,96.0
2026-08-25 16:48:08,3655,27.0,96.0
2026-08-25 16:48:14,3651,27.0,96.0
2026-08-25 16:48:19,3652,27.0,96.0
2026-08-25 16:48:25,3651,27.0,96.1
2026-08-25 16:48:30,3649,27.0,96.1
2026-08-25 16:48:41,3648,27.0,96.1
2026-08-25 16:48:51,3650,27.0,96.0
2026-08-25 16:48:56,3649,27.0,96.0
2026-08-25 16:49:01,3648,27.0,96.0
2026-08-25 16:49:12,3650,27.0,96.1
2026-08-25 16:49:17,3647,27.0,96.1
2026-08-25 16:49:22,3649,27.0,96.1
2026-08-25 16:49:33,3653,27.0,96.1
2026-08-25 16:49:38,3654,27.0,96.1
2026-08-25 16:49:44,3651,27.0,96.1
2026-08-25 16:49:49,3649,27.0,96.1
2026-08-25 16:49:54,3651,27.0,96.1
2026-08-25 16:50:00,3652,27.0,96.0
2026-08-25 16:50:05,3654,27.0,96.1
2026-08-25 16:50:10,3653,27.0,96.1
2026-08-25 16:50:21,3655,27.0,96.0
2026-08-25 16:50:26,3657,27.0,96.1
2026-08-25 16:50:36,3655,27.0,96.1
2026-08-25 16:50:47,3656,27.0,96.1
2026-08-25 16:50:52,3659,27.0,96.1
2026-08-25 16:50:58,3660,27.0,96.1
2026-08-25 16:51:03,3659,27.0,96.1
2026-08-25 16:51:13,3658,27.0,96.1
2026-08-25 16:51:24,3659,27.0,96.1
2026-08-25 16:51:34,3663,27.0,96.1
2026-08-25 16:51:40,3666,27.0,96.1
2026-08-25 16:51:45,3667,27.0,96.1
2026-08-25 16:51:55,3668,27.0,96.1
2026-08-25 16:52:06,3665,27.0,96.1
2026-08-25 16:52:11,3668,27.0,96.1
2026-08-25 16:52:16,3667,27.0,96.1
2026-08-25 16:52:22,3669,27.0,96.1
2026-08-25 16:52:27,3664,27.0,96.1
2026-08-25 16:52:43,3662,27.0,96.1
2026-08-25 16:52:48,3661,27.0,96.0
2026-08-25 16:52:59,3663,27.0,96.0
2026-08-25 16:53:04,3666,27.0,96.1
2026-08-25 16:53:10,3663,27.0,96.0
2026-08-25 16:53:15,3661,27.0,96.0
2026-08-25 16:53:20,3663,27.0,96.0
2026-08-25 16:53:25,3666,27.0,96.0
2026-08-25 16:53:31,3663,27.0,96.0
2026-08-25 16:53:36,3662,27.0,96.0
2026-08-25 16:53:41,3664,27.0,96.0
2026-08-25 16:53:46,3666,27.0,96.0
2026-08-25 16:53:52,3668,27.0,96.0
2026-08-25 16:53:57,3665,27.0,96.0
2026-08-25 16:54:02,3664,27.0,96.0
2026-08-25 16:54:07,3661,27.0,95.9
2026-08-25 16:54:13,3662,27.0,96.0
2026-08-25 16:54:18,3661,27.0,95.9
2026-08-25 16:54:23,3659,27.0,95.9
2026-08-25 16:54:28,3658,27.0,95.9
2026-08-25 16:54:34,3656,27.0,96.0
2026-08-25 16:54:39,3660,27.0,95.9
2026-08-25 16:54:44,3661,27.0,96.0
2026-08-25 16:54:50,3659,27.0,95.9
2026-08-25 16:54:55,3658,27.0,95.9
2026-08-25 16:55:00,3656,27.0,96.0
2026-08-25 16:55:05,3654,27.0,96.0
2026-08-25 16:55:11,3650,27.0,96.0
2026-08-25 16:55:21,3644,27.0,95.9
2026-08-25 16:55:26,3643,27.0,95.9
2026-08-25 16:55:32,3642,27.0,95.9
2026-08-25 16:55:37,3641,27.0,96.0
2026-08-25 16:55:42,3634,27.0,95.9
2026-08-25 16:55:47,3635,27.0,95.9
2026-08-25 16:55:53,3637,27.0,95.9
2026-08-25 16:55:58,3636,27.0,95.9
2026-08-25 16:56:14,3634,27.0,95.9
2026-08-25 16:56:19,3635,27.0,95.8
2026-08-25 16:56:25,3634,27.0,95.9
2026-08-25 16:56:30,3632,27.0,95.8
2026-08-25 16:56:35,3629,27.0,95.8
2026-08-25 16:56:41,3627,27.0,95.9
2026-08-25 16:56:46,3626,27.1,95.9
2026-08-25 16:56:51,3622,27.0,95.8
2026-08-25 16:57:01,3621,27.0,95.8
2026-08-25 16:57:07,3619,27.0,95.8
2026-08-25 16:57:12,3618,27.0,95.8
2026-08-25 16:57:23,3620,27.0,95.8
2026-08-25 16:57:28,3618,27.1,95.9
2026-08-25 16:57:33,3617,27.0,95.8
2026-08-25 16:57:38,3620,27.0,95.8
2026-08-25 16:57:44,3621,27.1,95.8
2026-08-25 16:57:49,3619,27.0,95.8
2026-08-25 16:57:54,3616,27.1,95.8
2026-08-25 16:58:05,3618,27.1,95.8
2026-08-25 16:58:10,3617,27.1,95.8
2026-08-25 16:58:15,3616,27.1,95.8
2026-08-25 16:58:21,3614,27.1,95.8
2026-08-25 16:58:26,3610,27.1,95.8
2026-08-25 16:58:31,3612,27.1,95.7
2026-08-25 16:58:37,3608,27.1,95.7
2026-08-25 16:58:47,3609,27.1,95.7
2026-08-25 16:58:52,3606,27.1,95.8
2026-08-25 16:58:58,3609,27.1,95.7
2026-08-25 16:59:08,3607,27.1,95.7
2026-08-25 16:59:19,3608,27.1,95.8
2026-08-25 16:59:24,3607,27.1,95.7
2026-08-25 16:59:29,3606,27.1,95.8
2026-08-25 16:59:34,3610,27.1,95.7
2026-08-25 16:59:40,3609,27.1,95.7
2026-08-25 16:59:52,3606,27.1,95.7
2026-08-25 17:00:02,3607,27.1,95.7
2026-08-25 17:00:13,3608,27.1,95.7
2026-08-25 17:00:18,3609,27.1,95.7
2026-08-25 17:00:23,3611,27.1,95.6
2026-08-25 17:00:29,3613,27.1,95.7
2026-08-25 17:00:34,3616,27.1,95.6
2026-08-25 17:00:44,3618,27.1,95.6
2026-08-25 17:00:50,3615,27.1,95.6
2026-08-25 17:01:00,3612,27.1,95.6
2026-08-25 17:01:06,3615,27.1,95.7
2026-08-25 17:01:11,3617,27.1,95.6
2026-08-25 17:01:16,3614,27.1,95.6
2026-08-25 17:01:22,3613,27.1,95.6
2026-08-25 17:01:32,3614,27.1,95.6
2026-08-25 17:01:37,3615,27.1,95.6
2026-08-25 17:01:43,3620,27.1,95.6
2026-08-25 17:01:48,3619,27.1,95.6
2026-08-25 17:01:53,3623,27.1,95.6
2026-08-25 17:01:58,3624,27.1,95.6
2026-08-25 17:02:04,3626,27.1,95.6
2026-08-25 17:02:09,3627,27.1,95.6
2026-08-25 17:02:14,3632,27.1,95.6
2026-08-25 17:02:19,3631,27.1,95.5
2026-08-25 17:02:25,3630,27.1,95.5
2026-08-25 17:02:35,3632,27.1,95.6
2026-08-25 17:02:40,3633,27.1,95.6
2026-08-25 17:02:46,3635,27.1,95.6
2026-08-25 17:02:51,3634,27.1,95.5
2026-08-25 17:02:56,3633,27.1,95.6
2026-08-25 17:03:07,3635,27.1,95.5
2026-08-25 17:03:12,3636,27.1,95.6
2026-08-25 17:03:17,3639,27.1,95.6
2026-08-25 17:03:28,3638,27.1,95.6
2026-08-25 17:03:33,3640,27.1,95.6
2026-08-25 17:03:38,3641,27.1,95.5
2026-08-25 17:03:44,3640,27.2,95.6
2026-08-25 17:03:49,3637,27.1,95.5
2026-08-25 17:03:54,3640,27.2,95.6
2026-08-25 17:03:59,3638,27.2,95.6
2026-08-25 17:04:05,3637,27.1,95.6
2026-08-25 17:04:15,3639,27.2,95.5
2026-08-25 17:04:21,3637,27.1,95.5
2026-08-25 17:04:32,3639,27.2,95.5
2026-08-25 17:04:37,3641,27.2,95.6
2026-08-25 17:04:42,3644,27.2,95.5
2026-08-25 17:04:48,3643,27.1,95.5
2026-08-25 17:05:09,3645,27.2,95.5
2026-08-25 17:05:14,3648,27.2,95.5
2026-08-25 17:05:19,3649,27.2,95.5
2026-08-25 17:05:30,3652,27.2,95.5
2026-08-25 17:05:35,3649,27.2,95.5
2026-08-25 17:05:45,3651,27.2,95.6
2026-08-25 17:05:56,3648,27.1,95.5
2026-08-25 17:06:02,3644,27.1,95.5
2026-08-25 17:06:07,3643,27.2,95.6
2026-08-25 17:06:20,3646,27.2,95.6
2026-08-25 17:06:25,3647,27.2,95.6
2026-08-25 17:06:30,3652,27.2,95.6
2026-08-25 17:06:36,3654,27.2,95.6
2026-08-25 17:06:41,3652,27.2,95.6
2026-08-25 17:06:52,3653,27.2,95.6
2026-08-25 17:07:02,3650,27.2,95.5
2026-08-25 17:07:07,3652,27.2,95.6
2026-08-25 17:07:13,3654,27.2,95.6
2026-08-25 17:07:18,3657,27.2,95.6
2026-08-25 17:07:23,3659,27.2,95.6
2026-08-25 17:07:28,3664,27.2,95.6
2026-08-25 17:07:34,3667,27.2,95.6
2026-08-25 17:07:39,3670,27.2,95.6
2026-08-25 17:07:44,3672,27.2,95.6
2026-08-25 17:07:50,3675,27.2,95.6
2026-08-25 17:08:05,3674,27.2,95.6
2026-08-25 17:08:10,3678,27.2,95.6
2026-08-25 17:08:16,3682,27.2,95.6
2026-08-25 17:08:21,3685,27.2,95.6
2026-08-25 17:08:31,3689,27.2,95.6
2026-08-25 17:08:37,3692,27.2,95.6
2026-08-25 17:08:42,3696,27.2,95.6
2026-08-25 17:08:48,3702,27.2,95.6
2026-08-25 17:08:53,3706,27.2,95.6
2026-08-25 17:08:58,3740,27.2,95.6
2026-08-25 17:09:03,3742,27.2,95.6
2026-08-25 17:09:09,3741,27.2,95.6
2026-08-25 17:09:19,3740,27.2,95.6
2026-08-25 17:09:25,3742,27.2,95.6
2026-08-25 17:09:30,3743,27.2,95.6
2026-08-25 17:09:46,3744,27.2,95.7
2026-08-25 17:09:51,3747,27.2,95.7
2026-08-25 17:09:56,3749,27.2,95.7
2026-08-25 17:10:12,3750,27.2,95.7
2026-08-25 17:10:18,3753,27.2,95.7
2026-08-25 17:10:23,3757,27.2,95.7
2026-08-25 17:10:29,3762,27.2,95.7
2026-08-25 17:10:34,3764,27.2,95.7
2026-08-25 17:10:39,3768,27.2,95.7
2026-08-25 17:10:45,3771,27.2,95.7
2026-08-25 17:10:50,3773,27.2,95.7
2026-08-25 17:10:55,3775,27.2,95.8
2026-08-25 17:11:00,3777,27.2,95.7
2026-08-25 17:11:06,3781,27.2,95.7
2026-08-25 17:11:11,3783,27.2,95.8
2026-08-25 17:11:16,3786,27.2,95.8
2026-08-25 17:11:21,3789,27.2,95.7
2026-08-25 17:11:27,3791,27.2,95.8
2026-08-25 17:11:32,3793,27.2,95.8
2026-08-25 17:11:37,3794,27.2,95.8
2026-08-25 17:11:43,3799,27.2,95.8
2026-08-25 17:11:53,3802,27.2,95.8
2026-08-25 17:11:59,3805,27.2,95.8
2026-08-25 17:12:04,3806,27.2,95.8
2026-08-25 17:12:09,3808,27.2,95.8
2026-08-25 17:12:14,3807,27.2,95.8
2026-08-25 17:12:20,3811,27.2,95.8
2026-08-25 17:12:25,3812,27.2,95.9
2026-08-25 17:12:30,3814,27.2,95.9
2026-08-25 17:12:35,3815,27.3,95.9
2026-08-25 17:12:41,3820,27.2,95.9
2026-08-25 17:12:46,3818,27.3,95.9
2026-08-25 17:12:51,3820,27.3,95.9
2026-08-25 17:12:56,3823,27.3,95.9
2026-08-25 17:13:02,3828,27.3,95.9
2026-08-25 17:13:07,3833,27.3,95.9
2026-08-25 17:13:12,3858,27.3,95.9
2026-08-25 17:13:17,3860,27.3,95.9
2026-08-25 17:13:23,3867,27.3,95.9
2026-08-25 17:13:28,3869,27.3,96.0
2026-08-25 17:13:33,3871,27.3,96.0
2026-08-25 17:13:39,3872,27.3,96.0
2026-08-25 17:13:44,3875,27.3,96.0
2026-08-25 17:13:49,3876,27.3,96.0
2026-08-25 17:13:54,3880,27.3,96.0
2026-08-25 17:13:59,3884,27.2,95.9
2026-08-25 17:14:05,3889,27.3,95.9
2026-08-25 17:14:10,3893,27.3,95.9
2026-08-25 17:14:15,3895,27.3,95.9
2026-08-25 17:14:31,3896,27.3,95.9
2026-08-25 17:14:36,3897,27.3,95.9
2026-08-25 17:14:41,3900,27.3,95.9
2026-08-25 17:14:47,3904,27.3,96.0
2026-08-25 17:14:52,3903,27.3,95.9
2026-08-25 17:14:57,3901,27.3,96.0
2026-08-25 17:15:03,3907,27.3,96.0
2026-08-25 17:15:08,3910,27.3,96.0
2026-08-25 17:15:18,3912,27.3,96.0
2026-08-25 17:15:24,3918,27.3,96.1
2026-08-25 17:15:29,3922,27.3,96.1
2026-08-25 17:15:34,3924,27.3,96.1
2026-08-25 17:15:39,3926,27.3,96.1
2026-08-25 17:15:45,3929,27.3,96.1
2026-08-25 17:15:50,3931,27.3,96.1
2026-08-25 17:15:55,3930,27.3,96.1
2026-08-25 17:16:06,3934,27.3,96.1
2026-08-25 17:16:11,3938,27.3,96.1
2026-08-25 17:16:16,3945,27.3,96.1
2026-08-25 17:16:21,3972,27.3,96.1
2026-08-25 17:16:27,3974,27.3,96.1
2026-08-25 17:16:32,3995,27.3,96.2
2026-08-25 17:16:42,3998,27.3,96.2
2026-08-25 17:16:48,4001,27.3,96.2
2026-08-25 17:16:53,4002,27.3,96.2
2026-08-25 17:17:03,4009,27.3,96.2
2026-08-25 17:17:09,4008,27.3,96.2
2026-08-25 17:17:14,4011,27.3,96.2
2026-08-25 17:17:19,4013,27.3,96.2
2026-08-25 17:17:35,4014,27.3,96.2
2026-08-25 17:17:40,4016,27.3,96.2
2026-08-25 17:17:45,4020,27.3,96.2
2026-08-25 17:17:50,4018,27.3,96.2
2026-08-25 17:17:56,4020,27.3,96.2
2026-08-25 17:18:01,4021,27.3,96.2
2026-08-25 17:18:06,4022,27.3,96.2
2026-08-25 17:18:12,4027,27.3,96.2
2026-08-25 17:18:17,4032,27.3,96.2
2026-08-25 17:18:22,4033,27.3,96.2
2026-08-25 17:18:27,4035,27.3,96.2
2026-08-25 17:18:33,4043,27.3,96.2
2026-08-25 17:18:38,4045,27.3,96.2
2026-08-25 17:18:43,4049,27.3,96.2
2026-08-25 17:18:49,4051,27.3,96.2
2026-08-25 17:18:54,4057,27.3,96.2
2026-08-25 17:18:59,4058,27.3,96.2
2026-08-25 17:19:04,4060,27.3,96.2
2026-08-25 17:19:10,4061,27.4,96.2
2026-08-25 17:19:15,4066,27.3,96.2
2026-08-25 17:19:20,4069,27.4,96.2
2026-08-25 17:19:26,4071,27.3,96.2
2026-08-25 17:19:31,4077,27.4,96.2
2026-08-25 17:19:41,4079,27.3,96.2
2026-08-25 17:19:52,4080,27.4,96.2
2026-08-25 17:19:57,4084,27.4,96.2
2026-08-25 17:20:02,4085,27.3,96.2
2026-08-25 17:20:08,4084,27.3,96.2
2026-08-25 17:20:18,4089,27.3,96.2
2026-08-25 17:20:23,4090,27.3,96.2
2026-08-25 17:20:34,4088,27.4,96.2
2026-08-25 17:20:39,4090,27.4,96.3
2026-08-25 17:20:44,4094,27.4,96.3
2026-08-25 17:20:50,4096,27.4,96.2
2026-08-25 17:20:55,4102,27.4,96.2
2026-08-25 17:21:00,4104,27.4,96.2
2026-08-25 17:21:05,4108,27.4,96.2
2026-08-25 17:21:11,4107,27.4,96.3
2026-08-25 17:21:16,4108,27.4,96.2
2026-08-25 17:21:21,4107,27.4,96.3
2026-08-25 17:21:26,4113,27.3,96.3
2026-08-25 17:21:32,4112,27.4,96.3
2026-08-25 17:21:37,4113,27.4,96.3
2026-08-25 17:21:42,4115,27.4,96.3
2026-08-25 17:21:53,4117,27.4,96.2
2026-08-25 17:21:58,4114,27.4,96.3
2026-08-25 17:22:03,4119,27.4,96.2
2026-08-25 17:22:08,4124,27.4,96.3
2026-08-25 17:22:14,4121,27.4,96.3
2026-08-25 17:22:19,4127,27.4,96.2
2026-08-25 17:22:30,4128,27.4,96.3
2026-08-25 17:22:35,4130,27.4,96.3
2026-08-25 17:22:46,4132,27.4,96.3
2026-08-25 17:22:51,4134,27.4,96.3
2026-08-25 17:23:07,4133,27.4,96.2
2026-08-25 17:23:12,4130,27.4,96.3
2026-08-25 17:23:17,4129,27.4,96.3
2026-08-25 17:23:28,4131,27.4,96.3
2026-08-25 17:23:33,4134,27.4,96.3
2026-08-25 17:23:39,4133,27.4,96.3
2026-08-25 17:23:44,4131,27.4,96.2
2026-08-25 17:23:50,4132,27.4,96.2
2026-08-25 17:23:55,4135,27.4,96.3
2026-08-25 17:24:00,4137,27.4,96.3
2026-08-25 17:24:05,4139,27.4,96.3
2026-08-25 17:24:11,4137,27.4,96.3
2026-08-25 17:24:16,4139,27.4,96.3
2026-08-25 17:24:21,4143,27.4,96.3
2026-08-25 17:24:26,4141,27.4,96.3
2026-08-25 17:24:37,4147,27.4,96.3
2026-08-25 17:24:42,4151,27.4,96.3
2026-08-25 17:24:47,4153,27.4,96.3
2026-08-25 17:24:53,4154,27.4,96.3
2026-08-25 17:24:58,4157,27.4,96.3
2026-08-25 17:25:03,4159,27.4,96.3
2026-08-25 17:25:08,4160,27.4,96.3
2026-08-25 17:25:14,4159,27.4,96.3
2026-08-25 17:25:19,4163,27.4,96.3
2026-08-25 17:25:25,4161,27.4,96.3
2026-08-25 17:25:30,4162,27.4,96.3
2026-08-25 17:25:35,4167,27.4,96.3
2026-08-25 17:25:40,4170,27.4,96.3
2026-08-25 17:25:46,4173,27.4,96.3
2026-08-25 17:25:51,4174,27.4,96.2
2026-08-25 17:25:56,4173,27.4,96.2
2026-08-25 17:26:01,4176,27.4,96.2
2026-08-25 17:26:07,4178,27.4,96.3
2026-08-25 17:26:12,4177,27.4,96.3
2026-08-25 17:26:17,4180,27.4,96.3
2026-08-25 17:26:22,4181,27.4,96.2
2026-08-25 17:26:33,4183,27.4,96.3
2026-08-25 17:26:38,4185,27.4,96.3
2026-08-25 17:26:48,4187,27.4,96.3
2026-08-25 17:26:54,4188,27.4,96.2
2026-08-25 17:27:05,4190,27.4,96.2
2026-08-25 17:27:10,4186,27.4,96.2
2026-08-25 17:27:20,4190,27.4,96.1
2026-08-25 17:27:26,4193,27.4,96.1
2026-08-25 17:27:31,4191,27.4,96.1
2026-08-25 17:27:36,4188,27.5,96.1
2026-08-25 17:27:41,4186,27.4,96.1
2026-08-25 17:27:47,4184,27.5,96.1
2026-08-25 17:27:52,4179,27.4,96.1
2026-08-25 17:27:57,4173,27.4,96.1
2026-08-25 17:28:02,4144,27.4,96.1
2026-08-25 17:28:08,4143,27.5,96.1
2026-08-25 17:28:13,4144,27.4,96.1
2026-08-25 17:28:18,4146,27.5,96.1
2026-08-25 17:28:24,4147,27.4,96.1
2026-08-25 17:28:40,4146,27.4,96.1
2026-08-25 17:28:45,4141,27.5,96.1
2026-08-25 17:28:50,4143,27.4,96.1
2026-08-25 17:28:55,4139,27.5,96.2
2026-08-25 17:29:01,4137,27.5,96.1
2026-08-25 17:29:06,4130,27.5,96.1
2026-08-25 17:29:11,4134,27.5,96.1
2026-08-25 17:29:22,4135,27.5,96.1
2026-08-25 17:29:27,4137,27.4,96.2
2026-08-25 17:29:32,4136,27.5,96.2
2026-08-25 17:29:43,4137,27.5,96.2
2026-08-25 17:29:48,4134,27.5,96.2
2026-08-25 17:29:53,4133,27.5,96.1
2026-08-25 17:29:59,4131,27.5,96.1
2026-08-25 17:30:04,4129,27.5,96.1
2026-08-25 17:30:09,4127,27.5,96.1
2026-08-25 17:30:15,4125,27.5,96.1
2026-08-25 17:30:20,4124,27.5,96.1
2026-08-25 17:30:31,4123,27.5,96.2
2026-08-25 17:30:36,4121,27.5,96.1
2026-08-25 17:30:41,4122,27.4,96.2
2026-08-25 17:30:46,4121,27.5,96.2
2026-08-25 17:30:52,4116,27.5,96.2
2026-08-25 17:31:02,4113,27.5,96.2
2026-08-25 17:31:08,4112,27.5,96.2
2026-08-25 17:31:18,4106,27.5,96.2
2026-08-25 17:31:23,4104,27.5,96.1
2026-08-25 17:31:34,4103,27.5,96.1
2026-08-25 17:31:44,4104,27.5,96.2
2026-08-25 17:31:50,4105,27.5,96.1
2026-08-25 17:31:55,4104,27.5,96.2
2026-08-25 17:32:00,4105,27.5,96.2
2026-08-25 17:32:06,4103,27.5,96.2
2026-08-25 17:32:11,4100,27.5,96.2
2026-08-25 17:32:16,4095,27.5,96.2
2026-08-25 17:32:22,4092,27.5,96.2
2026-08-25 17:32:27,4095,27.5,96.2
2026-08-25 17:32:32,4093,27.5,96.2
2026-08-25 17:32:42,4092,27.5,96.2
2026-08-25 17:32:48,4097,27.5,96.2
2026-08-25 17:32:53,4098,27.5,96.2
2026-08-25 17:32:58,4099,27.5,96.2
2026-08-25 17:33:03,4098,27.5,96.2
2026-08-25 17:33:09,4101,27.5,96.2
2026-08-25 17:33:19,4097,27.5,96.2
2026-08-25 17:33:24,4101,27.5,96.2
2026-08-25 17:33:30,4100,27.5,96.2
2026-08-25 17:33:36,4099,27.5,96.2
2026-08-25 17:33:48,4101,27.5,96.2
2026-08-25 17:33:54,4102,27.5,96.2
2026-08-25 17:34:04,4105,27.5,96.2
2026-08-25 17:34:09,4104,27.5,96.2
2026-08-25 17:34:15,4105,27.5,96.2
2026-08-25 17:34:20,4106,27.5,96.2
2026-08-25 17:34:25,4110,27.5,96.2
2026-08-25 17:34:31,4108,27.5,96.2
2026-08-25 17:34:36,4109,27.5,96.2
2026-08-25 17:34:41,4106,27.5,96.2
2026-08-25 17:34:46,4108,27.5,96.2
2026-08-25 17:34:52,4112,27.5,96.2
2026-08-25 17:34:57,4111,27.5,96.2
2026-08-25 17:35:08,4107,27.5,96.2
2026-08-25 17:35:13,4110,27.5,96.2
2026-08-25 17:35:18,4112,27.5,96.2
2026-08-25 17:35:29,4108,27.5,96.2
2026-08-25 17:35:34,4110,27.5,96.2
2026-08-25 17:35:50,4111,27.5,96.2
2026-08-25 17:36:00,4114,27.5,96.3
2026-08-25 17:36:06,4113,27.5,96.2
2026-08-25 17:36:11,4114,27.5,96.2
2026-08-25 17:36:16,4111,27.5,96.2
2026-08-25 17:36:22,4116,27.5,96.2
2026-08-25 17:36:32,4114,27.5,96.3
2026-08-25 17:36:38,4111,27.5,96.2
2026-08-25 17:36:43,4112,27.5,96.2
2026-08-25 17:36:48,4113,27.5,96.2
2026-08-25 17:36:59,4114,27.5,96.3
2026-08-25 17:37:09,4115,27.5,96.2
2026-08-25 17:37:14,4116,27.5,96.3
2026-08-25 17:37:25,4118,27.5,96.3
2026-08-25 17:37:30,4121,27.5,96.2
2026-08-25 17:37:42,4124,27.5,96.2
2026-08-25 17:37:47,4126,27.5,96.3
2026-08-25 17:37:52,4125,27.5,96.2
2026-08-25 17:38:03,4126,27.5,96.2
2026-08-25 17:38:08,4122,27.5,96.2
2026-08-25 17:38:18,4123,27.6,96.2
2026-08-25 17:38:24,4124,27.6,96.3
2026-08-25 17:38:29,4121,27.6,96.2
2026-08-25 17:38:34,4127,27.6,96.2
2026-08-25 17:38:40,4126,27.6,96.2
2026-08-25 17:38:50,4127,27.5,96.2
2026-08-25 17:38:56,4129,27.6,96.2
2026-08-25 17:39:11,4131,27.5,96.2
2026-08-25 17:39:17,4132,27.5,96.2
2026-08-25 17:39:22,4129,27.6,96.2
2026-08-25 17:39:38,4130,27.6,96.3
2026-08-25 17:39:43,4135,27.6,96.2
2026-08-25 17:39:48,4136,27.6,96.3
2026-08-25 17:39:54,4138,27.6,96.3
2026-08-25 17:39:59,4141,27.6,96.3
2026-08-25 17:40:04,4142,27.6,96.2
2026-08-25 17:40:09,4141,27.6,96.3
2026-08-25 17:40:15,4143,27.6,96.3
2026-08-25 17:40:20,4144,27.6,96.3
2026-08-25 17:40:30,4146,27.6,96.3
2026-08-25 17:40:36,4143,27.6,96.3
2026-08-25 17:40:46,4145,27.5,96.3
2026-08-25 17:40:52,4150,27.6,96.3
2026-08-25 17:40:57,4149,27.5,96.3
2026-08-25 17:41:02,4151,27.5,96.3
2026-08-25 17:41:07,4150,27.6,96.3
2026-08-25 17:41:13,4149,27.6,96.3
2026-08-25 17:41:18,4150,27.6,96.2
2026-08-25 17:41:23,4149,27.6,96.2
2026-08-25 17:41:29,4150,27.6,96.2
2026-08-25 17:41:34,4151,27.6,96.2
2026-08-25 17:41:39,4154,27.6,96.2
2026-08-25 17:41:44,4156,27.6,96.2
2026-08-25 17:41:50,4155,27.6,96.3
2026-08-25 17:41:55,4159,27.6,96.2
2026-08-25 17:42:05,4156,27.6,96.3
2026-08-25 17:42:10,4161,27.6,96.3
2026-08-25 17:42:16,4165,27.6,96.3
2026-08-25 17:42:21,4167,27.6,96.3
2026-08-25 17:42:26,4165,27.6,96.3
2026-08-25 17:42:31,4168,27.6,96.3
2026-08-25 17:42:37,4171,27.6,96.3
2026-08-25 17:42:42,4166,27.6,96.3
2026-08-25 17:42:53,4167,27.6,96.3
2026-08-25 17:42:58,4168,27.6,96.3
2026-08-25 17:43:03,4165,27.6,96.3
2026-08-25 17:43:08,4167,27.6,96.3
2026-08-25 17:43:14,4162,27.6,96.3
2026-08-25 17:43:19,4161,27.6,96.3
2026-08-25 17:43:29,4164,27.6,96.3
2026-08-25 17:43:34,4169,27.6,96.3
2026-08-25 17:43:40,4165,27.6,96.3
2026-08-25 17:43:45,4168,27.6,96.3
2026-08-25 17:44:01,4170,27.6,96.3
2026-08-25 17:44:06,4171,27.6,96.3
2026-08-25 17:44:16,4173,27.6,96.3
2026-08-25 17:44:27,4176,27.6,96.3
2026-08-25 17:44:32,4178,27.6,96.3
2026-08-25 17:44:38,4176,27.6,96.3
2026-08-25 17:44:43,4172,27.6,96.3
2026-08-25 17:44:54,4169,27.6,96.3
2026-08-25 17:45:04,4166,27.6,96.3
2026-08-25 17:45:09,4167,27.6,96.2
2026-08-25 17:45:25,4169,27.6,96.3
2026-08-25 17:45:36,4167,27.6,96.2
2026-08-25 17:45:41,4162,27.6,96.2
2026-08-25 17:45:46,4163,27.6,96.2
2026-08-25 17:45:51,4161,27.6,96.2
2026-08-25 17:45:57,4163,27.6,96.2
2026-08-25 17:46:02,4159,27.6,96.2
2026-08-25 17:46:07,4158,27.6,96.2
2026-08-25 17:46:13,4152,27.6,96.2
2026-08-25 17:46:18,4151,27.6,96.2
2026-08-25 17:46:23,4148,27.6,96.2
2026-08-25 17:46:34,4146,27.6,96.2
2026-08-25 17:46:39,4143,27.6,96.2
2026-08-25 17:46:44,4144,27.6,96.2
2026-08-25 17:46:49,4145,27.6,96.2
2026-08-25 17:47:00,4146,27.6,96.2
2026-08-25 17:47:05,4147,27.6,96.2
2026-08-25 17:47:10,4148,27.6,96.2
2026-08-25 17:47:15,4144,27.6,96.1
2026-08-25 17:47:21,4140,27.6,96.2
2026-08-25 17:47:26,4138,27.6,96.1
2026-08-25 17:47:31,4137,27.6,96.1
2026-08-25 17:47:36,4134,27.6,96.1
2026-08-25 17:47:42,4128,27.6,96.1
2026-08-25 17:47:52,4125,27.6,96.1
2026-08-25 17:47:57,4118,27.6,96.1
2026-08-25 17:48:03,4112,27.6,96.1
2026-08-25 17:48:08,4109,27.6,96.1
2026-08-25 17:48:13,4096,27.6,96.1
2026-08-25 17:48:18,4082,27.6,96.1
2026-08-25 17:48:24,4079,27.6,96.0
2026-08-25 17:48:29,4073,27.6,96.0
2026-08-25 17:48:34,4070,27.6,96.0
2026-08-25 17:48:40,4067,27.6,96.0
2026-08-25 17:48:45,4063,27.6,96.0
2026-08-25 17:48:55,4059,27.6,96.1
2026-08-25 17:49:01,4055,27.6,96.1
2026-08-25 17:49:06,4046,27.6,96.1
2026-08-25 17:49:11,4043,27.6,96.1
2026-08-25 17:49:16,4042,27.6,96.1
2026-08-25 17:49:21,4041,27.6,96.0
2026-08-25 17:49:27,4035,27.6,96.0
2026-08-25 17:49:32,4034,27.6,96.0
2026-08-25 17:49:37,4033,27.6,96.0
2026-08-25 17:49:43,4030,27.6,96.0
2026-08-25 17:49:48,4028,27.6,96.0
2026-08-25 17:49:53,4019,27.6,95.9
2026-08-25 17:49:58,4018,27.6,95.7
2026-08-25 17:50:04,3983,27.6,95.5
2026-08-25 17:50:09,3946,27.6,95.3
2026-08-25 17:50:14,3881,27.6,95.2
2026-08-25 17:50:19,3880,27.6,95.2
2026-08-25 17:50:25,3877,27.6,95.2
2026-08-25 17:50:30,3770,27.6,94.8
2026-08-25 17:50:35,3752,27.6,94.6
2026-08-25 17:50:41,3709,27.6,94.4
2026-08-25 17:50:46,3617,27.6,94.3
2026-08-25 17:50:51,3578,27.6,94.2
2026-08-25 17:50:56,3488,27.6,94.2
2026-08-25 17:51:02,3484,27.5,94.3
2026-08-25 17:51:07,3480,27.6,94.5
2026-08-25 17:51:12,3464,27.5,94.5
2026-08-25 17:51:17,3382,27.6,94.4
2026-08-25 17:51:23,3378,27.5,94.5
2026-08-25 17:51:28,3375,27.6,94.6
2026-08-25 17:51:33,3372,27.5,94.6
2026-08-25 17:51:38,3369,27.5,94.8
2026-08-25 17:51:44,3364,27.5,94.9
2026-08-25 17:51:49,3366,27.5,95.0
2026-08-25 17:51:54,3367,27.5,95.1
2026-08-25 17:51:59,3369,27.5,95.2
2026-08-25 17:52:05,3368,27.5,95.2
2026-08-25 17:52:10,3363,27.5,95.3
2026-08-25 17:52:15,3362,27.5,95.4
2026-08-25 17:52:26,3360,27.5,95.5
2026-08-25 17:52:31,3363,27.5,95.4
2026-08-25 17:52:36,3362,27.5,95.5
2026-08-25 17:52:41,3364,27.5,95.6
2026-08-25 17:52:47,3366,27.5,95.6
2026-08-25 17:52:52,3367,27.5,95.6
2026-08-25 17:52:57,3368,27.5,95.6
2026-08-25 17:53:03,3369,27.5,95.6
2026-08-25 17:53:08,3371,27.5,95.7
2026-08-25 17:53:13,3375,27.5,95.7
2026-08-25 17:53:29,3379,27.5,95.6
2026-08-25 17:53:35,3378,27.5,95.7
2026-08-25 17:53:40,3375,27.5,95.7
2026-08-25 17:53:45,3376,27.5,95.7
2026-08-25 17:53:56,3378,27.5,95.6
2026-08-25 17:54:01,3379,27.5,95.6
2026-08-25 17:54:06,3380,27.5,95.6
2026-08-25 17:54:17,3382,27.5,95.6
2026-08-25 17:54:22,3383,27.5,95.6
2026-08-25 17:54:27,3386,27.5,95.6
2026-08-25 17:54:33,3389,27.5,95.6
2026-08-25 17:54:38,3390,27.5,95.6
2026-08-25 17:54:43,3391,27.5,95.6
2026-08-25 17:54:49,3392,27.5,95.6
2026-08-25 17:54:54,3393,27.5,95.6
2026-08-25 17:55:04,3395,27.5,95.6
2026-08-25 17:55:10,3397,27.5,95.6
2026-08-25 17:55:15,3395,27.5,95.6
2026-08-25 17:55:25,3398,27.5,95.6
2026-08-25 17:55:31,3396,27.5,95.6
2026-08-25 17:55:36,3395,27.5,95.6
2026-08-25 17:55:41,3394,27.5,95.6
2026-08-25 17:55:52,3400,27.5,95.6
2026-08-25 17:56:02,3401,27.5,95.7
2026-08-25 17:56:08,3402,27.5,95.7
2026-08-25 17:56:18,3404,27.5,95.7
2026-08-25 17:56:24,3402,27.5,95.7
2026-08-25 17:56:29,3401,27.5,95.7
2026-08-25 17:56:34,3400,27.5,95.7
2026-08-25 17:56:39,3404,27.5,95.7
2026-08-25 17:56:45,3407,27.5,95.8
2026-08-25 17:56:50,3406,27.5,95.8
2026-08-25 17:56:55,3409,27.5,95.8
2026-08-25 17:57:00,3408,27.5,95.8
2026-08-25 17:57:06,3409,27.5,95.8
2026-08-25 17:57:11,3407,27.5,95.8
2026-08-25 17:57:16,3405,27.5,95.8
2026-08-25 17:57:42,3402,27.5,95.9
2026-08-25 17:57:47,3404,27.5,95.9
2026-08-25 17:57:53,3401,27.5,95.9
2026-08-25 17:57:58,3402,27.5,95.9
2026-08-25 17:58:03,3398,27.5,95.9
2026-08-25 17:58:09,3400,27.5,95.9
2026-08-25 17:58:14,3399,27.5,95.9
2026-08-25 17:58:19,3400,27.5,95.9
2026-08-25 17:58:25,3402,27.5,95.9
2026-08-25 17:58:30,3404,27.5,95.9
2026-08-25 17:58:35,3401,27.5,95.9
2026-08-25 17:58:40,3397,27.5,96.0
2026-08-25 17:58:46,3394,27.5,95.9
2026-08-25 17:58:51,3395,27.5,95.9
2026-08-25 17:58:56,3393,27.5,95.9
2026-08-25 17:59:01,3392,27.5,95.9
2026-08-25 17:59:07,3390,27.5,95.9
2026-08-25 17:59:12,3391,27.5,95.9
2026-08-25 17:59:33,3389,27.5,95.9
2026-08-25 17:59:39,3391,27.5,95.9
2026-08-25 17:59:49,3389,27.5,95.9
2026-08-25 18:00:00,3387,27.5,96.0
2026-08-25 18:00:10,3385,27.5,95.9
2026-08-25 18:00:15,3383,27.5,95.9
2026-08-25 18:00:21,3384,27.5,96.0
2026-08-25 18:00:26,3385,27.5,95.9
2026-08-25 18:00:31,3384,27.5,95.9
2026-08-25 18:00:42,3386,27.5,95.9
2026-08-25 18:00:47,3385,27.5,95.9
2026-08-25 18:00:52,3384,27.5,96.0
2026-08-25 18:00:57,3385,27.5,95.9
2026-08-25 18:01:03,3382,27.5,95.9
2026-08-25 18:01:08,3379,27.5,95.9
2026-08-25 18:01:19,3380,27.5,95.9
2026-08-25 18:01:29,3379,27.5,96.0
2026-08-25 18:01:45,3380,27.5,95.9
2026-08-25 18:01:50,3381,27.5,95.9
2026-08-25 18:01:55,3382,27.5,96.0
2026-08-25 18:02:01,3384,27.5,95.9
2026-08-25 18:02:06,3381,27.5,96.0
2026-08-25 18:02:11,3380,27.5,96.0
2026-08-25 18:02:22,3381,27.5,96.0
2026-08-25 18:02:27,3383,27.5,96.0
2026-08-25 18:02:32,3386,27.5,96.0
2026-08-25 18:02:38,3385,27.5,96.0
2026-08-25 18:02:53,3384,27.5,96.0
2026-08-25 18:02:59,3388,27.5,96.0
2026-08-25 18:03:04,3390,27.5,96.0
2026-08-25 18:03:09,3393,27.4,96.0
2026-08-25 18:03:15,3394,27.5,96.0
2026-08-25 18:03:20,3396,27.5,96.0
2026-08-25 18:03:26,3400,27.5,96.0
2026-08-25 18:03:31,3404,27.5,96.0
2026-08-25 18:03:36,3403,27.5,96.0
2026-08-25 18:03:47,3407,27.5,96.0
2026-08-25 18:03:57,3410,27.5,96.0
2026-08-25 18:04:02,3411,27.5,96.0
2026-08-25 18:04:08,3412,27.5,96.0
2026-08-25 18:04:13,3415,27.5,96.0
2026-08-25 18:04:18,3417,27.5,96.0
2026-08-25 18:04:29,3418,27.5,96.0
2026-08-25 18:04:34,3419,27.4,96.0
2026-08-25 18:04:39,3420,27.5,96.0
2026-08-25 18:04:45,3419,27.5,96.0
2026-08-25 18:04:55,3421,27.4,96.0
2026-08-25 18:05:06,3424,27.4,96.0
2026-08-25 18:05:16,3426,27.5,96.0
2026-08-25 18:05:27,3427,27.4,96.0
2026-08-25 18:05:32,3428,27.4,96.0
2026-08-25 18:05:48,3431,27.4,96.0
2026-08-25 18:05:53,3432,27.4,96.0
2026-08-25 18:05:58,3430,27.4,96.0
2026-08-25 18:06:04,3435,27.5,96.1
2026-08-25 18:06:09,3433,27.4,96.1
2026-08-25 18:06:14,3434,27.4,96.1
2026-08-25 18:06:20,3437,27.4,96.1
2026-08-25 18:06:30,3441,27.4,96.1
2026-08-25 18:06:35,3443,27.4,96.1
2026-08-25 18:06:41,3448,27.4,96.1
2026-08-25 18:06:46,3449,27.4,96.1
2026-08-25 18:06:51,3451,27.4,96.1
2026-08-25 18:06:56,3452,27.4,96.1
2026-08-25 18:07:02,3449,27.4,96.1
2026-08-25 18:07:07,3453,27.4,96.1
2026-08-25 18:07:12,3459,27.4,96.1
2026-08-25 18:07:28,3460,27.4,96.2
2026-08-25 18:07:33,3462,27.4,96.2
2026-08-25 18:07:38,3461,27.4,96.2
2026-08-25 18:07:44,3462,27.4,96.2
2026-08-25 18:07:49,3465,27.4,96.2
2026-08-25 18:07:54,3470,27.4,96.2
2026-08-25 18:07:59,3473,27.4,96.2
2026-08-25 18:08:05,3474,27.4,96.2
2026-08-25 18:08:15,3476,27.4,96.2
2026-08-25 18:08:20,3480,27.4,96.2
2026-08-25 18:08:26,3486,27.4,96.2
2026-08-25 18:08:31,3487,27.4,96.3
2026-08-25 18:08:36,3491,27.4,96.3
2026-08-25 18:08:41,3492,27.4,96.3
2026-08-25 18:08:47,3493,27.4,96.2
2026-08-25 18:08:52,3494,27.4,96.2
2026-08-25 18:08:57,3496,27.4,96.2
2026-08-25 18:09:03,3495,27.4,96.3
2026-08-25 18:09:08,3497,27.4,96.3
2026-08-25 18:09:13,3500,27.4,96.2
2026-08-25 18:09:18,3503,27.4,96.3
2026-08-25 18:09:24,3504,27.4,96.3
2026-08-25 18:09:29,3510,27.4,96.3
2026-08-25 18:09:34,3512,27.4,96.3
2026-08-25 18:09:39,3515,27.4,96.3
2026-08-25 18:09:45,3517,27.4,96.3
2026-08-25 18:09:50,3522,27.4,96.3
2026-08-25 18:09:55,3524,27.4,96.3
2026-08-25 18:10:01,3530,27.4,96.3
2026-08-25 18:10:06,3531,27.4,96.3
2026-08-25 18:10:11,3535,27.4,96.3
2026-08-25 18:10:16,3538,27.4,96.3
2026-08-25 18:10:22,3540,27.4,96.3
2026-08-25 18:10:27,3544,27.4,96.3
2026-08-25 18:10:32,3546,27.4,96.3
2026-08-25 18:10:48,3549,27.4,96.3
2026-08-25 18:10:53,3551,27.4,96.3
2026-08-25 18:10:59,3554,27.4,96.3
2026-08-25 18:11:04,3555,27.4,96.3
2026-08-25 18:11:09,3557,27.4,96.3
2026-08-25 18:11:14,3560,27.4,96.3
2026-08-25 18:11:20,3562,27.4,96.3
2026-08-25 18:11:30,3561,27.4,96.3
2026-08-25 18:11:41,3562,27.4,96.3
2026-08-25 18:11:46,3563,27.4,96.3
2026-08-25 18:11:51,3565,27.4,96.3
2026-08-25 18:11:56,3567,27.4,96.3
2026-08-25 18:12:02,3568,27.4,96.3
2026-08-25 18:12:07,3570,27.4,96.3
2026-08-25 18:12:12,3568,27.4,96.3
2026-08-25 18:12:18,3573,27.4,96.3
2026-08-25 18:12:23,3575,27.4,96.3
2026-08-25 18:12:28,3572,27.4,96.3
2026-08-25 18:12:33,3575,27.4,96.3
2026-08-25 18:12:39,3576,27.4,96.3
2026-08-25 18:12:49,3575,27.4,96.3
2026-08-25 18:12:54,3578,27.4,96.3
2026-08-25 18:13:00,3580,27.4,96.3
2026-08-25 18:13:05,3581,27.4,96.3
2026-08-25 18:13:10,3582,27.4,96.3
2026-08-25 18:13:16,3585,27.4,96.3
2026-08-25 18:13:21,3584,27.4,96.3
2026-08-25 18:13:26,3588,27.4,96.3
2026-08-25 18:13:37,3585,27.4,96.3
2026-08-25 18:13:42,3583,27.4,96.3
2026-08-25 18:13:47,3582,27.4,96.3
2026-08-25 18:13:53,3586,27.4,96.3
2026-08-25 18:13:58,3585,27.4,96.3
2026-08-25 18:14:08,3587,27.4,96.3
2026-08-25 18:14:14,3586,27.4,96.3
2026-08-25 18:14:19,3585,27.4,96.3
2026-08-25 18:14:35,3583,27.4,96.2
2026-08-25 18:14:45,3585,27.4,96.3
2026-08-25 18:14:50,3580,27.4,96.3
2026-08-25 18:14:56,3581,27.4,96.3
2026-08-25 18:15:06,3582,27.4,96.3
2026-08-25 18:15:11,3583,27.3,96.3
2026-08-25 18:15:22,3580,27.3,96.2
2026-08-25 18:15:27,3583,27.4,96.2
2026-08-25 18:15:32,3580,27.4,96.3
2026-08-25 18:15:38,3581,27.3,96.2
2026-08-25 18:15:53,3580,27.4,96.3
2026-08-25 18:16:04,3576,27.4,96.3
2026-08-25 18:16:14,3573,27.3,96.3
2026-08-25 18:16:35,3570,27.3,96.2
2026-08-25 18:16:51,3572,27.3,96.3
2026-08-25 18:16:57,3567,27.3,96.2
2026-08-25 18:17:02,3569,27.3,96.3
2026-08-25 18:17:07,3570,27.3,96.3
2026-08-25 18:17:18,3572,27.3,96.3
2026-08-25 18:17:23,3571,27.3,96.3
2026-08-25 18:17:28,3570,27.3,96.2
2026-08-25 18:17:39,3571,27.3,96.3
2026-08-25 18:17:44,3569,27.3,96.2
2026-08-25 18:17:54,3572,27.3,96.3
2026-08-25 18:18:00,3567,27.3,96.2
2026-08-25 18:18:10,3565,27.3,96.3
2026-08-25 18:18:15,3563,27.3,96.3
2026-08-25 18:18:21,3565,27.3,96.2
2026-08-25 18:18:26,3563,27.3,96.3
2026-08-25 18:18:31,3564,27.4,96.3
2026-08-25 18:18:37,3566,27.3,96.2
2026-08-25 18:18:42,3567,27.3,96.3
2026-08-25 18:18:48,3571,27.3,96.3
2026-08-25 18:18:58,3568,27.3,96.3
2026-08-25 18:19:05,3570,27.3,96.3
2026-08-25 18:19:10,3569,27.3,96.3
2026-08-25 18:19:16,3571,27.3,96.3
2026-08-25 18:19:21,3570,27.3,96.3
2026-08-25 18:19:26,3571,27.3,96.3
2026-08-25 18:19:37,3572,27.3,96.3
2026-08-25 18:19:42,3576,27.3,96.3
2026-08-25 18:19:47,3575,27.3,96.3
2026-08-25 18:19:53,3573,27.3,96.3
2026-08-25 18:19:58,3575,27.3,96.3
2026-08-25 18:20:03,3576,27.3,96.3
2026-08-25 18:20:13,3582,27.3,96.3
2026-08-25 18:20:19,3584,27.3,96.3
2026-08-25 18:20:24,3582,27.3,96.3
2026-08-25 18:20:30,3584,27.3,96.3
2026-08-25 18:20:35,3588,27.3,96.3
2026-08-25 18:20:45,3586,27.3,96.3
2026-08-25 18:20:51,3587,27.3,96.3
2026-08-25 18:20:56,3586,27.3,96.3
2026-08-25 18:21:01,3584,27.3,96.3
2026-08-25 18:21:06,3587,27.3,96.3
2026-08-25 18:21:12,3589,27.3,96.3
2026-08-25 18:21:17,3591,27.3,96.3
2026-08-25 18:21:22,3593,27.3,96.3
2026-08-25 18:21:27,3591,27.3,96.3
2026-08-25 18:21:33,3594,27.3,96.3
2026-08-25 18:21:38,3599,27.3,96.4
2026-08-25 18:21:43,3597,27.3,96.4
2026-08-25 18:21:48,3598,27.3,96.3
2026-08-25 18:21:59,3597,27.3,96.3
2026-08-25 18:22:04,3598,27.3,96.4
2026-08-25 18:22:10,3599,27.3,96.3
2026-08-25 18:22:20,3600,27.3,96.3
2026-08-25 18:22:25,3601,27.3,96.4
2026-08-25 18:22:31,3602,27.3,96.4
2026-08-25 18:22:36,3605,27.3,96.3
2026-08-25 18:22:41,3604,27.3,96.3
2026-08-25 18:22:46,3603,27.3,96.4
2026-08-25 18:22:52,3604,27.3,96.4
2026-08-25 18:23:05,3600,27.3,96.4
2026-08-25 18:23:10,3606,27.3,96.3
2026-08-25 18:23:20,3602,27.3,96.4
2026-08-25 18:23:26,3601,27.3,96.4
2026-08-25 18:23:31,3603,27.3,96.4
2026-08-25 18:23:41,3606,27.3,96.4
2026-08-25 18:23:46,3607,27.3,96.4
2026-08-25 18:23:52,3606,27.3,96.4
2026-08-25 18:23:57,3605,27.3,96.4
2026-08-25 18:24:08,3607,27.3,96.4
2026-08-25 18:24:13,3608,27.3,96.3
2026-08-25 18:24:18,3605,27.3,96.3
2026-08-25 18:24:29,3604,27.3,96.4
2026-08-25 18:24:34,3606,27.3,96.3
2026-08-25 18:24:39,3604,27.3,96.4
2026-08-25 18:24:50,3603,27.3,96.3
2026-08-25 18:24:55,3601,27.3,96.4
2026-08-25 18:25:06,3602,27.3,96.4
2026-08-25 18:25:11,3599,27.3,96.4
2026-08-25 18:25:16,3598,27.3,96.3
2026-08-25 18:25:21,3594,27.3,96.3
2026-08-25 18:25:27,3595,27.3,96.3
2026-08-25 18:25:32,3593,27.3,96.3
2026-08-25 18:25:37,3591,27.3,96.3
2026-08-25 18:25:43,3594,27.3,96.3
2026-08-25 18:25:48,3596,27.3,96.3
2026-08-25 18:25:53,3597,27.2,96.3
2026-08-25 18:25:58,3596,27.3,96.3
2026-08-25 18:26:04,3595,27.3,96.3
2026-08-25 18:26:09,3597,27.3,96.3
2026-08-25 18:26:19,3595,27.3,96.3
2026-08-25 18:26:30,3597,27.3,96.3
2026-08-25 18:26:35,3594,27.3,96.3
2026-08-25 18:26:46,3596,27.3,96.2
2026-08-25 18:26:51,3598,27.2,96.3
2026-08-25 18:27:01,3601,27.2,96.3
2026-08-25 18:27:07,3596,27.3,96.2
2026-08-25 18:27:12,3594,27.3,96.2
2026-08-25 18:27:17,3595,27.3,96.2
2026-08-25 18:27:22,3596,27.3,96.2
2026-08-25 18:27:38,3593,27.3,96.2
2026-08-25 18:27:54,3590,27.3,96.2
2026-08-25 18:27:59,3586,27.3,96.2
2026-08-25 18:28:05,3585,27.2,96.2
2026-08-25 18:28:10,3584,27.3,96.2
2026-08-25 18:28:15,3583,27.3,96.2
2026-08-25 18:28:20,3579,27.3,96.2
2026-08-25 18:28:26,3580,27.2,96.2
2026-08-25 18:28:31,3581,27.3,96.2
2026-08-25 18:28:36,3577,27.3,96.2
2026-08-25 18:28:41,3578,27.3,96.1
2026-08-25 18:28:47,3577,27.2,96.2
2026-08-25 18:28:52,3576,27.2,96.1
2026-08-25 18:29:08,3578,27.2,96.1
2026-08-25 18:29:13,3580,27.3,96.1
2026-08-25 18:29:19,3579,27.2,96.1
2026-08-25 18:29:24,3578,27.3,96.1
2026-08-25 18:29:29,3575,27.3,96.1
2026-08-25 18:29:34,3577,27.2,96.1
2026-08-25 18:29:40,3575,27.2,96.1
2026-08-25 18:29:45,3574,27.2,96.1
2026-08-25 18:29:50,3576,27.2,96.1
2026-08-25 18:29:55,3575,27.2,96.1
2026-08-25 18:30:01,3571,27.2,96.1
2026-08-25 18:30:11,3569,27.2,96.1
2026-08-25 18:30:16,3567,27.3,96.1
2026-08-25 18:30:22,3564,27.2,96.1
2026-08-25 18:30:27,3562,27.2,96.1
2026-08-25 18:30:37,3560,27.3,96.1
2026-08-25 18:30:48,3559,27.2,96.1
2026-08-25 18:30:59,3556,27.2,96.1
2026-08-25 18:31:04,3557,27.2,96.1
2026-08-25 18:31:20,3556,27.2,96.0
2026-08-25 18:31:25,3550,27.3,96.0
2026-08-25 18:31:30,3549,27.2,96.0
2026-08-25 18:31:35,3547,27.2,96.1
2026-08-25 18:31:41,3546,27.2,96.0
2026-08-25 18:31:46,3547,27.2,96.1
2026-08-25 18:31:51,3544,27.2,96.1
2026-08-25 18:32:02,3540,27.3,96.0
2026-08-25 18:32:07,3539,27.2,96.0
2026-08-25 18:32:12,3538,27.2,96.0
2026-08-25 18:32:23,3537,27.3,96.0
2026-08-25 18:32:28,3538,27.2,96.0
2026-08-25 18:32:33,3535,27.2,96.0
2026-08-25 18:32:44,3536,27.2,96.0
2026-08-25 18:32:49,3537,27.2,96.0
2026-08-25 18:33:05,3536,27.2,96.0
2026-08-25 18:33:11,3537,27.2,96.0
2026-08-25 18:33:16,3538,27.2,96.0
2026-08-25 18:33:26,3537,27.2,96.0
2026-08-25 18:33:31,3536,27.2,96.0
2026-08-25 18:33:42,3538,27.2,96.0
2026-08-25 18:33:47,3536,27.2,96.0
2026-08-25 18:33:53,3534,27.2,96.0
2026-08-25 18:33:58,3535,27.2,96.0
2026-08-25 18:34:03,3537,27.2,96.0
2026-08-25 18:34:14,3538,27.2,96.0
2026-08-25 18:34:19,3539,27.2,96.0
2026-08-25 18:34:24,3540,27.2,96.0
2026-08-25 18:34:35,3542,27.2,96.0
2026-08-25 18:34:40,3545,27.2,96.0
2026-08-25 18:34:45,3547,27.2,96.0
2026-08-25 18:34:56,3546,27.2,96.0
2026-08-25 18:35:01,3547,27.2,96.0
2026-08-25 18:35:06,3550,27.2,96.0
2026-08-25 18:35:11,3552,27.2,96.0
2026-08-25 18:35:17,3553,27.2,96.0
2026-08-25 18:35:22,3555,27.2,96.0
2026-08-25 18:35:33,3553,27.2,96.0
2026-08-25 18:35:43,3554,27.2,96.0
2026-08-25 18:35:54,3555,27.2,96.0
2026-08-25 18:35:59,3557,27.2,96.0
2026-08-25 18:36:06,3559,27.2,96.0
2026-08-25 18:36:11,3562,27.2,96.0
2026-08-25 18:36:16,3561,27.2,96.0
2026-08-25 18:36:21,3559,27.2,96.1
2026-08-25 18:36:26,3558,27.2,96.0
2026-08-25 18:36:32,3561,27.2,96.0
2026-08-25 18:36:37,3563,27.2,96.0
2026-08-25 18:36:42,3562,27.2,96.0
2026-08-25 18:37:00,3561,27.2,96.0
2026-08-25 18:37:12,3559,27.2,96.0
2026-08-25 18:37:17,3560,27.2,96.0
2026-08-25 18:37:33,3561,27.2,96.0
2026-08-25 18:37:38,3563,27.2,96.0
2026-08-25 18:37:44,3560,27.2,96.0
2026-08-25 18:37:49,3557,27.2,96.0
2026-08-25 18:37:54,3560,27.2,96.1
2026-08-25 18:38:06,3557,27.2,96.0
2026-08-25 18:38:11,3558,27.2,96.0
2026-08-25 18:38:16,3557,27.2,96.0
2026-08-25 18:38:21,3560,27.2,96.0
2026-08-25 18:38:32,3563,27.2,96.0
2026-08-25 18:38:37,3565,27.2,96.0
2026-08-25 18:38:42,3562,27.2,96.0
2026-08-25 18:38:53,3561,27.2,96.0
2026-08-25 18:38:58,3560,27.2,96.0
2026-08-25 18:39:03,3562,27.2,96.0
2026-08-25 18:39:08,3563,27.2,96.0
2026-08-25 18:39:19,3564,27.2,96.1
2026-08-25 18:39:35,3563,27.2,96.0
2026-08-25 18:39:53,3564,27.2,96.1
2026-08-25 18:39:58,3563,27.2,96.0
2026-08-25 18:40:08,3562,27.2,96.1
2026-08-25 18:40:19,3561,27.2,96.1
2026-08-25 18:40:24,3566,27.2,96.1
2026-08-25 18:40:30,3565,27.2,96.1
2026-08-25 18:40:35,3566,27.2,96.1
2026-08-25 18:40:40,3569,27.2,96.0
2026-08-25 18:40:45,3570,27.2,96.1
2026-08-25 18:40:51,3569,27.2,96.1
2026-08-25 18:40:56,3568,27.2,96.1
2026-08-25 18:41:01,3570,27.2,96.1
2026-08-25 18:41:06,3569,27.2,96.1
2026-08-25 18:41:12,3567,27.2,96.1
2026-08-25 18:41:17,3569,27.2,96.1
2026-08-25 18:41:22,3570,27.2,96.1
2026-08-25 18:41:27,3571,27.2,96.1
2026-08-25 18:41:33,3573,27.2,96.2
2026-08-25 18:41:38,3577,27.2,96.1
2026-08-25 18:41:43,3574,27.2,96.2
2026-08-25 18:41:48,3573,27.2,96.2
2026-08-25 18:41:54,3575,27.2,96.2
2026-08-25 18:41:59,3574,27.2,96.1
2026-08-25 18:42:04,3576,27.2,96.1
2026-08-25 18:42:10,3573,27.2,96.1
2026-08-25 18:42:15,3575,27.2,96.1
2026-08-25 18:42:20,3580,27.2,96.1
2026-08-25 18:42:25,3578,27.2,96.2
2026-08-25 18:42:31,3577,27.2,96.2
2026-08-25 18:42:36,3579,27.2,96.2
2026-08-25 18:42:41,3577,27.2,96.2
2026-08-25 18:42:46,3581,27.2,96.2
2026-08-25 18:43:09,3584,27.2,96.2
2026-08-25 18:43:14,3585,27.2,96.2
2026-08-25 18:43:19,3587,27.2,96.2
2026-08-25 18:43:25,3591,27.2,96.2
2026-08-25 18:43:30,3595,27.2,96.2
2026-08-25 18:43:35,3596,27.2,96.2
2026-08-25 18:43:40,3599,27.2,96.2
2026-08-25 18:43:46,3595,27.2,96.2
2026-08-25 18:43:51,3594,27.2,96.2
2026-08-25 18:43:56,3593,27.2,96.2
2026-08-25 18:44:01,3592,27.2,96.2
2026-08-25 18:44:07,3591,27.2,96.2
2026-08-25 18:44:12,3592,27.2,96.2
2026-08-25 18:44:22,3593,27.2,96.2
2026-08-25 18:44:28,3598,27.2,96.2
2026-08-25 18:44:33,3596,27.2,96.2
2026-08-25 18:44:38,3595,27.2,96.2
2026-08-25 18:44:43,3601,27.2,96.1
2026-08-25 18:44:49,3598,27.2,96.2
2026-08-25 18:44:54,3604,27.2,96.2
2026-08-25 18:44:59,3606,27.2,96.2
2026-08-25 18:45:05,3605,27.2,96.2
2026-08-25 18:45:10,3603,27.2,96.2
2026-08-25 18:45:20,3601,27.2,96.2
2026-08-25 18:45:26,3600,27.2,96.2
2026-08-25 18:45:31,3598,27.2,96.2
2026-08-25 18:45:41,3599,27.2,96.2
2026-08-25 18:45:47,3600,27.2,96.2
2026-08-25 18:45:57,3598,27.2,96.2
2026-08-25 18:46:03,3599,27.2,96.2
2026-08-25 18:46:08,3601,27.2,96.2
2026-08-25 18:46:13,3599,27.2,96.2
2026-08-25 18:46:18,3603,27.2,96.2
2026-08-25 18:46:24,3604,27.2,96.2
2026-08-25 18:46:34,3605,27.2,96.2
2026-08-25 18:46:39,3606,27.2,96.2
2026-08-25 18:46:45,3608,27.2,96.2
2026-08-25 18:47:01,3607,27.2,96.2
2026-08-25 18:47:06,3605,27.2,96.2
2026-08-25 18:47:11,3606,27.2,96.2
2026-08-25 18:47:16,3607,27.2,96.2
2026-08-25 18:47:27,3606,27.2,96.2
2026-08-25 18:47:32,3608,27.2,96.2
2026-08-25 18:47:44,3611,27.2,96.2
2026-08-25 18:47:49,3612,27.2,96.2
2026-08-25 18:48:05,3613,27.2,96.2
2026-08-25 18:48:10,3611,27.2,96.2
2026-08-25 18:48:15,3612,27.2,96.2
2026-08-25 18:48:21,3610,27.2,96.2
2026-08-25 18:48:26,3614,27.2,96.2
2026-08-25 18:48:31,3615,27.1,96.2
2026-08-25 18:48:37,3613,27.2,96.2
2026-08-25 18:48:42,3614,27.2,96.2
2026-08-25 18:48:47,3616,27.2,96.2
2026-08-25 18:48:52,3615,27.2,96.2
2026-08-25 18:49:03,3614,27.2,96.2
2026-08-25 18:49:08,3616,27.2,96.2
2026-08-25 18:49:13,3617,27.2,96.2
2026-08-25 18:49:18,3619,27.2,96.2
2026-08-25 18:49:24,3624,27.2,96.2
2026-08-25 18:49:29,3627,27.2,96.2
2026-08-25 18:49:34,3625,27.2,96.2
2026-08-25 18:49:39,3627,27.2,96.2
2026-08-25 18:49:45,3629,27.2,96.2
2026-08-25 18:49:56,3627,27.2,96.2
2026-08-25 18:50:01,3632,27.2,96.2
2026-08-25 18:50:11,3630,27.2,96.2
2026-08-25 18:50:17,3632,27.2,96.2
2026-08-25 18:50:22,3630,27.2,96.2
2026-08-25 18:50:43,3628,27.2,96.2
2026-08-25 18:50:48,3631,27.2,96.2
2026-08-25 18:50:53,3634,27.2,96.2
2026-08-25 18:51:04,3636,27.2,96.3
2026-08-25 18:51:09,3643,27.2,96.2
2026-08-25 18:51:15,3649,27.2,96.3
2026-08-25 18:51:20,3646,27.2,96.2
2026-08-25 18:51:26,3643,27.2,96.3
2026-08-25 18:51:36,3645,27.2,96.3
2026-08-25 18:51:42,3647,27.2,96.2
2026-08-25 18:51:47,3651,27.2,96.2
2026-08-25 18:51:52,3654,27.2,96.2
2026-08-25 18:51:57,3653,27.2,96.2
2026-08-25 18:52:03,3655,27.2,96.3
2026-08-25 18:52:13,3653,27.2,96.3
2026-08-25 18:52:19,3655,27.2,96.3
2026-08-25 18:52:24,3652,27.2,96.3
2026-08-25 18:52:29,3654,27.2,96.2
2026-08-25 18:52:34,3657,27.2,96.2
2026-08-25 18:52:39,3660,27.2,96.3
2026-08-25 18:52:45,3659,27.2,96.2
2026-08-25 18:52:50,3661,27.2,96.3
2026-08-25 18:52:55,3659,27.2,96.3
2026-08-25 18:53:00,3660,27.2,96.2
2026-08-25 18:53:11,3661,27.2,96.3
2026-08-25 18:53:17,3663,27.2,96.3
2026-08-25 18:53:22,3662,27.1,96.3
2026-08-25 18:53:27,3663,27.2,96.3
2026-08-25 18:53:32,3664,27.2,96.3
2026-08-25 18:53:38,3662,27.2,96.3
2026-08-25 18:53:43,3661,27.2,96.3
2026-08-25 18:53:59,3662,27.2,96.3
2026-08-25 18:54:04,3664,27.2,96.3
2026-08-25 18:54:09,3668,27.2,96.3
2026-08-25 18:54:20,3671,27.2,96.3
2026-08-25 18:54:25,3670,27.2,96.3
2026-08-25 18:54:30,3671,27.2,96.2
2026-08-25 18:54:35,3670,27.2,96.2
2026-08-25 18:54:41,3671,27.2,96.3
2026-08-25 18:54:46,3669,27.2,96.3
2026-08-25 18:54:57,3671,27.2,96.3
2026-08-25 18:55:23,3672,27.2,96.3
2026-08-25 18:55:28,3671,27.2,96.3
2026-08-25 18:55:33,3674,27.2,96.3
2026-08-25 18:55:54,3676,27.2,96.3
2026-08-25 18:56:00,3670,27.2,96.2
2026-08-25 18:56:10,3672,27.1,96.3
2026-08-25 18:56:15,3671,27.2,96.3
2026-08-25 18:56:21,3669,27.2,96.3
2026-08-25 18:56:33,3666,27.2,96.3
2026-08-25 18:56:39,3667,27.2,96.2
2026-08-25 18:56:44,3672,27.2,96.3
2026-08-25 18:56:49,3671,27.1,96.3
2026-08-25 18:56:55,3674,27.2,96.3
2026-08-25 18:57:00,3676,27.2,96.3
2026-08-25 18:57:05,3680,27.1,96.3
2026-08-25 18:57:10,3678,27.2,96.3
2026-08-25 18:57:16,3680,27.2,96.3
2026-08-25 18:57:21,3678,27.2,96.3
2026-08-25 18:57:26,3679,27.2,96.3
2026-08-25 18:57:37,3681,27.2,96.3
2026-08-25 18:57:42,3683,27.2,96.3
2026-08-25 18:57:47,3684,27.1,96.3
2026-08-25 18:57:53,3683,27.1,96.3
2026-08-25 18:57:58,3684,27.2,96.3
2026-08-25 18:58:03,3683,27.1,96.3
2026-08-25 18:58:08,3684,27.1,96.3
2026-08-25 18:58:14,3683,27.2,96.3
2026-08-25 18:58:19,3685,27.1,96.2
2026-08-25 18:58:29,3688,27.2,96.3
2026-08-25 18:58:35,3687,27.2,96.3
2026-08-25 18:58:40,3688,27.2,96.3
2026-08-25 18:58:45,3689,27.2,96.3
2026-08-25 18:58:50,3690,27.2,96.2
2026-08-25 18:58:56,3692,27.2,96.2
2026-08-25 18:59:01,3694,27.2,96.3
2026-08-25 18:59:06,3693,27.2,96.2
2026-08-25 18:59:11,3691,27.2,96.2
2026-08-25 18:59:17,3694,27.1,96.2
2026-08-25 18:59:22,3692,27.2,96.3
2026-08-25 18:59:28,3693,27.2,96.2
2026-08-25 18:59:33,3695,27.2,96.3
2026-08-25 18:59:38,3696,27.2,96.3
2026-08-25 18:59:43,3694,27.2,96.3
2026-08-25 18:59:49,3697,27.2,96.3
2026-08-25 18:59:54,3699,27.2,96.2
2026-08-25 19:00:04,3702,27.2,96.3
2026-08-25 19:00:10,3704,27.2,96.2
2026-08-25 19:00:15,3706,27.1,96.3
2026-08-25 19:00:20,3703,27.2,96.2
2026-08-25 19:00:25,3704,27.2,96.2
2026-08-25 19:00:31,3706,27.2,96.3
2026-08-25 19:00:36,3707,27.2,96.3
2026-08-25 19:00:46,3706,27.2,96.3
2026-08-25 19:00:52,3710,27.2,96.3
2026-08-25 19:00:57,3711,27.2,96.2
2026-08-25 19:01:07,3712,27.2,96.2
2026-08-25 19:01:13,3709,27.1,96.2
2026-08-25 19:01:18,3713,27.2,96.2
2026-08-25 19:01:23,3712,27.1,96.2
2026-08-25 19:01:28,3715,27.2,96.2
2026-08-25 19:01:44,3714,27.2,96.2
2026-08-25 19:01:49,3712,27.1,96.2
2026-08-25 19:01:55,3718,27.2,96.2
2026-08-25 19:02:00,3720,27.2,96.2
2026-08-25 19:02:05,3723,27.2,96.2
2026-08-25 19:02:21,3722,27.1,96.2
2026-08-25 19:02:31,3720,27.2,96.2
2026-08-25 19:02:37,3722,27.2,96.2
2026-08-25 19:02:42,3720,27.2,96.2
2026-08-25 19:02:47,3723,27.2,96.2
2026-08-25 19:02:52,3725,27.2,96.2
2026-08-25 19:02:58,3729,27.1,96.2
2026-08-25 19:03:03,3730,27.1,96.2
2026-08-25 19:03:08,3731,27.2,96.2
2026-08-25 19:03:14,3732,27.1,96.2
2026-08-25 19:03:24,3737,27.1,96.2
2026-08-25 19:03:29,3736,27.2,96.2
2026-08-25 19:03:35,3738,27.1,96.2
2026-08-25 19:03:40,3737,27.1,96.2
2026-08-25 19:03:50,3735,27.2,96.2
2026-08-25 19:04:01,3736,27.2,96.2
2026-08-25 19:04:06,3742,27.1,96.2
2026-08-25 19:04:11,3743,27.2,96.2
2026-08-25 19:04:17,3748,27.2,96.2
2026-08-25 19:04:22,3749,27.2,96.2
2026-08-25 19:04:27,3751,27.2,96.2
2026-08-25 19:04:38,3750,27.1,96.2
2026-08-25 19:04:43,3753,27.2,96.2
2026-08-25 19:04:49,3754,27.2,96.2
2026-08-25 19:04:54,3756,27.1,96.2
2026-08-25 19:04:59,3755,27.2,96.2
2026-08-25 19:05:04,3760,27.2,96.2
2026-08-25 19:05:09,3757,27.2,96.2
2026-08-25 19:05:15,3759,27.1,96.2
2026-08-25 19:05:25,3763,27.1,96.2
2026-08-25 19:05:31,3768,27.2,96.2
2026-08-25 19:05:41,3767,27.2,96.2
2026-08-25 19:05:46,3771,27.2,96.2
2026-08-25 19:05:57,3770,27.2,96.2
2026-08-25 19:06:02,3768,27.2,96.2
2026-08-25 19:06:07,3772,27.2,96.2
2026-08-25 19:06:13,3774,27.1,96.2
2026-08-25 19:06:18,3772,27.1,96.2
2026-08-25 19:06:29,3771,27.2,96.2
2026-08-25 19:06:34,3772,27.1,96.2
2026-08-25 19:06:39,3776,27.1,96.2
2026-08-25 19:06:45,3774,27.2,96.2
2026-08-25 19:06:50,3773,27.2,96.2
2026-08-25 19:07:00,3775,27.2,96.2
2026-08-25 19:07:05,3778,27.2,96.2
2026-08-25 19:07:11,3775,27.1,96.2
2026-08-25 19:07:16,3776,27.2,96.2
2026-08-25 19:07:21,3779,27.1,96.1
2026-08-25 19:07:37,3781,27.2,96.2
2026-08-25 19:07:42,3782,27.1,96.2
2026-08-25 19:07:47,3786,27.2,96.2
2026-08-25 19:07:53,3787,27.1,96.1
2026-08-25 19:08:03,3786,27.1,96.1
2026-08-25 19:08:09,3787,27.1,96.1
2026-08-25 19:08:14,3788,27.2,96.2
2026-08-25 19:08:19,3785,27.1,96.2
2026-08-25 19:08:25,3783,27.1,96.2
2026-08-25 19:08:37,3786,27.2,96.2
2026-08-25 19:08:42,3787,27.1,96.1
2026-08-25 19:08:47,3789,27.2,96.1
2026-08-25 19:08:53,3788,27.1,96.2
2026-08-25 19:08:58,3790,27.2,96.2
2026-08-25 19:09:03,3791,27.1,96.2
2026-08-25 19:09:09,3793,27.1,96.1
2026-08-25 19:09:14,3794,27.1,96.2
2026-08-25 19:09:19,3797,27.2,96.1
2026-08-25 19:09:24,3799,27.1,96.1
2026-08-25 19:09:30,3796,27.1,96.1
2026-08-25 19:09:35,3794,27.1,96.2
2026-08-25 19:09:42,3793,27.2,96.1
2026-08-25 19:09:47,3796,27.1,96.1
2026-08-25 19:09:52,3799,27.1,96.2
2026-08-25 19:09:57,3801,27.2,96.2
2026-08-25 19:10:08,3800,27.1,96.1
2026-08-25 19:10:13,3801,27.2,96.1
2026-08-25 19:10:18,3805,27.2,96.1
2026-08-25 19:10:24,3808,27.1,96.1
2026-08-25 19:10:29,3813,27.1,96.1
2026-08-25 19:10:39,3811,27.1,96.1
2026-08-25 19:10:45,3813,27.1,96.1
2026-08-25 19:10:50,3814,27.2,96.1
2026-08-25 19:10:55,3811,27.2,96.1
2026-08-25 19:11:00,3810,27.1,96.1
2026-08-25 19:11:11,3812,27.2,96.1
2026-08-25 19:11:16,3813,27.1,96.1
2026-08-25 19:11:21,3811,27.1,96.1
2026-08-25 19:11:27,3812,27.2,96.1
2026-08-25 19:11:32,3813,27.2,96.1
2026-08-25 19:11:37,3818,27.2,96.1
2026-08-25 19:11:42,3819,27.1,96.1
2026-08-25 19:11:53,3821,27.1,96.1
2026-08-25 19:11:58,3819,27.1,96.1
2026-08-25 19:12:03,3821,27.1,96.1
2026-08-25 19:12:09,3823,27.1,96.1
2026-08-25 19:12:19,3824,27.1,96.1
2026-08-25 19:12:30,3822,27.1,96.1
2026-08-25 19:12:35,3823,27.2,96.1
2026-08-25 19:12:40,3824,27.2,96.1
2026-08-25 19:12:51,3821,27.1,96.1
2026-08-25 19:12:56,3822,27.2,96.1
2026-08-25 19:13:03,3823,27.2,96.1
2026-08-25 19:13:13,3825,27.2,96.1
2026-08-25 19:13:19,3821,27.1,96.1
2026-08-25 19:13:24,3819,27.1,96.1
2026-08-25 19:13:29,3823,27.1,96.1
2026-08-25 19:13:34,3824,27.2,96.1
2026-08-25 19:13:40,3826,27.1,96.0
2026-08-25 19:13:45,3828,27.1,96.1
2026-08-25 19:13:50,3830,27.1,96.0
2026-08-25 19:13:56,3834,27.2,96.1
2026-08-25 19:14:01,3839,27.2,96.1
2026-08-25 19:14:06,3840,27.1,96.1
2026-08-25 19:14:12,3841,27.2,96.1
2026-08-25 19:14:17,3840,27.1,96.1
2026-08-25 19:14:22,3844,27.1,96.1
2026-08-25 19:14:38,3845,27.1,96.1
2026-08-25 19:14:43,3842,27.2,96.1
2026-08-25 19:14:54,3846,27.2,96.1
2026-08-25 19:14:59,3848,27.2,96.1
2026-08-25 19:15:04,3852,27.2,96.1
2026-08-25 19:15:10,3853,27.1,96.1
2026-08-25 19:15:20,3852,27.1,96.0
2026-08-25 19:15:26,3850,27.1,96.1
2026-08-25 19:15:31,3849,27.2,96.1
2026-08-25 19:15:36,3851,27.1,96.1
2026-08-25 19:15:42,3853,27.2,96.1
2026-08-25 19:15:52,3854,27.1,96.1
2026-08-25 19:15:58,3859,27.2,96.1
2026-08-25 19:16:03,3885,27.2,96.1
2026-08-25 19:16:13,3884,27.1,96.1
2026-08-25 19:16:19,3886,27.2,96.1
2026-08-25 19:16:24,3889,27.2,96.1
2026-08-25 19:16:35,3890,27.1,96.0
2026-08-25 19:16:46,3889,27.1,96.1
2026-08-25 19:16:51,3888,27.2,96.1
2026-08-25 19:16:56,3889,27.1,96.1
2026-08-25 19:17:01,3888,27.1,96.1
2026-08-25 19:17:12,3889,27.1,96.1
2026-08-25 19:17:17,3891,27.1,96.1
2026-08-25 19:17:28,3892,27.1,96.1
2026-08-25 19:17:38,3893,27.1,96.1
2026-08-25 19:17:44,3894,27.1,96.1
2026-08-25 19:17:49,3893,27.2,96.1
2026-08-25 19:17:54,3894,27.1,96.1
2026-08-25 19:18:05,3898,27.2,96.1
2026-08-25 19:18:10,3899,27.1,96.1
2026-08-25 19:18:21,3901,27.1,96.1
2026-08-25 19:18:26,3903,27.1,96.1
2026-08-25 19:18:31,3899,27.1,96.1
2026-08-25 19:18:36,3900,27.1,96.1
2026-08-25 19:18:42,3899,27.1,96.1
2026-08-25 19:18:47,3895,27.1,96.1
2026-08-25 19:18:52,3894,27.2,96.1
2026-08-25 19:18:58,3893,27.1,96.1
2026-08-25 19:19:03,3897,27.2,96.1
2026-08-25 19:19:14,3896,27.2,96.1
2026-08-25 19:19:19,3900,27.1,96.1
2026-08-25 19:19:25,3902,27.2,96.2
2026-08-25 19:19:30,3904,27.1,96.1
2026-08-25 19:19:35,3905,27.1,96.1
2026-08-25 19:19:40,3902,27.1,96.1
2026-08-25 19:19:45,3900,27.1,96.1
2026-08-25 19:19:51,3902,27.2,96.2
2026-08-25 19:20:03,3901,27.1,96.1
2026-08-25 19:20:13,3902,27.1,96.1
2026-08-25 19:20:20,3901,27.1,96.2
2026-08-25 19:20:25,3900,27.2,96.2
2026-08-25 19:20:30,3901,27.1,96.2
2026-08-25 19:20:36,3906,27.1,96.2
2026-08-25 19:20:41,3902,27.1,96.2
2026-08-25 19:20:46,3903,27.2,96.2
2026-08-25 19:20:52,3906,27.1,96.2
2026-08-25 19:20:57,3908,27.1,96.2
2026-08-25 19:21:07,3910,27.1,96.2
2026-08-25 19:21:28,3911,27.1,96.2
2026-08-25 19:21:39,3914,27.2,96.2
2026-08-25 19:21:51,3916,27.2,96.2
2026-08-25 19:21:56,3917,27.1,96.2
2026-08-25 19:22:01,3920,27.1,96.2
2026-08-25 19:22:07,3917,27.1,96.2
2026-08-25 19:22:12,3915,27.2,96.2
2026-08-25 19:22:17,3919,27.2,96.2
2026-08-25 19:22:22,3922,27.1,96.3
2026-08-25 19:22:28,3924,27.2,96.2
2026-08-25 19:22:44,3925,27.1,96.2
2026-08-25 19:22:49,3923,27.2,96.2
2026-08-25 19:22:54,3924,27.1,96.2
2026-08-25 19:22:59,3922,27.1,96.2
2026-08-25 19:23:10,3924,27.1,96.2
2026-08-25 19:23:15,3923,27.1,96.2
2026-08-25 19:23:20,3924,27.1,96.2
2026-08-25 19:23:26,3922,27.2,96.2
2026-08-25 19:23:43,3920,27.2,96.2
2026-08-25 19:23:48,3919,27.1,96.2
2026-08-25 19:23:53,3920,27.2,96.2
2026-08-25 19:23:58,3919,27.1,96.2
2026-08-25 19:24:04,3921,27.1,96.2
2026-08-25 19:24:09,3918,27.1,96.2
2026-08-25 19:24:15,3916,27.2,96.2
2026-08-25 19:24:21,3918,27.1,96.2
2026-08-25 19:24:26,3916,27.2,96.2
2026-08-25 19:24:32,3913,27.1,96.2
2026-08-25 19:24:37,3911,27.2,96.1
2026-08-25 19:24:47,3910,27.1,96.2
2026-08-25 19:24:53,3912,27.1,96.2
2026-08-25 19:24:58,3914,27.1,96.1
2026-08-25 19:25:03,3913,27.1,96.1
2026-08-25 19:25:14,3911,27.1,96.2
2026-08-25 19:25:29,3912,27.1,96.1
2026-08-25 19:25:35,3913,27.1,96.1
2026-08-25 19:25:40,3912,27.2,96.1
2026-08-25 19:25:45,3913,27.2,96.1
2026-08-25 19:25:50,3911,27.1,96.1
2026-08-25 19:25:56,3910,27.1,96.1
2026-08-25 19:26:01,3909,27.2,96.1
2026-08-25 19:26:06,3906,27.1,96.1
2026-08-25 19:26:17,3907,27.1,96.1
2026-08-25 19:26:22,3909,27.2,96.1
2026-08-25 19:26:27,3911,27.1,96.1
2026-08-25 19:26:33,3906,27.2,96.1
2026-08-25 19:26:43,3907,27.2,96.1
2026-08-25 19:26:48,3909,27.2,96.1
2026-08-25 19:26:54,3912,27.1,96.1
2026-08-25 19:26:59,3911,27.1,96.0
2026-08-25 19:27:04,3913,27.1,96.0
2026-08-25 19:27:15,3912,27.2,96.0
2026-08-25 19:27:25,3911,27.1,96.0
2026-08-25 19:27:36,3910,27.1,96.0
2026-08-25 19:27:41,3912,27.2,96.1
2026-08-25 19:27:46,3911,27.2,96.0
2026-08-25 19:27:51,3909,27.2,96.0
2026-08-25 19:27:57,3906,27.1,96.0
2026-08-25 19:28:03,3907,27.2,96.0
2026-08-25 19:28:08,3911,27.2,96.0
2026-08-25 19:28:14,3909,27.2,96.0
2026-08-25 19:28:19,3908,27.1,96.0
2026-08-25 19:28:24,3906,27.2,96.0
2026-08-25 19:28:30,3905,27.2,96.0
2026-08-25 19:28:35,3906,27.2,96.0
2026-08-25 19:28:45,3904,27.1,96.0
2026-08-25 19:28:51,3903,27.1,96.0
2026-08-25 19:28:56,3905,27.2,96.0
2026-08-25 19:29:06,3910,27.2,96.0
2026-08-25 19:29:11,3912,27.2,96.0
2026-08-25 19:29:22,3915,27.1,96.0
2026-08-25 19:29:27,3916,27.2,96.0
2026-08-25 19:29:38,3914,27.2,96.0
2026-08-25 19:29:43,3912,27.2,96.0
2026-08-25 19:29:54,3911,27.2,96.0
2026-08-25 19:29:59,3909,27.1,96.0
2026-08-25 19:30:04,3913,27.2,96.0
2026-08-25 19:30:10,3912,27.2,96.0
2026-08-25 19:30:15,3909,27.1,96.0
2026-08-25 19:30:20,3908,27.2,96.0
2026-08-25 19:30:31,3909,27.2,96.0
2026-08-25 19:30:36,3911,27.1,96.0
2026-08-25 19:30:41,3910,27.2,95.9
2026-08-25 19:30:46,3914,27.2,96.0
2026-08-25 19:30:52,3916,27.1,95.9
2026-08-25 19:30:57,3919,27.2,96.0
2026-08-25 19:31:03,3920,27.2,95.9
2026-08-25 19:31:08,3916,27.2,95.9
2026-08-25 19:31:13,3911,27.1,95.9
2026-08-25 19:31:19,3906,27.2,95.9
2026-08-25 19:31:29,3909,27.2,95.9
2026-08-25 19:31:45,3910,27.2,95.9
2026-08-25 19:31:50,3908,27.2,95.9
2026-08-25 19:31:55,3909,27.2,95.9
2026-08-25 19:32:01,3907,27.2,95.9
2026-08-25 19:32:06,3905,27.1,95.9
2026-08-25 19:32:11,3906,27.1,95.9
2026-08-25 19:32:16,3904,27.2,95.9
2026-08-25 19:32:22,3907,27.2,95.9
2026-08-25 19:32:27,3908,27.2,95.9
2026-08-25 19:32:32,3907,27.2,95.8
2026-08-25 19:32:38,3909,27.2,95.8
2026-08-25 19:32:43,3907,27.1,95.8
2026-08-25 19:32:48,3903,27.2,95.9
2026-08-25 19:32:53,3900,27.2,95.9
2026-08-25 19:32:59,3899,27.1,95.8
2026-08-25 19:33:04,3898,27.2,95.8
2026-08-25 19:33:09,3895,27.2,95.8
2026-08-25 19:33:14,3896,27.2,95.9
2026-08-25 19:33:20,3892,27.2,95.8
2026-08-25 19:33:25,3890,27.2,95.8
2026-08-25 19:33:30,3889,27.2,95.8
2026-08-25 19:33:35,3890,27.2,95.8
2026-08-25 19:33:41,3888,27.2,95.9
2026-08-25 19:33:46,3887,27.2,95.8
2026-08-25 19:33:57,3886,27.2,95.8
2026-08-25 19:34:02,3889,27.2,95.8
2026-08-25 19:34:13,3887,27.1,95.8
2026-08-25 19:34:18,3885,27.1,95.8
2026-08-25 19:34:23,3881,27.2,95.8
2026-08-25 19:34:29,3885,27.2,95.8
2026-08-25 19:34:34,3881,27.2,95.8
2026-08-25 19:34:39,3882,27.2,95.8
2026-08-25 19:34:44,3879,27.1,95.8
2026-08-25 19:34:55,3878,27.1,95.8
2026-08-25 19:35:00,3879,27.2,95.8
2026-08-25 19:35:06,3881,27.1,95.8
2026-08-25 19:35:11,3879,27.2,95.8
2026-08-25 19:35:16,3878,27.2,95.8
2026-08-25 19:35:21,3882,27.2,95.8
2026-08-25 19:35:27,3881,27.2,95.8
2026-08-25 19:35:32,3880,27.2,95.8
2026-08-25 19:35:42,3879,27.2,95.8
2026-08-25 19:35:48,3876,27.2,95.8
2026-08-25 19:35:53,3874,27.2,95.8
2026-08-25 19:36:04,3870,27.1,95.8
2026-08-25 19:36:09,3869,27.2,95.8
2026-08-25 19:36:14,3873,27.2,95.8
2026-08-25 19:36:19,3876,27.1,95.8
2026-08-25 19:36:25,3878,27.2,95.8
2026-08-25 19:36:30,3877,27.2,95.8
2026-08-25 19:36:35,3873,27.1,95.8
2026-08-25 19:36:40,3874,27.2,95.8
2026-08-25 19:36:51,3872,27.2,95.8
2026-08-25 19:37:01,3871,27.2,95.8
2026-08-25 19:37:06,3873,27.2,95.9
2026-08-25 19:37:17,3875,27.2,95.9
2026-08-25 19:37:22,3876,27.2,95.9
2026-08-25 19:37:33,3879,27.2,95.9
2026-08-25 19:37:38,3876,27.2,95.9
2026-08-25 19:37:43,3873,27.1,95.9
2026-08-25 19:37:48,3874,27.2,95.9
2026-08-25 19:37:54,3875,27.2,95.9
2026-08-25 19:37:59,3871,27.2,95.9
2026-08-25 19:38:04,3870,27.1,95.8
2026-08-25 19:38:09,3872,27.2,95.9
2026-08-25 19:38:20,3870,27.2,95.9
2026-08-25 19:38:25,3871,27.2,95.9
2026-08-25 19:38:30,3873,27.1,95.9
2026-08-25 19:38:36,3872,27.1,95.9
2026-08-25 19:38:41,3876,27.2,95.9
2026-08-25 19:38:47,3875,27.1,95.9
2026-08-25 19:38:52,3877,27.2,95.9
2026-08-25 19:38:57,3875,27.1,95.9
2026-08-25 19:39:02,3870,27.2,95.9
2026-08-25 19:39:08,3871,27.1,95.9
2026-08-25 19:39:13,3872,27.2,95.9
2026-08-25 19:39:18,3874,27.2,95.9
2026-08-25 19:39:29,3875,27.2,95.9
2026-08-25 19:39:40,3876,27.2,95.9
2026-08-25 19:39:45,3878,27.1,95.9
2026-08-25 19:39:50,3875,27.2,95.9
2026-08-25 19:40:11,3877,27.2,95.9
2026-08-25 19:40:17,3876,27.2,95.9
2026-08-25 19:40:22,3879,27.2,95.9
2026-08-25 19:40:27,3881,27.2,95.9
2026-08-25 19:40:32,3878,27.2,95.9
2026-08-25 19:40:38,3880,27.1,95.9
2026-08-25 19:40:48,3879,27.2,95.9
2026-08-25 19:40:53,3878,27.2,96.0
2026-08-25 19:40:59,3876,27.2,95.9
2026-08-25 19:41:04,3878,27.1,95.9
2026-08-25 19:41:25,3881,27.1,95.9
2026-08-25 19:41:31,3880,27.1,95.9
2026-08-25 19:41:36,3877,27.1,95.9
2026-08-25 19:41:41,3879,27.1,95.9
2026-08-25 19:41:46,3878,27.2,95.9
2026-08-25 19:41:52,3880,27.2,95.9
2026-08-25 19:41:57,3881,27.1,95.9
2026-08-25 19:42:02,3883,27.2,95.9
2026-08-25 19:42:07,3884,27.1,95.9
2026-08-25 19:42:13,3883,27.2,96.0
2026-08-25 19:42:18,3884,27.1,96.0
2026-08-25 19:42:23,3885,27.1,95.9
2026-08-25 19:42:28,3883,27.2,95.9
2026-08-25 19:42:33,3885,27.1,95.9
2026-08-25 19:42:49,3889,27.1,95.9
2026-08-25 19:42:55,3891,27.2,96.0
2026-08-25 19:43:00,3889,27.1,96.0
2026-08-25 19:43:05,3892,27.2,96.0
2026-08-25 19:43:10,3890,27.1,95.9
2026-08-25 19:43:16,3889,27.1,96.0
2026-08-25 19:43:26,3891,27.2,95.9
2026-08-25 19:43:31,3888,27.1,95.9
2026-08-25 19:43:37,3889,27.1,95.9
2026-08-25 19:43:42,3887,27.1,95.9
2026-08-25 19:43:47,3889,27.1,96.0
2026-08-25 19:44:03,3887,27.1,95.9
2026-08-25 19:44:08,3889,27.1,96.0
2026-08-25 19:44:14,3891,27.2,96.0
2026-08-25 19:44:19,3888,27.1,95.9
2026-08-25 19:44:24,3887,27.2,95.9
2026-08-25 19:44:30,3890,27.1,96.0
2026-08-25 19:44:35,3886,27.1,95.9
2026-08-25 19:44:50,3884,27.1,95.9
2026-08-25 19:44:56,3886,27.1,95.9
2026-08-25 19:45:01,3888,27.1,96.0
2026-08-25 19:45:06,3886,27.2,95.9
2026-08-25 19:45:11,3885,27.1,96.0
2026-08-25 19:45:17,3887,27.1,95.9
2026-08-25 19:45:22,3886,27.1,96.0
2026-08-25 19:45:27,3889,27.1,96.0
2026-08-25 19:45:33,3886,27.1,95.9
2026-08-25 19:45:38,3887,27.1,96.0
2026-08-25 19:45:43,3888,27.1,96.0
2026-08-25 19:45:48,3886,27.1,95.9
2026-08-25 19:45:53,3888,27.1,95.9
2026-08-25 19:45:59,3891,27.1,95.9
2026-08-25 19:46:09,3895,27.1,95.9
2026-08-25 19:46:15,3893,27.2,95.9
2026-08-25 19:46:20,3899,27.1,95.9
2026-08-25 19:46:25,3902,27.1,95.9
2026-08-25 19:46:31,3904,27.1,95.9
2026-08-25 19:46:36,3900,27.1,95.9
2026-08-25 19:46:41,3902,27.1,96.0
2026-08-25 19:46:52,3900,27.2,96.0
2026-08-25 19:46:57,3902,27.2,96.0
2026-08-25 19:47:02,3906,27.1,95.9
2026-08-25 19:47:07,3908,27.1,95.9
2026-08-25 19:47:13,3907,27.1,96.0
2026-08-25 19:47:23,3906,27.2,95.9
2026-08-25 19:47:34,3905,27.1,96.0
2026-08-25 19:47:50,3904,27.1,96.0
2026-08-25 19:48:00,3902,27.1,95.9
2026-08-25 19:48:05,3901,27.1,95.9
2026-08-25 19:48:11,3902,27.1,95.9
2026-08-25 19:48:16,3905,27.1,96.0
2026-08-25 19:48:21,3902,27.1,95.9
2026-08-25 19:48:26,3900,27.1,96.0
2026-08-25 19:48:32,3899,27.1,96.0
2026-08-25 19:48:37,3902,27.1,95.9
2026-08-25 19:48:42,3900,27.1,96.0
2026-08-25 19:48:47,3898,27.1,95.9
2026-08-25 19:48:53,3899,27.1,96.0
2026-08-25 19:49:08,3900,27.1,96.0
2026-08-25 19:49:14,3899,27.1,96.0
2026-08-25 19:49:24,3896,27.1,95.9
2026-08-25 19:49:30,3897,27.1,95.9
2026-08-25 19:49:35,3900,27.1,95.9
2026-08-25 19:49:40,3898,27.1,95.9
2026-08-25 19:49:46,3899,27.1,95.9
2026-08-25 19:49:51,3896,27.1,95.9
2026-08-25 19:49:56,3898,27.1,96.0
2026-08-25 19:50:01,3900,27.1,96.0
2026-08-25 19:50:07,3899,27.1,95.9
2026-08-25 19:50:17,3904,27.1,95.9
2026-08-25 19:50:22,3901,27.1,95.9
2026-08-25 19:50:28,3905,27.1,95.9
2026-08-25 19:50:38,3904,27.1,95.9
2026-08-25 19:50:44,3908,27.1,95.9
2026-08-25 19:50:49,3907,27.1,95.9
2026-08-25 19:50:54,3909,27.1,95.9
2026-08-25 19:50:59,3912,27.1,95.9
2026-08-25 19:51:05,3909,27.1,95.9
2026-08-25 19:51:10,3906,27.1,96.0
2026-08-25 19:51:20,3908,27.1,95.9
2026-08-25 19:51:26,3909,27.1,95.9
2026-08-25 19:51:41,3911,27.1,95.9
2026-08-25 19:51:47,3912,27.1,95.9
2026-08-25 19:51:52,3913,27.1,95.9
2026-08-25 19:51:57,3915,27.1,95.9
2026-08-25 19:52:02,3913,27.1,95.9
2026-08-25 19:52:13,3911,27.1,95.9
2026-08-25 19:52:18,3908,27.1,95.9
2026-08-25 19:52:23,3909,27.1,95.9
2026-08-25 19:52:29,3907,27.1,95.9
2026-08-25 19:52:34,3906,27.1,95.9
2026-08-25 19:52:39,3904,27.1,95.9
2026-08-25 19:52:45,3902,27.1,95.9
2026-08-25 19:52:50,3904,27.1,95.9
2026-08-25 19:52:55,3907,27.1,95.9
2026-08-25 19:53:00,3910,27.1,95.9
2026-08-25 19:53:06,3913,27.1,95.9
2026-08-25 19:53:11,3912,27.1,95.9
2026-08-25 19:53:16,3911,27.1,95.9
2026-08-25 19:53:21,3912,27.1,95.9
2026-08-25 19:53:27,3914,27.1,95.9
2026-08-25 19:53:32,3911,27.1,95.9
2026-08-25 19:53:37,3913,27.1,95.9
2026-08-25 19:53:42,3914,27.1,95.9
2026-08-25 19:53:47,3912,27.1,95.9
2026-08-25 19:53:53,3914,27.1,95.9
2026-08-25 19:53:58,3916,27.1,95.9
2026-08-25 19:54:03,3919,27.1,95.9
2026-08-25 19:54:09,3920,27.1,95.9
2026-08-25 19:54:19,3922,27.1,95.9
2026-08-25 19:54:30,3921,27.1,95.9
2026-08-25 19:54:35,3920,27.1,95.9
2026-08-25 19:54:40,3922,27.1,95.9
2026-08-25 19:54:46,3923,27.1,95.9
2026-08-25 19:54:51,3924,27.1,95.9
2026-08-25 19:54:56,3923,27.1,95.9
2026-08-25 19:55:01,3924,27.1,95.9
2026-08-25 19:55:06,3926,27.1,95.9
2026-08-25 19:55:12,3923,27.1,95.9
2026-08-25 19:55:17,3925,27.1,95.9
2026-08-25 19:55:22,3923,27.1,95.9
2026-08-25 19:55:27,3922,27.1,95.9
2026-08-25 19:55:33,3920,27.1,95.9
2026-08-25 19:55:38,3919,27.1,95.9
2026-08-25 19:55:48,3920,27.1,95.9
2026-08-25 19:56:04,3921,27.1,95.9
2026-08-25 19:56:09,3920,27.1,95.9
2026-08-25 19:56:15,3919,27.1,95.9
2026-08-25 19:56:20,3918,27.1,95.9
2026-08-25 19:56:25,3917,27.1,95.9
2026-08-25 19:56:36,3916,27.1,95.9
2026-08-25 19:56:41,3915,27.1,95.9
2026-08-25 19:56:51,3917,27.1,95.9
2026-08-25 19:56:57,3914,27.1,95.9
2026-08-25 19:57:02,3913,27.1,95.9
2026-08-25 19:57:12,3914,27.1,95.9
2026-08-25 19:57:18,3917,27.1,95.9
2026-08-25 19:57:28,3915,27.1,95.9
2026-08-25 19:57:34,3914,27.1,95.9
2026-08-25 19:57:39,3913,27.1,95.9
2026-08-25 19:57:44,3911,27.1,95.9
2026-08-25 19:57:50,3913,27.1,95.9
2026-08-25 19:57:55,3912,27.1,95.9
2026-08-25 19:58:00,3911,27.1,95.9
2026-08-25 19:58:05,3914,27.1,95.9
2026-08-25 19:58:11,3913,27.1,95.9
2026-08-25 19:58:21,3911,27.1,95.8
2026-08-25 19:58:27,3910,27.1,95.9
2026-08-25 19:58:32,3909,27.1,95.9
2026-08-25 19:58:42,3907,27.1,95.9
2026-08-25 19:58:53,3910,27.2,95.9
2026-08-25 19:58:58,3912,27.1,95.9
2026-08-25 19:59:03,3907,27.1,95.9
2026-08-25 19:59:14,3905,27.1,95.9
2026-08-25 19:59:19,3909,27.1,95.9
2026-08-25 19:59:24,3911,27.1,95.9
2026-08-25 19:59:30,3912,27.1,95.9
2026-08-25 19:59:35,3915,27.1,95.9
2026-08-25 19:59:51,3913,27.1,95.9
2026-08-25 19:59:56,3911,27.1,95.9
2026-08-25 20:00:01,3910,27.1,95.9
2026-08-25 20:00:06,3909,27.1,95.9
2026-08-25 20:00:17,3905,27.1,95.9
2026-08-25 20:00:22,3904,27.1,95.9
2026-08-25 20:00:27,3906,27.1,95.9
2026-08-25 20:00:33,3905,27.2,95.9
2026-08-25 20:00:38,3908,27.1,95.9
2026-08-25 20:00:48,3910,27.1,95.9
2026-08-25 20:00:54,3911,27.1,95.8
2026-08-25 20:00:59,3914,27.1,95.9
2026-08-25 20:01:04,3915,27.1,95.9
2026-08-25 20:01:09,3917,27.1,95.9
2026-08-25 20:01:15,3919,27.1,95.9
2026-08-25 20:01:20,3916,27.1,95.9
2026-08-25 20:01:25,3913,27.1,95.9
2026-08-25 20:01:30,3916,27.1,95.9
2026-08-25 20:01:36,3919,27.1,95.9
2026-08-25 20:01:41,3917,27.1,95.9
2026-08-25 20:01:46,3919,27.1,95.9
2026-08-25 20:01:52,3920,27.1,95.9
2026-08-25 20:01:57,3921,27.1,95.9
2026-08-25 20:02:07,3922,27.1,95.9
2026-08-25 20:02:13,3923,27.1,95.9
2026-08-25 20:02:18,3925,27.1,95.9
2026-08-25 20:02:23,3926,27.1,95.9
2026-08-25 20:02:28,3932,27.1,95.9
2026-08-25 20:02:34,3931,27.1,95.9
2026-08-25 20:02:44,3927,27.1,95.9
2026-08-25 20:02:49,3926,27.1,95.9
2026-08-25 20:02:55,3925,27.1,95.9
2026-08-25 20:03:05,3924,27.1,95.9
2026-08-25 20:03:16,3920,27.1,95.9
2026-08-25 20:03:21,3921,27.1,95.9
2026-08-25 20:03:27,3923,27.1,95.9
2026-08-25 20:03:37,3921,27.1,95.9
2026-08-25 20:03:48,3923,27.1,95.8
2026-08-25 20:03:58,3925,27.1,95.9
2026-08-25 20:04:14,3927,27.1,95.8
2026-08-25 20:04:24,3929,27.2,95.9
2026-08-25 20:04:40,3931,27.1,95.9
2026-08-25 20:04:45,3927,27.1,95.9
2026-08-25 20:04:51,3922,27.1,95.9
2026-08-25 20:04:56,3923,27.1,95.9
2026-08-25 20:05:01,3925,27.1,95.9
2026-08-25 20:05:07,3926,27.1,95.9
2026-08-25 20:05:12,3923,27.1,95.9
2026-08-25 20:05:17,3924,27.1,95.8
2026-08-25 20:05:22,3922,27.1,95.9
2026-08-25 20:05:28,3919,27.1,95.9
2026-08-25 20:05:33,3918,27.1,95.9
2026-08-25 20:05:38,3919,27.1,95.9
2026-08-25 20:05:43,3920,27.1,95.9
2026-08-25 20:05:48,3918,27.1,95.9
2026-08-25 20:05:54,3917,27.1,95.9
2026-08-25 20:05:59,3914,27.1,95.9
2026-08-25 20:06:04,3912,27.2,95.9
2026-08-25 20:06:15,3911,27.1,95.9
2026-08-25 20:06:25,3910,27.1,95.9
2026-08-25 20:06:30,3908,27.1,95.9
2026-08-25 20:06:41,3910,27.2,95.9
2026-08-25 20:06:46,3909,27.1,95.9
2026-08-25 20:06:52,3910,27.1,95.9
2026-08-25 20:06:57,3912,27.1,95.8
2026-08-25 20:07:02,3913,27.1,95.9
2026-08-25 20:07:07,3914,27.1,95.9
2026-08-25 20:07:13,3913,27.1,95.9
2026-08-25 20:07:18,3911,27.1,95.9
2026-08-25 20:07:23,3914,27.2,95.9
2026-08-25 20:07:34,3912,27.1,95.8
2026-08-25 20:07:39,3911,27.1,95.9
2026-08-25 20:07:44,3910,27.1,95.9
2026-08-25 20:07:55,3907,27.1,95.9
2026-08-25 20:08:00,3908,27.1,95.9
2026-08-25 20:08:05,3909,27.1,95.9
2026-08-25 20:08:10,3907,27.1,95.8
2026-08-25 20:08:16,3906,27.2,95.9
2026-08-25 20:08:21,3907,27.1,95.9
2026-08-25 20:08:26,3906,27.1,95.9
2026-08-25 20:08:32,3905,27.1,95.9
2026-08-25 20:08:42,3907,27.1,95.8
2026-08-25 20:08:47,3905,27.1,95.9
2026-08-25 20:08:53,3904,27.1,95.9
2026-08-25 20:08:58,3905,27.1,95.9
2026-08-25 20:09:03,3904,27.1,95.9
2026-08-25 20:09:08,3907,27.2,95.9
2026-08-25 20:09:14,3905,27.1,95.9
2026-08-25 20:09:19,3906,27.1,95.9
2026-08-25 20:09:24,3907,27.1,95.8
2026-08-25 20:09:29,3905,27.1,95.9
2026-08-25 20:09:35,3910,27.2,95.9
2026-08-25 20:09:45,3912,27.1,95.8
2026-08-25 20:09:51,3913,27.1,95.9
2026-08-25 20:10:01,3918,27.1,95.8
2026-08-25 20:10:06,3919,27.1,95.9
2026-08-25 20:10:17,3917,27.1,95.8
2026-08-25 20:10:22,3915,27.1,95.8
2026-08-25 20:10:28,3914,27.2,95.9
2026-08-25 20:10:33,3916,27.1,95.9
2026-08-25 20:10:43,3915,27.1,95.9
2026-08-25 20:10:49,3914,27.1,95.8
2026-08-25 20:10:54,3913,27.1,95.8
2026-08-25 20:11:04,3910,27.1,95.9
2026-08-25 20:11:15,3915,27.1,95.8
2026-08-25 20:11:20,3917,27.2,95.8
2026-08-25 20:11:25,3918,27.1,95.8
2026-08-25 20:11:31,3917,27.1,95.8
2026-08-25 20:11:36,3916,27.1,95.9
2026-08-25 20:11:41,3914,27.1,95.8
2026-08-25 20:11:46,3911,27.1,95.9
2026-08-25 20:11:51,3914,27.1,95.9
2026-08-25 20:11:57,3916,27.1,95.8
2026-08-25 20:12:02,3915,27.1,95.8
2026-08-25 20:12:07,3911,27.1,95.9
2026-08-25 20:12:12,3914,27.2,95.8
2026-08-25 20:12:18,3912,27.1,95.8
2026-08-25 20:12:23,3915,27.1,95.9
2026-08-25 20:12:28,3914,27.1,95.9
2026-08-25 20:12:34,3915,27.1,95.8
2026-08-25 20:12:39,3916,27.1,95.9
2026-08-25 20:12:44,3917,27.1,95.8
2026-08-25 20:12:49,3915,27.1,95.9
2026-08-25 20:12:55,3913,27.1,95.8
2026-08-25 20:13:00,3914,27.1,95.9
2026-08-25 20:13:05,3915,27.2,95.9
2026-08-25 20:13:16,3912,27.1,95.9
2026-08-25 20:13:26,3913,27.1,95.8
2026-08-25 20:13:31,3907,27.1,95.9
2026-08-25 20:13:37,3909,27.1,95.9
2026-08-25 20:13:42,3906,27.1,95.8
2026-08-25 20:13:47,3905,27.1,95.9
2026-08-25 20:13:52,3906,27.1,95.9
2026-08-25 20:13:58,3905,27.1,95.8
2026-08-25 20:14:03,3902,27.1,95.9
2026-08-25 20:14:08,3904,27.1,95.8
2026-08-25 20:14:14,3901,27.1,95.8
2026-08-25 20:14:19,3903,27.2,95.8
2026-08-25 20:14:24,3904,27.1,95.9
2026-08-25 20:14:30,3902,27.1,95.8
2026-08-25 20:14:35,3898,27.1,95.9
2026-08-25 20:14:40,3897,27.1,95.9
2026-08-25 20:14:51,3898,27.1,95.8
2026-08-25 20:14:56,3900,27.1,95.8
2026-08-25 20:15:01,3903,27.1,95.9
2026-08-25 20:15:17,3905,27.1,95.8
2026-08-25 20:15:33,3904,27.1,95.8
2026-08-25 20:15:39,3903,27.1,95.8
2026-08-25 20:15:44,3901,27.1,95.8
2026-08-25 20:15:49,3903,27.2,95.8
2026-08-25 20:15:54,3902,27.1,95.8
2026-08-25 20:16:00,3901,27.1,95.8
2026-08-25 20:16:10,3902,27.1,95.8
2026-08-25 20:16:15,3900,27.1,95.8
2026-08-25 20:16:36,3902,27.2,95.8
2026-08-25 20:16:42,3906,27.1,95.8
2026-08-25 20:16:47,3904,27.1,95.8
2026-08-25 20:16:52,3903,27.2,95.8
2026-08-25 20:16:57,3904,27.1,95.8
2026-08-25 20:17:03,3901,27.1,95.8
2026-08-25 20:17:08,3904,27.1,95.8
2026-08-25 20:17:13,3901,27.1,95.8
2026-08-25 20:17:18,3899,27.1,95.8
2026-08-25 20:17:24,3898,27.1,95.8
2026-08-25 20:17:29,3899,27.1,95.8
2026-08-25 20:17:34,3900,27.1,95.8
2026-08-25 20:17:40,3897,27.1,95.8
2026-08-25 20:17:45,3899,27.1,95.8
2026-08-25 20:17:50,3897,27.2,95.8
2026-08-25 20:17:56,3899,27.2,95.8
2026-08-25 20:18:06,3898,27.1,95.8
2026-08-25 20:18:11,3902,27.1,95.8
2026-08-25 20:18:22,3898,27.1,95.8
2026-08-25 20:18:27,3897,27.2,95.8
2026-08-25 20:18:32,3891,27.1,95.8
2026-08-25 20:18:38,3890,27.2,95.8
2026-08-25 20:18:43,3889,27.1,95.8
2026-08-25 20:18:48,3894,27.1,95.8
2026-08-25 20:18:54,3893,27.1,95.8
2026-08-25 20:18:59,3891,27.2,95.8
2026-08-25 20:19:05,3892,27.1,95.8
2026-08-25 20:19:15,3890,27.1,95.7
2026-08-25 20:19:26,3891,27.1,95.8
2026-08-25 20:19:31,3887,27.1,95.7
2026-08-25 20:19:36,3890,27.2,95.7
2026-08-25 20:19:47,3889,27.1,95.7
2026-08-25 20:19:52,3891,27.1,95.7
2026-08-25 20:19:57,3890,27.1,95.7
2026-08-25 20:20:02,3891,27.2,95.8
2026-08-25 20:20:08,3888,27.1,95.7
2026-08-25 20:20:13,3887,27.1,95.7
2026-08-25 20:20:18,3886,27.2,95.7
2026-08-25 20:20:23,3885,27.2,95.8
2026-08-25 20:20:34,3886,27.1,95.7
2026-08-25 20:20:39,3885,27.1,95.7
2026-08-25 20:20:44,3884,27.1,95.7
2026-08-25 20:20:50,3885,27.1,95.7
2026-08-25 20:20:55,3886,27.1,95.7
2026-08-25 20:21:05,3882,27.1,95.7
2026-08-25 20:21:11,3879,27.1,95.7
2026-08-25 20:21:21,3878,27.2,95.7
2026-08-25 20:21:26,3879,27.1,95.7
2026-08-25 20:21:32,3880,27.1,95.7
2026-08-25 20:21:37,3878,27.1,95.7
2026-08-25 20:21:48,3877,27.2,95.7
2026-08-25 20:21:53,3870,27.2,95.7
2026-08-25 20:21:58,3869,27.1,95.7
2026-08-25 20:22:03,3870,27.1,95.7
2026-08-25 20:22:09,3867,27.1,95.7
2026-08-25 20:22:14,3868,27.1,95.7
2026-08-25 20:22:19,3869,27.1,95.7
2026-08-25 20:22:25,3872,27.2,95.7
2026-08-25 20:22:30,3871,27.1,95.6
2026-08-25 20:22:35,3866,27.1,95.6
2026-08-25 20:22:46,3865,27.2,95.7
2026-08-25 20:22:57,3863,27.1,95.6
2026-08-25 20:23:02,3861,27.1,95.6
2026-08-25 20:23:07,3859,27.1,95.6
2026-08-25 20:23:23,3862,27.1,95.7
2026-08-25 20:23:28,3863,27.1,95.7
2026-08-25 20:23:34,3864,27.1,95.6
2026-08-25 20:23:39,3867,27.1,95.6
2026-08-25 20:23:54,3869,27.1,95.6
2026-08-25 20:24:05,3866,27.1,95.6
2026-08-25 20:24:16,3862,27.1,95.6
2026-08-25 20:24:21,3861,27.1,95.7
2026-08-25 20:24:32,3860,27.1,95.6
2026-08-25 20:24:42,3861,27.1,95.6
2026-08-25 20:24:47,3863,27.1,95.7
2026-08-25 20:24:53,3861,27.1,95.6
2026-08-25 20:25:03,3858,27.1,95.6
2026-08-25 20:25:08,3857,27.1,95.7
2026-08-25 20:25:14,3856,27.1,95.7
2026-08-25 20:25:24,3854,27.1,95.6
2026-08-25 20:25:29,3852,27.1,95.6
2026-08-25 20:25:34,3853,27.1,95.6
2026-08-25 20:25:40,3851,27.1,95.6
2026-08-25 20:25:45,3845,27.2,95.6
2026-08-25 20:25:51,3842,27.1,95.7
2026-08-25 20:25:56,3838,27.1,95.6
2026-08-25 20:26:01,3837,27.1,95.6
2026-08-25 20:26:06,3839,27.1,95.6
2026-08-25 20:26:12,3841,27.1,95.6
2026-08-25 20:26:17,3842,27.1,95.6
2026-08-25 20:26:27,3845,27.1,95.6
2026-08-25 20:26:33,3846,27.1,95.7
2026-08-25 20:26:43,3847,27.1,95.7
2026-08-25 20:26:48,3846,27.1,95.6
2026-08-25 20:26:54,3844,27.1,95.7
2026-08-25 20:26:59,3843,27.1,95.7
2026-08-25 20:27:04,3842,27.1,95.7
2026-08-25 20:27:09,3841,27.1,95.6
2026-08-25 20:27:15,3840,27.1,95.7
2026-08-25 20:27:20,3842,27.1,95.7
2026-08-25 20:27:25,3843,27.1,95.7
2026-08-25 20:27:36,3842,27.1,95.6
2026-08-25 20:27:41,3838,27.1,95.7
2026-08-25 20:27:46,3833,27.1,95.6
2026-08-25 20:28:02,3830,27.1,95.7
2026-08-25 20:28:12,3828,27.1,95.7
2026-08-25 20:28:18,3826,27.1,95.7
2026-08-25 20:28:28,3833,27.1,95.7
2026-08-25 20:28:34,3830,27.1,95.7
2026-08-25 20:28:39,3831,27.1,95.7
2026-08-25 20:28:44,3833,27.1,95.7
2026-08-25 20:28:49,3830,27.1,95.7
2026-08-25 20:28:55,3829,27.1,95.7
2026-08-25 20:29:05,3827,27.1,95.7
2026-08-25 20:29:11,3825,27.1,95.7
2026-08-25 20:29:21,3827,27.1,95.7
2026-08-25 20:29:26,3828,27.1,95.7
2026-08-25 20:29:32,3832,27.1,95.7
2026-08-25 20:29:37,3836,27.1,95.7
2026-08-25 20:29:48,3837,27.1,95.7
2026-08-25 20:29:58,3839,27.1,95.7
2026-08-25 20:30:04,3842,27.1,95.8
2026-08-25 20:30:09,3844,27.1,95.7
2026-08-25 20:30:14,3845,27.1,95.7
2026-08-25 20:30:19,3846,27.1,95.7
2026-08-25 20:30:24,3850,27.1,95.7
2026-08-25 20:30:30,3852,27.1,95.7
2026-08-25 20:30:35,3853,27.1,95.7
2026-08-25 20:30:51,3855,27.1,95.8
2026-08-25 20:31:01,3854,27.1,95.8
2026-08-25 20:31:12,3852,27.1,95.8
2026-08-25 20:31:23,3854,27.1,95.8
2026-08-25 20:31:28,3855,27.1,95.8
2026-08-25 20:31:33,3852,27.1,95.8
2026-08-25 20:31:39,3851,27.1,95.8
2026-08-25 20:31:44,3852,27.1,95.8
2026-08-25 20:31:49,3854,27.1,95.8
2026-08-25 20:31:55,3853,27.1,95.8
2026-08-25 20:32:00,3852,27.1,95.8
2026-08-25 20:32:16,3851,27.1,95.8
2026-08-25 20:32:21,3848,27.1,95.8
2026-08-25 20:32:27,3849,27.1,95.8
2026-08-25 20:32:32,3847,27.1,95.8
2026-08-25 20:32:42,3848,27.1,95.8
2026-08-25 20:32:48,3850,27.1,95.8
2026-08-25 20:32:58,3852,27.1,95.8
2026-08-25 20:33:03,3855,27.1,95.8
2026-08-25 20:33:09,3857,27.1,95.8
2026-08-25 20:33:14,3856,27.1,95.8
2026-08-25 20:33:19,3855,27.1,95.8
2026-08-25 20:33:24,3856,27.1,95.8
2026-08-25 20:33:30,3857,27.2,95.8
2026-08-25 20:33:45,3860,27.1,95.9
2026-08-25 20:33:51,3862,27.1,95.9
2026-08-25 20:33:56,3861,27.1,95.9
2026-08-25 20:34:07,3865,27.1,95.8
2026-08-25 20:34:12,3866,27.1,95.9
2026-08-25 20:34:17,3865,27.1,95.9
2026-08-25 20:34:22,3866,27.1,95.8
2026-08-25 20:34:28,3864,27.1,95.9
2026-08-25 20:34:33,3868,27.1,95.9
2026-08-25 20:34:38,3871,27.1,95.9
2026-08-25 20:34:44,3873,27.1,95.8
2026-08-25 20:34:49,3874,27.1,95.8
2026-08-25 20:34:54,3875,27.1,95.8
2026-08-25 20:34:59,3877,27.2,95.9
2026-08-25 20:35:04,3876,27.1,95.8
2026-08-25 20:35:10,3877,27.2,95.8
2026-08-25 20:35:15,3879,27.2,95.8
2026-08-25 20:35:20,3883,27.1,95.8
2026-08-25 20:35:25,3885,27.1,95.8
2026-08-25 20:35:31,3886,27.1,95.9
2026-08-25 20:35:36,3889,27.1,95.8
2026-08-25 20:35:47,3893,27.1,95.9
2026-08-25 20:35:52,3890,27.1,95.8
2026-08-25 20:35:57,3892,27.1,95.8
2026-08-25 20:36:03,3895,27.1,95.8
2026-08-25 20:36:08,3897,27.1,95.8
2026-08-25 20:36:13,3899,27.2,95.8
2026-08-25 20:36:24,3901,27.1,95.8
2026-08-25 20:36:29,3897,27.1,95.9
2026-08-25 20:36:34,3895,27.1,95.8
2026-08-25 20:36:39,3893,27.1,95.9
2026-08-25 20:36:45,3892,27.1,95.8
2026-08-25 20:36:50,3894,27.1,95.8
2026-08-25 20:37:00,3897,27.2,95.9
2026-08-25 20:37:06,3898,27.1,95.8
2026-08-25 20:37:11,3900,27.1,95.8
2026-08-25 20:37:16,3901,27.1,95.8
2026-08-25 20:37:22,3903,27.1,95.8
2026-08-25 20:37:27,3902,27.1,95.8
2026-08-25 20:37:32,3900,27.1,95.8
2026-08-25 20:37:38,3901,27.1,95.8
2026-08-25 20:37:43,3903,27.2,95.8
2026-08-25 20:37:48,3904,27.1,95.8
2026-08-25 20:37:53,3906,27.2,95.8
2026-08-25 20:37:59,3907,27.2,95.8
2026-08-25 20:38:04,3909,27.1,95.8
2026-08-25 20:38:09,3910,27.1,95.8
2026-08-25 20:38:20,3911,27.1,95.8
2026-08-25 20:38:25,3913,27.1,95.8
2026-08-25 20:38:30,3914,27.1,95.8
2026-08-25 20:38:35,3911,27.1,95.8
2026-08-25 20:38:46,3913,27.1,95.8
2026-08-25 20:38:51,3914,27.1,95.8
2026-08-25 20:38:57,3911,27.1,95.8
2026-08-25 20:39:02,3914,27.1,95.8
2026-08-25 20:39:07,3915,27.1,95.8
2026-08-25 20:39:13,3917,27.1,95.8
2026-08-25 20:39:18,3918,27.1,95.8
2026-08-25 20:39:29,3919,27.1,95.8
2026-08-25 20:39:34,3918,27.1,95.8
2026-08-25 20:39:39,3920,27.2,95.8
2026-08-25 20:39:45,3925,27.1,95.8
2026-08-25 20:39:50,3926,27.1,95.8
2026-08-25 20:40:06,3928,27.2,95.8
2026-08-25 20:40:11,3929,27.1,95.8
2026-08-25 20:40:16,3928,27.1,95.8
2026-08-25 20:40:27,3929,27.2,95.8
2026-08-25 20:40:38,3928,27.1,95.8
2026-08-25 20:40:43,3927,27.1,95.8
2026-08-25 20:40:53,3925,27.1,95.8
2026-08-25 20:40:59,3926,27.2,95.8
2026-08-25 20:41:09,3922,27.1,95.8
2026-08-25 20:41:14,3923,27.1,95.8
2026-08-25 20:41:25,3926,27.1,95.8
2026-08-25 20:41:30,3927,27.1,95.8
2026-08-25 20:41:35,3924,27.1,95.7
2026-08-25 20:41:41,3925,27.1,95.8
2026-08-25 20:41:46,3924,27.1,95.8
2026-08-25 20:41:51,3923,27.2,95.8
2026-08-25 20:41:57,3924,27.1,95.8
2026-08-25 20:42:07,3927,27.2,95.8
2026-08-25 20:42:12,3930,27.1,95.8
2026-08-25 20:42:18,3926,27.1,95.8
2026-08-25 20:42:39,3928,27.1,95.8
2026-08-25 20:42:44,3927,27.1,95.8
2026-08-25 20:42:49,3928,27.2,95.8
2026-08-25 20:42:55,3927,27.1,95.8
2026-08-25 20:43:00,3925,27.2,95.8
2026-08-25 20:43:05,3926,27.2,95.8
2026-08-25 20:43:10,3927,27.1,95.8
2026-08-25 20:43:16,3930,27.1,95.8
2026-08-25 20:43:26,3931,27.1,95.8
2026-08-25 20:43:31,3930,27.2,95.7
2026-08-25 20:43:36,3933,27.1,95.7
2026-08-25 20:43:47,3931,27.2,95.8
2026-08-25 20:44:03,3928,27.2,95.8
2026-08-25 20:44:08,3927,27.1,95.8
2026-08-25 20:44:13,3928,27.1,95.8
2026-08-25 20:44:19,3927,27.1,95.8
2026-08-25 20:44:24,3928,27.1,95.7
2026-08-25 20:44:29,3925,27.1,95.8
2026-08-25 20:44:34,3924,27.2,95.8
2026-08-25 20:44:45,3921,27.1,95.8
2026-08-25 20:44:50,3920,27.2,95.8
2026-08-25 20:44:55,3919,27.1,95.8
2026-08-25 20:45:01,3917,27.1,95.8
2026-08-25 20:45:06,3916,27.1,95.7
2026-08-25 20:45:17,3917,27.1,95.8
2026-08-25 20:45:22,3916,27.2,95.7
2026-08-25 20:45:27,3915,27.2,95.7
2026-08-25 20:45:49,3913,27.2,95.8
2026-08-25 20:45:59,3911,27.1,95.8
2026-08-25 20:46:10,3913,27.2,95.8
2026-08-25 20:46:15,3908,27.1,95.7
2026-08-25 20:46:20,3905,27.2,95.7
2026-08-25 20:46:26,3908,27.1,95.7
2026-08-25 20:46:31,3907,27.1,95.7
2026-08-25 20:46:36,3908,27.2,95.7
2026-08-25 20:46:41,3905,27.1,95.7
2026-08-25 20:46:52,3907,27.2,95.7
2026-08-25 20:47:02,3906,27.1,95.7
2026-08-25 20:47:08,3908,27.1,95.7
2026-08-25 20:47:13,3910,27.1,95.8
2026-08-25 20:47:18,3908,27.1,95.7
2026-08-25 20:47:23,3904,27.1,95.8
2026-08-25 20:47:39,3903,27.2,95.7
2026-08-25 20:47:44,3905,27.1,95.7
2026-08-25 20:47:50,3906,27.1,95.7
2026-08-25 20:47:55,3904,27.1,95.7
2026-08-25 20:48:00,3900,27.2,95.7
2026-08-25 20:48:05,3898,27.2,95.7
2026-08-25 20:48:16,3897,27.1,95.7
2026-08-25 20:48:26,3901,27.1,95.7
2026-08-25 20:48:32,3900,27.1,95.7
2026-08-25 20:48:37,3898,27.1,95.7
2026-08-25 20:48:42,3901,27.1,95.7
2026-08-25 20:48:47,3898,27.1,95.7
2026-08-25 20:48:53,3899,27.1,95.7
2026-08-25 20:48:58,3898,27.1,95.7
2026-08-25 20:49:03,3896,27.2,95.7
2026-08-25 20:49:09,3894,27.1,95.7
2026-08-25 20:49:24,3897,27.1,95.7
2026-08-25 20:49:30,3896,27.1,95.7
2026-08-25 20:49:35,3895,27.1,95.7
2026-08-25 20:49:40,3893,27.1,95.7
2026-08-25 20:49:51,3894,27.2,95.7
2026-08-25 20:50:12,3888,27.1,95.7
2026-08-25 20:50:17,3886,27.1,95.7
2026-08-25 20:50:22,3885,27.1,95.7
2026-08-25 20:50:27,3882,27.1,95.8
2026-08-25 20:50:33,3883,27.1,95.8
2026-08-25 20:50:38,3882,27.2,95.7
2026-08-25 20:50:43,3883,27.1,95.7
2026-08-25 20:50:49,3886,27.1,95.7
2026-08-25 20:50:59,3883,27.1,95.8
2026-08-25 20:51:04,3886,27.1,95.7
2026-08-25 20:51:15,3887,27.1,95.7
2026-08-25 20:51:30,3889,27.1,95.7
2026-08-25 20:51:36,3886,27.1,95.8
2026-08-25 20:51:41,3885,27.2,95.7
2026-08-25 20:51:46,3886,27.1,95.8
2026-08-25 20:51:52,3884,27.1,95.8
2026-08-25 20:51:57,3885,27.1,95.7
2026-08-25 20:52:02,3886,27.2,95.7
2026-08-25 20:52:07,3885,27.2,95.7
2026-08-25 20:52:12,3888,27.1,95.8
2026-08-25 20:52:18,3885,27.1,95.8
2026-08-25 20:52:23,3886,27.1,95.7
2026-08-25 20:52:34,3887,27.1,95.8
2026-08-25 20:52:39,3885,27.2,95.7
2026-08-25 20:52:50,3888,27.1,95.7
2026-08-25 20:52:55,3887,27.1,95.8
2026-08-25 20:53:11,3885,27.1,95.8
2026-08-25 20:53:16,3887,27.1,95.8
2026-08-25 20:53:21,3888,27.1,95.7
2026-08-25 20:53:26,3885,27.1,95.8
2026-08-25 20:53:32,3883,27.1,95.7
2026-08-25 20:53:37,3881,27.1,95.7
2026-08-25 20:53:42,3880,27.1,95.7
2026-08-25 20:53:47,3881,27.1,95.8
2026-08-25 20:53:53,3878,27.1,95.7
2026-08-25 20:53:58,3880,27.1,95.8
2026-08-25 20:54:03,3878,27.1,95.7
2026-08-25 20:54:09,3879,27.1,95.8
2026-08-25 20:54:14,3880,27.1,95.8
2026-08-25 20:54:19,3883,27.1,95.8
2026-08-25 20:54:35,3882,27.1,95.8
2026-08-25 20:54:40,3883,27.1,95.8
2026-08-25 20:54:45,3881,27.2,95.7
2026-08-25 20:54:56,3883,27.2,95.7
2026-08-25 20:55:01,3886,27.1,95.7
2026-08-25 20:55:17,3885,27.1,95.7
2026-08-25 20:55:22,3886,27.1,95.7
2026-08-25 20:55:27,3891,27.1,95.7
2026-08-25 20:55:33,3889,27.1,95.7
2026-08-25 20:55:38,3886,27.2,95.7
2026-08-25 20:55:43,3887,27.1,95.7
2026-08-25 20:55:49,3889,27.1,95.7
2026-08-25 20:55:54,3888,27.2,95.7
2026-08-25 20:56:04,3892,27.1,95.7
2026-08-25 20:56:10,3890,27.1,95.7
2026-08-25 20:56:20,3891,27.1,95.7
2026-08-25 20:56:25,3889,27.1,95.8
2026-08-25 20:56:36,3890,27.1,95.7
2026-08-25 20:56:47,3891,27.1,95.7
2026-08-25 20:56:52,3890,27.2,95.8
2026-08-25 20:56:57,3892,27.1,95.7
2026-08-25 20:57:02,3891,27.1,95.7
2026-08-25 20:57:18,3894,27.1,95.8
2026-08-25 20:57:24,3892,27.1,95.7
2026-08-25 20:57:34,3890,27.1,95.7
2026-08-25 20:57:39,3886,27.1,95.7
2026-08-25 20:57:45,3883,27.1,95.8
2026-08-25 20:58:06,3884,27.1,95.7
2026-08-25 20:58:11,3886,27.1,95.8
2026-08-25 20:58:16,3887,27.1,95.8
2026-08-25 20:58:22,3885,27.1,95.8
2026-08-25 20:58:32,3884,27.1,95.7
2026-08-25 20:58:37,3889,27.2,95.8
2026-08-25 20:58:43,3887,27.1,95.7
2026-08-25 20:58:48,3888,27.1,95.7
2026-08-25 20:58:59,3887,27.1,95.7
2026-08-25 20:59:04,3888,27.1,95.8
2026-08-25 20:59:09,3887,27.1,95.8
2026-08-25 20:59:15,3888,27.1,95.8
2026-08-25 20:59:20,3887,27.1,95.7
2026-08-25 20:59:30,3889,27.1,95.7
2026-08-25 20:59:36,3890,27.1,95.7
2026-08-25 20:59:41,3891,27.1,95.8
2026-08-25 20:59:46,3887,27.2,95.7
2026-08-25 20:59:57,3886,27.1,95.7
2026-08-25 21:00:07,3885,27.1,95.8
2026-08-25 21:00:13,3886,27.1,95.7
2026-08-25 21:00:18,3885,27.1,95.7
2026-08-25 21:00:23,3882,27.1,95.7
2026-08-25 21:00:28,3884,27.1,95.8
2026-08-25 21:00:34,3885,27.1,95.7
2026-08-25 21:00:39,3884,27.1,95.8
2026-08-25 21:00:44,3882,27.1,95.7
2026-08-25 21:00:55,3883,27.1,95.7
2026-08-25 21:01:05,3882,27.1,95.7
2026-08-25 21:01:11,3883,27.1,95.7
2026-08-25 21:01:16,3885,27.1,95.7
2026-08-25 21:01:21,3882,27.2,95.7
2026-08-25 21:01:37,3880,27.1,95.8
2026-08-25 21:01:42,3878,27.1,95.8
2026-08-25 21:01:47,3876,27.1,95.7
2026-08-25 21:01:53,3877,27.1,95.7
2026-08-25 21:02:03,3876,27.1,95.7
2026-08-25 21:02:08,3875,27.1,95.7
2026-08-25 21:02:14,3873,27.1,95.7
2026-08-25 21:02:19,3874,27.1,95.7
2026-08-25 21:02:25,3876,27.2,95.7
2026-08-25 21:02:30,3877,27.1,95.7
2026-08-25 21:02:35,3878,27.1,95.7
2026-08-25 21:02:40,3876,27.1,95.7
2026-08-25 21:02:46,3874,27.1,95.7
2026-08-25 21:02:51,3875,27.1,95.7
2026-08-25 21:03:01,3872,27.1,95.7
2026-08-25 21:03:07,3874,27.1,95.7
2026-08-25 21:03:22,3872,27.1,95.7
2026-08-25 21:03:28,3874,27.1,95.7
2026-08-25 21:03:33,3875,27.1,95.7
2026-08-25 21:03:38,3872,27.1,95.7
2026-08-25 21:03:44,3871,27.1,95.7
2026-08-25 21:03:49,3870,27.1,95.7
2026-08-25 21:04:00,3871,27.1,95.7
2026-08-25 21:04:05,3872,27.1,95.7
2026-08-25 21:04:10,3873,27.1,95.7
2026-08-25 21:04:15,3874,27.1,95.7
2026-08-25 21:04:21,3872,27.1,95.7
2026-08-25 21:04:26,3873,27.1,95.7
2026-08-25 21:04:31,3875,27.1,95.7
2026-08-25 21:04:36,3873,27.1,95.7
2026-08-25 21:04:42,3874,27.1,95.7
2026-08-25 21:04:47,3879,27.1,95.7
2026-08-25 21:04:52,3884,27.1,95.7
2026-08-25 21:04:57,3883,27.1,95.7
2026-08-25 21:05:03,3885,27.1,95.7
2026-08-25 21:05:08,3886,27.1,95.7
2026-08-25 21:05:24,3884,27.1,95.7
2026-08-25 21:05:29,3880,27.1,95.7
2026-08-25 21:05:34,3879,27.1,95.7
2026-08-25 21:05:39,3881,27.1,95.7
2026-08-25 21:05:44,3879,27.1,95.7
2026-08-25 21:05:50,3880,27.1,95.8
2026-08-25 21:05:55,3877,27.1,95.7
2026-08-25 21:06:00,3875,27.1,95.7
2026-08-25 21:06:11,3872,27.1,95.7
2026-08-25 21:06:16,3868,27.1,95.7
2026-08-25 21:06:27,3871,27.1,95.7
2026-08-25 21:06:32,3874,27.1,95.7
2026-08-25 21:06:37,3873,27.1,95.7
2026-08-25 21:06:48,3870,27.2,95.7
2026-08-25 21:06:53,3873,27.1,95.7
2026-08-25 21:06:58,3871,27.1,95.7
2026-08-25 21:07:03,3872,27.1,95.7
2026-08-25 21:07:09,3869,27.1,95.7
2026-08-25 21:07:14,3870,27.1,95.7
2026-08-25 21:07:19,3868,27.1,95.7
2026-08-25 21:07:25,3869,27.1,95.7
2026-08-25 21:07:30,3871,27.1,95.7
2026-08-25 21:07:35,3872,27.1,95.7
2026-08-25 21:07:41,3870,27.2,95.7
2026-08-25 21:07:51,3871,27.1,95.7
2026-08-25 21:07:56,3872,27.1,95.7
2026-08-25 21:08:01,3871,27.1,95.7
2026-08-25 21:08:07,3870,27.1,95.7
2026-08-25 21:08:12,3871,27.1,95.7
2026-08-25 21:08:17,3872,27.1,95.7
2026-08-25 21:08:22,3868,27.1,95.7
2026-08-25 21:08:28,3866,27.1,95.7
2026-08-25 21:08:33,3868,27.1,95.7
2026-08-25 21:08:43,3866,27.1,95.7
2026-08-25 21:08:49,3863,27.1,95.7
2026-08-25 21:08:54,3864,27.1,95.7
2026-08-25 21:08:59,3862,27.1,95.7
2026-08-25 21:09:04,3863,27.1,95.7
2026-08-25 21:09:10,3864,27.1,95.7
2026-08-25 21:09:15,3866,27.1,95.7
2026-08-25 21:09:20,3865,27.1,95.7
2026-08-25 21:09:41,3866,27.1,95.7
2026-08-25 21:09:46,3862,27.1,95.7
2026-08-25 21:09:52,3863,27.1,95.7
2026-08-25 21:09:57,3865,27.1,95.7
2026-08-25 21:10:02,3863,27.1,95.7
2026-08-25 21:10:13,3864,27.1,95.7
2026-08-25 21:10:18,3867,27.1,95.7
2026-08-25 21:10:23,3865,27.1,95.7
2026-08-25 21:10:28,3864,27.1,95.7
2026-08-25 21:10:34,3865,27.1,95.7
2026-08-25 21:10:39,3863,27.1,95.7
2026-08-25 21:10:44,3860,27.1,95.7
2026-08-25 21:10:50,3859,27.1,95.7
2026-08-25 21:10:55,3857,27.1,95.7
2026-08-25 21:11:00,3854,27.1,95.7
2026-08-25 21:11:11,3855,27.1,95.7
2026-08-25 21:11:16,3858,27.1,95.7
2026-08-25 21:11:27,3857,27.1,95.7
2026-08-25 21:11:32,3854,27.1,95.7
2026-08-25 21:11:37,3856,27.1,95.7
2026-08-25 21:11:48,3854,27.1,95.7
2026-08-25 21:11:53,3857,27.1,95.7
2026-08-25 21:11:58,3855,27.1,95.7
2026-08-25 21:12:04,3854,27.1,95.7
2026-08-25 21:12:14,3853,27.1,95.7
2026-08-25 21:12:20,3855,27.1,95.7
2026-08-25 21:12:25,3856,27.1,95.7
2026-08-25 21:12:30,3858,27.1,95.6
2026-08-25 21:12:46,3855,27.1,95.7
2026-08-25 21:12:51,3853,27.1,95.7
2026-08-25 21:12:57,3852,27.1,95.7
2026-08-25 21:13:02,3848,27.1,95.7
2026-08-25 21:13:07,3844,27.1,95.7
2026-08-25 21:13:18,3847,27.1,95.7
2026-08-25 21:13:23,3843,27.1,95.7
2026-08-25 21:13:28,3847,27.1,95.6
2026-08-25 21:13:38,3845,27.1,95.7
2026-08-25 21:13:49,3847,27.1,95.7
2026-08-25 21:13:54,3849,27.1,95.7
2026-08-25 21:14:00,3846,27.1,95.6
2026-08-25 21:14:05,3845,27.2,95.7
2026-08-25 21:14:10,3847,27.1,95.6
2026-08-25 21:14:16,3845,27.1,95.6
2026-08-25 21:14:21,3847,27.1,95.6
2026-08-25 21:14:26,3844,27.1,95.7
2026-08-25 21:14:32,3838,27.1,95.6
2026-08-25 21:14:37,3837,27.1,95.6
2026-08-25 21:14:42,3838,27.1,95.6
2026-08-25 21:14:47,3834,27.1,95.6
2026-08-25 21:14:53,3836,27.1,95.6
2026-08-25 21:14:58,3839,27.1,95.6
2026-08-25 21:15:03,3837,27.1,95.6
2026-08-25 21:15:08,3835,27.1,95.6
2026-08-25 21:15:14,3836,27.1,95.6
2026-08-25 21:15:19,3835,27.1,95.6
2026-08-25 21:15:24,3832,27.1,95.6
2026-08-25 21:15:29,3830,27.1,95.6
2026-08-25 21:15:35,3829,27.1,95.6
2026-08-25 21:15:45,3827,27.1,95.6
2026-08-25 21:15:50,3823,27.1,95.6
2026-08-25 21:15:55,3826,27.1,95.6
2026-08-25 21:16:01,3824,27.1,95.6
2026-08-25 21:16:06,3827,27.1,95.6
2026-08-25 21:16:11,3829,27.1,95.6
2026-08-25 21:16:16,3828,27.1,95.6
2026-08-25 21:16:22,3827,27.1,95.6
2026-08-25 21:16:32,3829,27.1,95.6
2026-08-25 21:16:38,3828,27.1,95.6
2026-08-25 21:16:43,3824,27.1,95.6
2026-08-25 21:16:48,3826,27.1,95.6
2026-08-25 21:16:58,3827,27.1,95.6
2026-08-25 21:17:04,3825,27.1,95.6
2026-08-25 21:17:09,3826,27.1,95.6
2026-08-25 21:17:14,3825,27.1,95.6
2026-08-25 21:17:20,3824,27.1,95.6
2026-08-25 21:17:35,3822,27.1,95.6
2026-08-25 21:17:46,3821,27.1,95.6
2026-08-25 21:17:51,3819,27.1,95.6
2026-08-25 21:17:57,3821,27.1,95.6
2026-08-25 21:18:02,3818,27.1,95.5
2026-08-25 21:18:07,3819,27.1,95.6
2026-08-25 21:18:12,3820,27.1,95.6
2026-08-25 21:18:18,3819,27.1,95.6
2026-08-25 21:18:28,3820,27.1,95.6
2026-08-25 21:18:33,3819,27.1,95.6
2026-08-25 21:18:39,3818,27.1,95.6
2026-08-25 21:18:44,3821,27.1,95.6
2026-08-25 21:18:49,3817,27.1,95.6
2026-08-25 21:18:54,3815,27.1,95.6
2026-08-25 21:19:00,3818,27.1,95.5
2026-08-25 21:19:05,3820,27.1,95.6
2026-08-25 21:19:10,3816,27.1,95.6
2026-08-25 21:19:16,3813,27.1,95.6
2026-08-25 21:19:37,3814,27.1,95.5
2026-08-25 21:19:47,3811,27.1,95.5
2026-08-25 21:19:52,3808,27.1,95.6
2026-08-25 21:19:58,3809,27.1,95.5
2026-08-25 21:20:03,3811,27.1,95.6
2026-08-25 21:20:13,3813,27.1,95.6
2026-08-25 21:20:19,3812,27.1,95.6
2026-08-25 21:20:24,3811,27.1,95.6
2026-08-25 21:20:29,3810,27.1,95.6
2026-08-25 21:20:34,3809,27.1,95.6
2026-08-25 21:20:40,3810,27.1,95.6
2026-08-25 21:20:45,3812,27.1,95.6
2026-08-25 21:20:50,3813,27.1,95.6
2026-08-25 21:20:56,3811,27.1,95.5
2026-08-25 21:21:01,3810,27.1,95.6
2026-08-25 21:21:06,3813,27.1,95.6
2026-08-25 21:21:12,3814,27.1,95.5
2026-08-25 21:21:17,3816,27.1,95.5
2026-08-25 21:21:22,3818,27.1,95.5
2026-08-25 21:21:28,3814,27.1,95.6
2026-08-25 21:21:33,3815,27.1,95.6
2026-08-25 21:21:38,3813,27.1,95.5
2026-08-25 21:21:43,3810,27.1,95.5
2026-08-25 21:21:49,3811,27.1,95.5
2026-08-25 21:21:54,3809,27.1,95.5
2026-08-25 21:21:59,3811,27.1,95.5
2026-08-25 21:22:05,3809,27.1,95.5
2026-08-25 21:22:10,3810,27.1,95.5
2026-08-25 21:22:15,3812,27.1,95.5
2026-08-25 21:22:21,3811,27.1,95.5
2026-08-25 21:22:26,3812,27.1,95.5
2026-08-25 21:22:31,3809,27.1,95.5
2026-08-25 21:22:36,3815,27.1,95.5
2026-08-25 21:22:41,3812,27.1,95.5
2026-08-25 21:22:47,3810,27.1,95.5
2026-08-25 21:22:52,3813,27.1,95.5
2026-08-25 21:23:03,3809,27.1,95.5
2026-08-25 21:23:13,3808,27.1,95.5
2026-08-25 21:23:24,3811,27.1,95.5
2026-08-25 21:23:29,3809,27.1,95.5
2026-08-25 21:23:34,3807,27.1,95.5
2026-08-25 21:23:39,3806,27.1,95.5
2026-08-25 21:23:45,3808,27.1,95.5
2026-08-25 21:23:50,3809,27.1,95.5
2026-08-25 21:23:55,3807,27.1,95.5
2026-08-25 21:24:06,3808,27.1,95.5
2026-08-25 21:24:11,3806,27.1,95.5
2026-08-25 21:24:16,3807,27.1,95.5
2026-08-25 21:24:21,3806,27.1,95.5
2026-08-25 21:24:27,3809,27.1,95.5
2026-08-25 21:24:32,3808,27.1,95.5
2026-08-25 21:24:37,3806,27.1,95.5
2026-08-25 21:24:43,3807,27.1,95.5
2026-08-25 21:24:48,3810,27.1,95.5
2026-08-25 21:24:53,3807,27.1,95.5
2026-08-25 21:24:58,3809,27.1,95.5
2026-08-25 21:25:03,3810,27.1,95.5
2026-08-25 21:25:09,3813,27.1,95.5
2026-08-25 21:25:14,3808,27.1,95.5
2026-08-25 21:25:19,3806,27.1,95.5
2026-08-25 21:25:24,3804,27.1,95.5
2026-08-25 21:25:30,3802,27.1,95.5
2026-08-25 21:25:35,3804,27.1,95.5
2026-08-25 21:25:40,3807,27.1,95.5
2026-08-25 21:25:51,3808,27.1,95.5
2026-08-25 21:25:56,3809,27.1,95.5
2026-08-25 21:26:01,3808,27.1,95.5
2026-08-25 21:26:12,3806,27.1,95.5
2026-08-25 21:26:17,3808,27.1,95.5
2026-08-25 21:26:22,3810,27.1,95.5
2026-08-25 21:26:27,3808,27.1,95.5
2026-08-25 21:26:33,3811,27.1,95.5
2026-08-25 21:26:38,3810,27.1,95.5
2026-08-25 21:26:43,3811,27.1,95.5
2026-08-25 21:26:49,3812,27.1,95.5
2026-08-25 21:26:54,3814,27.1,95.5
2026-08-25 21:27:04,3815,27.1,95.5
2026-08-25 21:27:10,3813,27.1,95.4
2026-08-25 21:27:15,3809,27.1,95.4
2026-08-25 21:27:20,3807,27.1,95.4
2026-08-25 21:27:26,3804,27.1,95.5
2026-08-25 21:27:31,3805,27.1,95.5
2026-08-25 21:27:36,3803,27.1,95.5
2026-08-25 21:27:41,3800,27.1,95.4
2026-08-25 21:27:46,3802,27.1,95.4
2026-08-25 21:27:52,3798,27.1,95.4
2026-08-25 21:27:57,3797,27.1,95.4
2026-08-25 21:28:02,3798,27.1,95.5
2026-08-25 21:28:29,3800,27.1,95.5
2026-08-25 21:28:34,3799,27.1,95.5
2026-08-25 21:28:39,3800,27.1,95.5
2026-08-25 21:28:44,3801,27.1,95.5
2026-08-25 21:28:50,3800,27.1,95.4
2026-08-25 21:29:00,3796,27.1,95.5
2026-08-25 21:29:06,3797,27.1,95.5
2026-08-25 21:29:11,3796,27.1,95.5
2026-08-25 21:29:16,3795,27.1,95.5
2026-08-25 21:29:37,3796,27.1,95.5
2026-08-25 21:29:42,3798,27.1,95.5
2026-08-25 21:29:53,3796,27.1,95.5
2026-08-25 21:29:58,3801,27.1,95.5
2026-08-25 21:30:03,3802,27.1,95.5
2026-08-25 21:30:14,3801,27.1,95.5
2026-08-25 21:30:30,3802,27.1,95.5
2026-08-25 21:30:35,3803,27.1,95.5
2026-08-25 21:30:40,3801,27.1,95.5
2026-08-25 21:30:46,3800,27.1,95.5
2026-08-25 21:30:51,3802,27.1,95.4
2026-08-25 21:30:56,3800,27.1,95.5
2026-08-25 21:31:01,3799,27.1,95.4
2026-08-25 21:31:07,3801,27.1,95.5
2026-08-25 21:31:12,3805,27.1,95.4
2026-08-25 21:31:17,3804,27.1,95.4
2026-08-25 21:31:22,3801,27.1,95.5
2026-08-25 21:31:27,3799,27.1,95.5
2026-08-25 21:31:33,3796,27.1,95.5
2026-08-25 21:31:38,3797,27.1,95.5
2026-08-25 21:31:43,3802,27.1,95.4
2026-08-25 21:31:48,3800,27.1,95.5
2026-08-25 21:31:54,3801,27.1,95.5
2026-08-25 21:31:59,3802,27.1,95.5
2026-08-25 21:32:04,3800,27.1,95.5
2026-08-25 21:32:10,3799,27.1,95.4
2026-08-25 21:32:15,3798,27.1,95.4
2026-08-25 21:32:20,3796,27.1,95.4
2026-08-25 21:32:26,3798,27.1,95.4
2026-08-25 21:32:31,3796,27.1,95.4
2026-08-25 21:32:36,3795,27.1,95.4
2026-08-25 21:32:41,3792,27.1,95.4
2026-08-25 21:32:47,3788,27.1,95.4
2026-08-25 21:32:52,3790,27.1,95.4
2026-08-25 21:32:57,3791,27.1,95.4
2026-08-25 21:33:02,3792,27.1,95.4
2026-08-25 21:33:08,3790,27.1,95.4
2026-08-25 21:33:13,3788,27.1,95.5
2026-08-25 21:33:23,3789,27.1,95.4
2026-08-25 21:33:29,3785,27.1,95.4
2026-08-25 21:33:34,3781,27.1,95.4
2026-08-25 21:33:39,3783,27.1,95.4
2026-08-25 21:33:50,3781,27.1,95.4
2026-08-25 21:33:55,3783,27.1,95.4
2026-08-25 21:34:00,3782,27.1,95.4
2026-08-25 21:34:11,3781,27.1,95.4
2026-08-25 21:34:21,3780,27.1,95.4
2026-08-25 21:34:26,3781,27.1,95.4
2026-08-25 21:34:32,3784,27.1,95.4
2026-08-25 21:34:37,3782,27.1,95.4
2026-08-25 21:34:42,3781,27.1,95.4
2026-08-25 21:34:47,3779,27.1,95.4
2026-08-25 21:34:52,3778,27.1,95.4
2026-08-25 21:34:58,3777,27.1,95.4
2026-08-25 21:35:03,3776,27.1,95.4
2026-08-25 21:35:13,3777,27.1,95.4
2026-08-25 21:35:19,3778,27.1,95.4
2026-08-25 21:35:24,3780,27.1,95.4
2026-08-25 21:35:29,3777,27.1,95.4
2026-08-25 21:35:35,3778,27.1,95.4
2026-08-25 21:35:40,3774,27.1,95.3
2026-08-25 21:35:45,3773,27.1,95.4
2026-08-25 21:35:50,3772,27.1,95.4
2026-08-25 21:35:56,3769,27.1,95.4
2026-08-25 21:36:01,3767,27.1,95.3
2026-08-25 21:36:06,3764,27.1,95.4
2026-08-25 21:36:11,3765,27.1,95.4
2026-08-25 21:36:17,3766,27.1,95.3
2026-08-25 21:36:38,3767,27.1,95.3
2026-08-25 21:36:48,3764,27.1,95.4
2026-08-25 21:36:53,3767,27.1,95.4
2026-08-25 21:36:59,3763,27.1,95.4
2026-08-25 21:37:04,3764,27.1,95.3
2026-08-25 21:37:09,3763,27.1,95.4
2026-08-25 21:37:15,3764,27.1,95.3
2026-08-25 21:37:20,3763,27.1,95.4
2026-08-25 21:37:35,3760,27.1,95.3
2026-08-25 21:37:41,3759,27.1,95.3
2026-08-25 21:37:46,3758,27.1,95.3
2026-08-25 21:37:51,3757,27.1,95.3
2026-08-25 21:38:02,3754,27.1,95.3
2026-08-25 21:38:17,3752,27.1,95.3
2026-08-25 21:38:28,3747,27.1,95.3
2026-08-25 21:38:33,3746,27.1,95.3
2026-08-25 21:38:38,3745,27.1,95.3
2026-08-25 21:38:44,3742,27.1,95.3
2026-08-25 21:38:49,3743,27.1,95.3
2026-08-25 21:38:59,3744,27.1,95.3
2026-08-25 21:39:05,3742,27.1,95.3
2026-08-25 21:39:10,3743,27.1,95.3
2026-08-25 21:39:20,3744,27.1,95.3
2026-08-25 21:39:26,3742,27.1,95.3
2026-08-25 21:39:31,3741,27.1,95.3
2026-08-25 21:39:36,3742,27.1,95.3
2026-08-25 21:39:41,3741,27.1,95.3
2026-08-25 21:39:47,3740,27.1,95.3
2026-08-25 21:39:52,3738,27.1,95.3
2026-08-25 21:39:57,3736,27.1,95.3
2026-08-25 21:40:02,3737,27.1,95.3
2026-08-25 21:40:08,3731,27.1,95.3
2026-08-25 21:40:13,3730,27.1,95.3
2026-08-25 21:40:18,3729,27.1,95.3
2026-08-25 21:40:23,3726,27.1,95.3
2026-08-25 21:40:29,3724,27.1,95.3
2026-08-25 21:40:34,3723,27.1,95.3
2026-08-25 21:40:39,3719,27.1,95.3
2026-08-25 21:40:45,3716,27.1,95.3
2026-08-25 21:40:56,3717,27.1,95.2
2026-08-25 21:41:07,3716,27.1,95.3
2026-08-25 21:41:12,3715,27.1,95.3
2026-08-25 21:41:17,3717,27.1,95.3
2026-08-25 21:41:23,3714,27.1,95.2
2026-08-25 21:41:33,3713,27.1,95.3
2026-08-25 21:41:38,3711,27.1,95.3
2026-08-25 21:41:44,3708,27.1,95.3
2026-08-25 21:41:54,3703,27.1,95.2
2026-08-25 21:41:59,3706,27.1,95.3
2026-08-25 21:42:05,3705,27.1,95.2
2026-08-25 21:42:21,3704,27.1,95.3
2026-08-25 21:42:31,3705,27.1,95.2
2026-08-25 21:42:37,3702,27.1,95.2
2026-08-25 21:42:42,3700,27.1,95.2
2026-08-25 21:42:52,3701,27.1,95.2
2026-08-25 21:42:57,3700,27.1,95.2
2026-08-25 21:43:08,3702,27.1,95.3
2026-08-25 21:43:13,3701,27.1,95.3
2026-08-25 21:43:19,3697,27.1,95.2
2026-08-25 21:43:24,3696,27.1,95.2
2026-08-25 21:43:29,3693,27.1,95.2
2026-08-25 21:43:34,3692,27.1,95.2
2026-08-25 21:43:45,3690,27.1,95.2
2026-08-25 21:43:50,3686,27.1,95.2
2026-08-25 21:44:01,3681,27.1,95.3
2026-08-25 21:44:06,3679,27.1,95.2
2026-08-25 21:44:11,3682,27.1,95.2
2026-08-25 21:44:17,3680,27.1,95.2
2026-08-25 21:44:27,3682,27.1,95.2
2026-08-25 21:44:38,3681,27.1,95.2
2026-08-25 21:44:43,3679,27.1,95.2
2026-08-25 21:44:48,3677,27.1,95.2
2026-08-25 21:44:53,3676,27.1,95.2
2026-08-25 21:44:59,3679,27.1,95.2
2026-08-25 21:45:04,3675,27.1,95.2
2026-08-25 21:45:09,3677,27.0,95.2
2026-08-25 21:45:14,3673,27.1,95.2
2026-08-25 21:45:20,3674,27.1,95.2
2026-08-25 21:45:25,3673,27.1,95.2
2026-08-25 21:45:30,3671,27.1,95.2
2026-08-25 21:45:36,3668,27.0,95.2
2026-08-25 21:45:41,3666,27.1,95.2
2026-08-25 21:45:46,3665,27.1,95.2
2026-08-25 21:45:51,3662,27.0,95.2
2026-08-25 21:45:56,3659,27.1,95.2
2026-08-25 21:46:02,3658,27.1,95.2
2026-08-25 21:46:12,3656,27.1,95.2
2026-08-25 21:46:17,3652,27.0,95.2
2026-08-25 21:46:23,3654,27.1,95.2
2026-08-25 21:46:28,3652,27.1,95.2
2026-08-25 21:46:33,3648,27.1,95.2
2026-08-25 21:46:39,3647,27.1,95.2
2026-08-25 21:46:44,3644,27.1,95.2
2026-08-25 21:46:49,3646,27.1,95.2
2026-08-25 21:46:59,3648,27.0,95.2
2026-08-25 21:47:05,3647,27.1,95.2
2026-08-25 21:47:21,3646,27.1,95.2
2026-08-25 21:47:37,3647,27.1,95.1
2026-08-25 21:47:42,3645,27.0,95.2
2026-08-25 21:47:47,3643,27.1,95.1
2026-08-25 21:48:08,3642,27.1,95.2
2026-08-25 21:48:13,3643,27.1,95.2
2026-08-25 21:48:19,3642,27.1,95.2
2026-08-25 21:48:24,3639,27.1,95.2
2026-08-25 21:48:29,3637,27.1,95.2
2026-08-25 21:48:34,3633,27.0,95.2
2026-08-25 21:48:39,3632,27.1,95.2
2026-08-25 21:48:50,3633,27.0,95.2
2026-08-25 21:48:55,3634,27.1,95.2
2026-08-25 21:49:01,3632,27.1,95.1
2026-08-25 21:49:06,3628,27.1,95.1
2026-08-25 21:49:11,3627,27.1,95.1
2026-08-25 21:49:16,3628,27.1,95.1
2026-08-25 21:49:22,3626,27.1,95.1
2026-08-25 21:49:32,3623,27.0,95.1
2026-08-25 21:49:37,3621,27.1,95.1
2026-08-25 21:49:48,3618,27.0,95.1
2026-08-25 21:49:53,3621,27.1,95.2
2026-08-25 21:49:58,3616,27.1,95.1
2026-08-25 21:50:03,3613,27.0,95.1
2026-08-25 21:50:09,3617,27.0,95.1
2026-08-25 21:50:19,3616,27.1,95.1
2026-08-25 21:50:24,3618,27.0,95.1
2026-08-25 21:50:30,3617,27.0,95.1
2026-08-25 21:50:35,3616,27.1,95.1
2026-08-25 21:50:45,3612,27.1,95.1
2026-08-25 21:50:56,3613,27.1,95.1
2026-08-25 21:51:01,3610,27.1,95.1
2026-08-25 21:51:07,3611,27.1,95.1
2026-08-25 21:51:12,3610,27.0,95.1
2026-08-25 21:51:22,3609,27.1,95.1
2026-08-25 21:51:38,3608,27.1,95.1
2026-08-25 21:51:43,3607,27.0,95.1
2026-08-25 21:51:48,3609,27.0,95.1
2026-08-25 21:51:59,3608,27.0,95.1
2026-08-25 21:52:04,3605,27.1,95.1
2026-08-25 21:52:09,3608,27.0,95.1
2026-08-25 21:52:15,3609,27.1,95.1
2026-08-25 21:52:20,3608,27.0,95.1
2026-08-25 21:52:25,3611,27.0,95.1
2026-08-25 21:52:30,3612,27.0,95.1
2026-08-25 21:52:41,3611,27.0,95.1
2026-08-25 21:52:46,3610,27.0,95.1
2026-08-25 21:52:57,3612,27.0,95.1
2026-08-25 21:53:02,3617,27.1,95.1
2026-08-25 21:53:08,3615,27.1,95.1
2026-08-25 21:53:18,3612,27.0,95.1
2026-08-25 21:53:23,3611,27.1,95.1
2026-08-25 21:53:34,3608,27.1,95.1
2026-08-25 21:53:39,3604,27.1,95.1
2026-08-25 21:53:44,3602,27.0,95.1
2026-08-25 21:53:55,3599,27.0,95.1
2026-08-25 21:54:00,3600,27.0,95.1
2026-08-25 21:54:05,3597,27.0,95.1
2026-08-25 21:54:16,3599,27.0,95.1
2026-08-25 21:54:32,3598,27.0,95.1
2026-08-25 21:54:43,3597,27.0,95.1
2026-08-25 21:54:48,3595,27.1,95.1
2026-08-25 21:54:53,3592,27.1,95.1
2026-08-25 21:55:04,3588,27.0,95.1
2026-08-25 21:55:09,3592,27.1,95.1
2026-08-25 21:55:14,3593,27.1,95.1
2026-08-25 21:55:19,3594,27.0,95.1
2026-08-25 21:55:25,3593,27.0,95.1
2026-08-25 21:55:30,3592,27.0,95.1
2026-08-25 21:55:35,3593,27.1,95.1
2026-08-25 21:55:40,3595,27.0,95.1
2026-08-25 21:55:46,3597,27.0,95.1
2026-08-25 21:55:51,3596,27.0,95.1
2026-08-25 21:56:02,3593,27.0,95.1
2026-08-25 21:56:12,3597,27.1,95.1
2026-08-25 21:56:17,3593,27.0,95.1
2026-08-25 21:56:23,3591,27.0,95.0
2026-08-25 21:56:28,3588,27.1,95.1
2026-08-25 21:56:33,3587,27.0,95.1
2026-08-25 21:56:38,3589,27.0,95.1
2026-08-25 21:56:44,3587,27.1,95.1
2026-08-25 21:56:49,3586,27.0,95.1
2026-08-25 21:56:54,3584,27.0,95.1
2026-08-25 21:57:05,3580,27.0,95.1
2026-08-25 21:57:10,3579,27.0,95.0
2026-08-25 21:57:15,3578,27.0,95.1
2026-08-25 21:57:20,3583,27.1,95.1
2026-08-25 21:57:31,3586,27.0,95.1
2026-08-25 21:57:36,3587,27.0,95.0
2026-08-25 21:57:41,3588,27.0,95.0
2026-08-25 21:57:47,3586,27.0,95.0
2026-08-25 21:57:52,3584,27.0,95.1
2026-08-25 21:57:57,3582,27.0,95.1
2026-08-25 21:58:02,3581,27.0,95.1
2026-08-25 21:58:07,3580,27.0,95.1
2026-08-25 21:58:13,3583,27.0,95.0
2026-08-25 21:58:18,3579,27.0,95.0
2026-08-25 21:58:23,3581,27.0,95.0
2026-08-25 21:58:29,3582,27.1,95.0
2026-08-25 21:58:34,3584,27.0,95.1
2026-08-25 21:58:39,3579,27.0,95.1
2026-08-25 21:58:44,3577,27.0,95.0
2026-08-25 21:58:50,3576,27.0,95.0
2026-08-25 21:58:55,3577,27.1,95.0
2026-08-25 21:59:00,3582,27.0,95.1
2026-08-25 21:59:05,3580,27.1,95.1
2026-08-25 21:59:11,3579,27.0,95.1
2026-08-25 21:59:16,3585,27.1,95.1
2026-08-25 21:59:21,3584,27.0,95.1
2026-08-25 21:59:27,3581,27.0,95.1
2026-08-25 21:59:32,3580,27.0,95.1
2026-08-25 21:59:37,3581,27.0,95.1
2026-08-25 21:59:42,3577,27.0,95.0
2026-08-25 21:59:47,3578,27.0,95.0
2026-08-25 21:59:58,3576,27.0,95.1
2026-08-25 22:00:03,3575,27.0,95.1
2026-08-25 22:00:08,3574,27.0,95.1
2026-08-25 22:00:14,3577,27.0,95.1
2026-08-25 22:00:24,3581,27.0,95.1
2026-08-25 22:00:29,3579,27.0,95.1
2026-08-25 22:00:35,3580,27.0,95.0
2026-08-25 22:00:45,3579,27.0,95.0
2026-08-25 22:00:50,3578,27.0,95.1
2026-08-25 22:00:56,3576,27.0,95.1
2026-08-25 22:01:01,3574,27.1,95.1
2026-08-25 22:01:06,3573,27.0,95.1
2026-08-25 22:01:11,3574,27.0,95.1
2026-08-25 22:01:16,3571,27.0,95.1
2026-08-25 22:01:22,3570,27.0,95.1
2026-08-25 22:01:27,3569,27.0,95.1
2026-08-25 22:01:32,3567,27.0,95.1
2026-08-25 22:01:38,3568,27.0,95.1
2026-08-25 22:01:43,3567,27.0,95.1
2026-08-25 22:01:48,3569,27.0,95.1
2026-08-25 22:01:53,3570,27.0,95.1
2026-08-25 22:01:59,3568,27.0,95.1
2026-08-25 22:02:04,3566,27.0,95.1
2026-08-25 22:02:09,3567,27.0,95.1
2026-08-25 22:02:14,3564,27.0,95.1
2026-08-25 22:02:20,3565,27.0,95.1
2026-08-25 22:02:25,3562,27.1,95.0
2026-08-25 22:02:30,3565,27.0,95.1
2026-08-25 22:02:35,3564,27.0,95.1
2026-08-25 22:02:41,3561,27.0,95.1
2026-08-25 22:02:46,3562,27.0,95.1
2026-08-25 22:02:51,3564,27.0,95.1
2026-08-25 22:02:56,3566,27.0,95.1
2026-08-25 22:03:12,3562,27.0,95.1
2026-08-25 22:03:17,3563,27.0,95.1
2026-08-25 22:03:23,3567,27.0,95.1
2026-08-25 22:03:28,3568,27.0,95.1
2026-08-25 22:03:33,3566,27.0,95.1
2026-08-25 22:03:49,3569,27.0,95.1
2026-08-25 22:03:54,3566,27.0,95.1
2026-08-25 22:04:00,3565,27.0,95.1
2026-08-25 22:04:10,3567,27.0,95.1
2026-08-25 22:04:21,3565,27.0,95.1
2026-08-25 22:04:26,3566,27.0,95.1
2026-08-25 22:04:31,3565,27.0,95.1
2026-08-25 22:04:47,3571,27.0,95.1
2026-08-25 22:04:57,3570,27.0,95.1
2026-08-25 22:05:03,3569,27.0,95.0
2026-08-25 22:05:08,3572,27.0,95.1
2026-08-25 22:05:13,3573,27.0,95.1
2026-08-25 22:05:19,3572,27.0,95.1
2026-08-25 22:05:24,3570,27.0,95.1
2026-08-25 22:05:29,3573,27.0,95.1
2026-08-25 22:05:34,3571,27.0,95.1
2026-08-25 22:05:40,3572,27.0,95.1
2026-08-25 22:05:50,3571,27.0,95.1
2026-08-25 22:06:00,3568,27.0,95.1
2026-08-25 22:06:06,3570,27.0,95.1
2026-08-25 22:06:16,3566,27.0,95.1
2026-08-25 22:06:21,3565,27.0,95.1
2026-08-25 22:06:27,3564,27.0,95.1
2026-08-25 22:06:32,3566,27.0,95.1
2026-08-25 22:06:37,3570,27.0,95.1
2026-08-25 22:06:42,3574,27.0,95.2
2026-08-25 22:06:53,3573,27.0,95.1
2026-08-25 22:06:58,3571,27.0,95.2
2026-08-25 22:07:09,3572,27.0,95.1
2026-08-25 22:07:20,3571,27.0,95.1
2026-08-25 22:07:30,3572,27.0,95.1
2026-08-25 22:07:36,3571,27.0,95.2
2026-08-25 22:07:46,3568,27.0,95.1
2026-08-25 22:07:51,3567,27.0,95.1
2026-08-25 22:07:56,3570,27.0,95.1
2026-08-25 22:08:07,3569,27.0,95.1
2026-08-25 22:08:12,3570,27.0,95.1
2026-08-25 22:08:17,3575,27.0,95.2
2026-08-25 22:08:28,3574,27.0,95.2
2026-08-25 22:08:33,3572,27.0,95.1
2026-08-25 22:08:44,3573,27.0,95.1
2026-08-25 22:08:49,3570,27.0,95.2
2026-08-25 22:08:54,3571,27.0,95.2
2026-08-25 22:09:00,3574,27.0,95.2
2026-08-25 22:09:05,3573,27.0,95.2
2026-08-25 22:09:10,3575,27.0,95.2
2026-08-25 22:09:15,3577,27.0,95.2
2026-08-25 22:09:21,3580,27.0,95.2
2026-08-25 22:09:26,3578,27.0,95.2
2026-08-25 22:09:31,3579,27.0,95.2
2026-08-25 22:09:36,3580,27.0,95.2
2026-08-25 22:09:47,3577,27.0,95.2
2026-08-25 22:09:52,3576,27.0,95.1
2026-08-25 22:09:58,3574,27.0,95.2
2026-08-25 22:10:03,3572,27.0,95.2
2026-08-25 22:10:08,3568,27.0,95.1
2026-08-25 22:10:13,3567,27.0,95.2
2026-08-25 22:10:24,3571,27.0,95.2
2026-08-25 22:10:29,3576,27.0,95.2
2026-08-25 22:10:40,3578,27.0,95.2
2026-08-25 22:10:45,3580,27.0,95.2
2026-08-25 22:10:50,3581,27.0,95.2
2026-08-25 22:10:56,3582,27.0,95.2
2026-08-25 22:11:01,3583,27.0,95.2
2026-08-25 22:11:06,3584,27.0,95.2
2026-08-25 22:11:11,3583,27.0,95.2
2026-08-25 22:11:16,3580,27.0,95.2
2026-08-25 22:11:22,3581,27.0,95.2
2026-08-25 22:11:27,3584,27.0,95.2
2026-08-25 22:11:32,3586,27.0,95.2
2026-08-25 22:11:37,3589,27.0,95.2
2026-08-25 22:11:43,3587,27.0,95.2
2026-08-25 22:11:48,3589,27.0,95.2
2026-08-25 22:11:53,3586,27.0,95.2
2026-08-25 22:11:58,3587,27.0,95.2
2026-08-25 22:12:04,3590,27.0,95.2
2026-08-25 22:12:09,3591,27.0,95.2
2026-08-25 22:12:14,3589,27.0,95.2
2026-08-25 22:12:20,3588,27.0,95.2
2026-08-25 22:12:25,3589,27.0,95.2
2026-08-25 22:12:30,3587,27.0,95.2
2026-08-25 22:12:35,3589,27.0,95.2
2026-08-25 22:12:41,3591,27.0,95.2
2026-08-25 22:12:51,3589,27.0,95.2
2026-08-25 22:13:02,3590,27.0,95.2
2026-08-25 22:13:07,3592,27.0,95.2
2026-08-25 22:13:12,3593,27.0,95.2
2026-08-25 22:13:18,3597,27.0,95.2
2026-08-25 22:13:23,3595,27.0,95.2
2026-08-25 22:13:28,3598,27.0,95.2
2026-08-25 22:13:39,3594,27.0,95.2
2026-08-25 22:13:44,3596,27.0,95.2
2026-08-25 22:13:49,3591,27.0,95.3
2026-08-25 22:13:54,3592,27.0,95.2
2026-08-25 22:13:59,3591,27.0,95.2
2026-08-25 22:14:05,3594,27.0,95.2
2026-08-25 22:14:15,3593,27.0,95.2
2026-08-25 22:14:21,3594,27.0,95.2
2026-08-25 22:14:26,3593,27.0,95.2
2026-08-25 22:14:31,3595,27.0,95.2
2026-08-25 22:14:36,3596,27.0,95.2
2026-08-25 22:14:42,3597,27.0,95.2
2026-08-25 22:14:47,3599,27.0,95.2
2026-08-25 22:14:52,3598,27.0,95.2
2026-08-25 22:14:57,3599,27.0,95.2
2026-08-25 22:15:03,3601,27.0,95.2
2026-08-25 22:15:08,3602,27.0,95.2
2026-08-25 22:15:13,3599,27.0,95.2
2026-08-25 22:15:18,3598,27.0,95.2
2026-08-25 22:15:24,3599,27.0,95.2
2026-08-25 22:15:29,3598,27.0,95.2
2026-08-25 22:15:34,3596,27.0,95.2
2026-08-25 22:15:39,3597,27.0,95.2
2026-08-25 22:15:44,3594,27.0,95.2
2026-08-25 22:15:50,3598,27.0,95.2
2026-08-25 22:15:55,3600,27.0,95.3
2026-08-25 22:16:00,3603,27.0,95.3
2026-08-25 22:16:06,3605,27.0,95.2
2026-08-25 22:16:16,3607,27.0,95.2
2026-08-25 22:16:21,3610,27.0,95.2
2026-08-25 22:16:27,3608,27.0,95.2
2026-08-25 22:16:32,3611,27.0,95.2
2026-08-25 22:16:37,3612,27.0,95.3
2026-08-25 22:16:43,3614,27.0,95.2
2026-08-25 22:16:48,3612,27.0,95.3
2026-08-25 22:16:53,3614,27.0,95.2
2026-08-25 22:16:59,3615,27.0,95.2
2026-08-25 22:17:04,3612,27.0,95.2
2026-08-25 22:17:09,3611,27.0,95.3
2026-08-25 22:17:14,3609,27.0,95.2
2026-08-25 22:17:20,3606,27.0,95.3
2026-08-25 22:17:25,3605,27.0,95.2
2026-08-25 22:17:30,3607,27.0,95.3
2026-08-25 22:17:35,3608,27.0,95.3
2026-08-25 22:17:46,3610,27.0,95.2
2026-08-25 22:17:51,3613,27.0,95.3
2026-08-25 22:17:57,3615,27.0,95.3
2026-08-25 22:18:02,3617,27.0,95.3
2026-08-25 22:18:07,3616,27.0,95.2
2026-08-25 22:18:12,3619,27.0,95.2
2026-08-25 22:18:17,3616,27.0,95.2
2026-08-25 22:18:23,3612,27.0,95.2
2026-08-25 22:18:28,3614,27.0,95.3
2026-08-25 22:18:33,3612,27.0,95.3
2026-08-25 22:18:38,3611,27.0,95.3
2026-08-25 22:18:44,3615,27.0,95.3
2026-08-25 22:18:49,3616,27.0,95.3
2026-08-25 22:18:54,3615,27.0,95.3
2026-08-25 22:19:00,3617,27.0,95.3
2026-08-25 22:19:05,3615,27.0,95.2
2026-08-25 22:19:21,3614,27.0,95.3
2026-08-25 22:19:26,3615,27.0,95.3
2026-08-25 22:19:31,3617,27.0,95.2
2026-08-25 22:19:37,3616,27.0,95.3
2026-08-25 22:19:42,3615,27.0,95.2
2026-08-25 22:19:47,3614,27.0,95.3
2026-08-25 22:19:58,3615,27.0,95.3
2026-08-25 22:20:08,3613,27.0,95.3
2026-08-25 22:20:14,3615,27.0,95.3
2026-08-25 22:20:19,3612,27.0,95.3
2026-08-25 22:20:24,3614,27.0,95.2
2026-08-25 22:20:29,3617,27.0,95.3
2026-08-25 22:20:35,3619,27.0,95.2
2026-08-25 22:20:45,3623,27.0,95.3
2026-08-25 22:20:50,3624,27.0,95.3
2026-08-25 22:20:55,3625,27.0,95.3
2026-08-25 22:21:01,3624,27.0,95.3
2026-08-25 22:21:06,3622,27.0,95.3
2026-08-25 22:21:12,3623,27.0,95.3
2026-08-25 22:21:17,3625,27.0,95.3
2026-08-25 22:21:27,3624,27.0,95.3
2026-08-25 22:21:32,3627,27.0,95.3
2026-08-25 22:21:38,3624,27.0,95.3
2026-08-25 22:21:43,3625,27.0,95.2
2026-08-25 22:21:53,3627,27.0,95.2
2026-08-25 22:21:59,3629,27.0,95.3
2026-08-25 22:22:04,3631,27.0,95.2
2026-08-25 22:22:09,3630,27.0,95.3
2026-08-25 22:22:14,3631,27.0,95.3
2026-08-25 22:22:25,3628,27.0,95.3
2026-08-25 22:22:35,3626,27.0,95.2
2026-08-25 22:22:41,3627,27.0,95.3
2026-08-25 22:22:46,3629,27.0,95.3
2026-08-25 22:23:07,3630,27.0,95.3
2026-08-25 22:23:12,3628,27.0,95.3
2026-08-25 22:23:18,3629,27.0,95.3
2026-08-25 22:23:23,3627,27.0,95.2
2026-08-25 22:23:28,3629,27.0,95.3
2026-08-25 22:23:34,3631,27.0,95.2
2026-08-25 22:23:50,3634,27.0,95.2
2026-08-25 22:24:00,3633,27.0,95.3
2026-08-25 22:24:05,3630,27.0,95.3
2026-08-25 22:24:16,3628,27.0,95.3
2026-08-25 22:24:21,3629,27.0,95.3
2026-08-25 22:24:27,3631,27.0,95.3
2026-08-25 22:24:32,3628,27.0,95.3
2026-08-25 22:24:37,3632,27.0,95.3
2026-08-25 22:24:43,3631,27.0,95.2
2026-08-25 22:24:48,3632,27.0,95.3
2026-08-25 22:24:58,3634,27.0,95.2
2026-08-25 22:25:04,3636,27.0,95.3
2026-08-25 22:25:14,3634,27.0,95.3
2026-08-25 22:25:19,3635,27.0,95.3
2026-08-25 22:25:25,3634,27.0,95.3
2026-08-25 22:25:30,3632,27.0,95.3
2026-08-25 22:25:35,3631,27.0,95.3
2026-08-25 22:25:45,3633,27.0,95.2
2026-08-25 22:25:51,3632,27.0,95.2
2026-08-25 22:25:56,3628,27.0,95.3
2026-08-25 22:26:01,3631,27.0,95.3
2026-08-25 22:26:07,3632,27.0,95.3
2026-08-25 22:26:12,3631,27.0,95.3
2026-08-25 22:26:17,3634,27.0,95.3
2026-08-25 22:26:23,3637,27.0,95.2
2026-08-25 22:26:28,3636,27.0,95.3
2026-08-25 22:26:33,3638,27.0,95.3
2026-08-25 22:26:39,3641,27.0,95.3
2026-08-25 22:26:44,3640,27.0,95.2
2026-08-25 22:26:49,3639,27.0,95.3
2026-08-25 22:26:54,3638,27.0,95.3
2026-08-25 22:27:00,3640,27.0,95.3
2026-08-25 22:27:05,3643,27.0,95.2
2026-08-25 22:27:10,3644,27.0,95.3
2026-08-25 22:27:15,3645,27.0,95.3
2026-08-25 22:27:21,3646,27.0,95.3
2026-08-25 22:27:26,3645,27.0,95.3
2026-08-25 22:27:31,3646,27.0,95.3
2026-08-25 22:27:36,3648,27.0,95.3
2026-08-25 22:27:42,3645,27.0,95.3
2026-08-25 22:27:47,3644,27.0,95.2
2026-08-25 22:27:52,3641,27.0,95.3
2026-08-25 22:27:57,3643,27.0,95.3
2026-08-25 22:28:03,3642,27.0,95.3
2026-08-25 22:28:08,3644,27.0,95.2
2026-08-25 22:28:13,3645,27.0,95.2
2026-08-25 22:28:18,3644,27.0,95.2
2026-08-25 22:28:24,3649,27.0,95.3
2026-08-25 22:28:34,3645,27.0,95.3
2026-08-25 22:28:44,3646,27.0,95.3
2026-08-25 22:28:50,3648,27.0,95.2
2026-08-25 22:28:55,3647,27.0,95.3
2026-08-25 22:29:00,3652,27.0,95.3
2026-08-25 22:29:05,3655,27.0,95.3
2026-08-25 22:29:21,3654,27.0,95.3
2026-08-25 22:29:32,3651,27.0,95.3
2026-08-25 22:29:37,3650,27.0,95.3
2026-08-25 22:29:42,3649,27.0,95.3
2026-08-25 22:29:48,3646,27.0,95.3
2026-08-25 22:29:53,3644,27.0,95.2
2026-08-25 22:29:58,3642,27.0,95.3
2026-08-25 22:30:14,3647,27.0,95.2
2026-08-25 22:30:19,3646,27.0,95.3
2026-08-25 22:30:25,3642,27.0,95.3
2026-08-25 22:30:30,3641,27.0,95.3
2026-08-25 22:30:35,3639,27.0,95.3
2026-08-25 22:30:40,3641,27.0,95.3
2026-08-25 22:30:46,3640,27.0,95.3
2026-08-25 22:30:51,3641,27.0,95.3
2026-08-25 22:30:56,3642,27.0,95.3
2026-08-25 22:31:01,3639,27.0,95.3
2026-08-25 22:31:07,3641,27.0,95.3
2026-08-25 22:31:12,3637,27.0,95.2
2026-08-25 22:31:17,3638,27.0,95.3
2026-08-25 22:31:22,3639,27.0,95.3
2026-08-25 22:31:28,3640,27.0,95.2
2026-08-25 22:31:33,3638,27.0,95.3
2026-08-25 22:31:38,3635,27.0,95.2
2026-08-25 22:31:49,3633,27.0,95.3
2026-08-25 22:31:59,3636,27.0,95.3
2026-08-25 22:32:04,3633,27.0,95.3
2026-08-25 22:32:10,3634,27.0,95.2
2026-08-25 22:32:20,3635,27.0,95.3
2026-08-25 22:32:25,3637,27.0,95.3
2026-08-25 22:32:31,3636,27.0,95.3
2026-08-25 22:32:36,3638,27.0,95.2
2026-08-25 22:32:41,3636,27.0,95.3
2026-08-25 22:32:46,3632,27.0,95.3
2026-08-25 22:32:52,3634,27.0,95.3
2026-08-25 22:32:57,3632,27.0,95.3
2026-08-25 22:33:02,3631,27.0,95.3
2026-08-25 22:33:07,3632,27.0,95.3
2026-08-25 22:33:13,3634,27.0,95.3
2026-08-25 22:33:18,3632,27.0,95.3
2026-08-25 22:33:23,3633,27.0,95.3
2026-08-25 22:33:29,3634,27.0,95.3
2026-08-25 22:33:39,3636,27.0,95.3
2026-08-25 22:33:44,3637,27.0,95.3
2026-08-25 22:33:55,3635,27.0,95.3
2026-08-25 22:34:00,3632,27.0,95.3
2026-08-25 22:34:05,3634,27.0,95.3
2026-08-25 22:34:11,3632,27.0,95.3
2026-08-25 22:34:21,3633,27.0,95.3
2026-08-25 22:34:26,3634,27.0,95.3
2026-08-25 22:34:32,3633,27.0,95.3
2026-08-25 22:34:37,3629,27.0,95.2
2026-08-25 22:34:42,3627,27.0,95.3
2026-08-25 22:34:53,3625,27.0,95.3
2026-08-25 22:34:58,3627,27.0,95.3
2026-08-25 22:35:03,3623,27.0,95.2
2026-08-25 22:35:09,3619,27.0,95.2
2026-08-25 22:35:24,3617,27.0,95.3
2026-08-25 22:35:30,3618,27.0,95.3
2026-08-25 22:35:35,3617,27.0,95.3
2026-08-25 22:35:40,3618,27.0,95.2
2026-08-25 22:35:45,3617,27.0,95.2
2026-08-25 22:35:51,3618,27.0,95.2
2026-08-25 22:35:56,3617,27.0,95.2
2026-08-25 22:36:01,3616,27.0,95.2
2026-08-25 22:36:11,3615,27.0,95.2
2026-08-25 22:36:22,3614,27.0,95.2
2026-08-25 22:36:27,3613,27.0,95.2
2026-08-25 22:36:32,3616,27.0,95.3
2026-08-25 22:36:38,3615,27.0,95.3
2026-08-25 22:36:43,3614,27.0,95.3
2026-08-25 22:36:54,3615,27.0,95.2
2026-08-25 22:36:59,3613,27.0,95.2
2026-08-25 22:37:04,3612,27.0,95.2
2026-08-25 22:37:15,3615,27.0,95.2
2026-08-25 22:37:25,3616,27.0,95.2
2026-08-25 22:37:36,3615,27.0,95.2
2026-08-25 22:37:41,3617,27.0,95.2
2026-08-25 22:37:46,3616,27.0,95.2
2026-08-25 22:37:51,3618,27.0,95.2
2026-08-25 22:37:57,3619,27.0,95.2
2026-08-25 22:38:02,3617,27.0,95.2
2026-08-25 22:38:07,3613,27.0,95.2
2026-08-25 22:38:12,3618,27.0,95.2
2026-08-25 22:38:18,3616,27.0,95.2
2026-08-25 22:38:23,3615,27.0,95.2
2026-08-25 22:38:28,3617,27.0,95.2
2026-08-25 22:38:44,3616,27.0,95.2
2026-08-25 22:38:49,3617,27.0,95.2
2026-08-25 22:38:54,3614,27.0,95.2
2026-08-25 22:39:00,3613,27.0,95.2
2026-08-25 22:39:05,3611,27.0,95.2
2026-08-25 22:39:15,3613,27.0,95.2
2026-08-25 22:39:20,3610,27.0,95.1
2026-08-25 22:39:26,3606,27.0,95.2
2026-08-25 22:39:41,3607,27.0,95.2
2026-08-25 22:39:47,3605,27.0,95.2
2026-08-25 22:39:52,3606,27.0,95.1
2026-08-25 22:39:57,3608,27.0,95.1
2026-08-25 22:40:03,3609,27.0,95.2
2026-08-25 22:40:13,3610,27.0,95.1
2026-08-25 22:40:24,3609,27.0,95.1
2026-08-25 22:40:29,3607,27.0,95.1
2026-08-25 22:40:34,3604,27.0,95.1
2026-08-25 22:40:45,3601,27.0,95.1
2026-08-25 22:40:50,3602,27.0,95.1
2026-08-25 22:40:55,3604,27.0,95.1
2026-08-25 22:41:01,3603,27.0,95.1
2026-08-25 22:41:06,3604,27.0,95.1
2026-08-25 22:41:11,3601,27.0,95.1
2026-08-25 22:41:16,3602,27.0,95.1
2026-08-25 22:41:37,3599,27.0,95.1
2026-08-25 22:41:43,3601,27.0,95.1
2026-08-25 22:41:58,3600,27.0,95.1
2026-08-25 22:42:04,3598,27.0,95.1
2026-08-25 22:42:09,3597,27.0,95.0
2026-08-25 22:42:14,3593,27.0,95.1
2026-08-25 22:42:20,3592,27.0,95.1
2026-08-25 22:42:25,3591,27.0,95.0
2026-08-25 22:42:30,3589,27.0,95.1
2026-08-25 22:42:36,3588,27.0,95.1
2026-08-25 22:42:41,3590,27.0,95.1
2026-08-25 22:42:46,3587,27.0,95.1
2026-08-25 22:43:02,3589,27.0,95.1
2026-08-25 22:43:07,3592,27.0,95.1
2026-08-25 22:43:17,3591,27.0,95.0
2026-08-25 22:43:23,3588,27.0,95.0
2026-08-25 22:43:28,3586,27.0,95.0
2026-08-25 22:43:33,3584,27.0,95.0
2026-08-25 22:43:38,3582,27.0,95.0
2026-08-25 22:43:44,3580,27.0,95.0
2026-08-25 22:43:49,3581,27.0,95.1
2026-08-25 22:43:54,3580,27.0,95.0
2026-08-25 22:44:00,3578,27.0,95.0
2026-08-25 22:44:10,3576,27.0,95.0
2026-08-25 22:44:15,3574,27.0,95.0
2026-08-25 22:44:31,3572,27.0,95.0
2026-08-25 22:44:36,3569,27.0,95.0
2026-08-25 22:44:42,3574,27.0,95.1
2026-08-25 22:44:52,3576,27.0,95.0
2026-08-25 22:44:57,3575,27.0,95.0
2026-08-25 22:45:03,3573,27.0,95.0
2026-08-25 22:45:08,3574,27.0,95.0
2026-08-25 22:45:13,3576,27.0,95.1
2026-08-25 22:45:18,3577,27.0,95.0
2026-08-25 22:45:24,3579,27.0,95.0
2026-08-25 22:45:29,3580,27.0,95.0
2026-08-25 22:45:34,3576,27.0,95.0
2026-08-25 22:45:39,3571,27.0,95.0
2026-08-25 22:45:44,3570,27.0,95.0
2026-08-25 22:45:50,3571,27.0,95.0
2026-08-25 22:45:55,3573,27.0,95.0
2026-08-25 22:46:00,3570,27.0,95.0
2026-08-25 22:46:06,3567,27.0,95.0
2026-08-25 22:46:21,3565,27.0,95.0
2026-08-25 22:46:26,3569,27.0,95.0
2026-08-25 22:46:32,3570,27.0,95.0
2026-08-25 22:46:37,3571,27.0,95.0
2026-08-25 22:46:42,3568,27.0,95.0
2026-08-25 22:46:47,3567,27.0,95.0
2026-08-25 22:46:53,3569,27.0,95.0
2026-08-25 22:46:58,3566,27.0,95.0
2026-08-25 22:47:03,3565,27.0,95.0
2026-08-25 22:47:08,3561,27.0,95.0
2026-08-25 22:47:19,3560,27.0,95.0
2026-08-25 22:47:24,3561,27.0,95.0
2026-08-25 22:47:29,3564,27.0,95.0
2026-08-25 22:47:34,3563,27.0,94.9
2026-08-25 22:47:40,3561,27.0,95.0
2026-08-25 22:47:45,3559,27.0,95.0
2026-08-25 22:47:50,3560,27.0,95.0
2026-08-25 22:47:56,3558,27.0,95.0
2026-08-25 22:48:01,3556,27.0,95.0
2026-08-25 22:48:06,3555,27.0,94.9
2026-08-25 22:48:11,3556,27.0,95.0
2026-08-25 22:48:22,3554,27.0,95.0
2026-08-25 22:48:27,3559,27.0,94.9
2026-08-25 22:48:38,3555,27.0,95.0
2026-08-25 22:48:43,3556,27.0,95.0
2026-08-25 22:48:48,3553,27.0,94.9
2026-08-25 22:48:53,3554,27.0,95.0
2026-08-25 22:48:59,3553,27.0,94.9
2026-08-25 22:49:04,3556,27.0,95.0
2026-08-25 22:49:09,3554,27.0,94.9
2026-08-25 22:49:14,3555,27.0,94.9
2026-08-25 22:49:20,3553,27.0,95.0
2026-08-25 22:49:25,3551,27.0,94.9
2026-08-25 22:49:30,3549,27.0,94.9
2026-08-25 22:49:35,3550,27.0,95.0
2026-08-25 22:49:41,3551,27.0,94.9
2026-08-25 22:49:46,3549,27.0,95.0
2026-08-25 22:49:51,3546,27.0,94.9
2026-08-25 22:49:57,3547,27.0,95.0
2026-08-25 22:50:02,3545,27.0,94.9
2026-08-25 22:50:12,3546,27.0,94.9
2026-08-25 22:50:18,3549,27.0,95.0
2026-08-25 22:50:28,3546,27.0,94.9
2026-08-25 22:50:33,3542,27.0,95.0
2026-08-25 22:50:44,3541,27.0,94.9
2026-08-25 22:50:49,3540,27.0,94.9
2026-08-25 22:51:05,3539,27.0,94.9
2026-08-25 22:51:10,3538,27.0,94.9
2026-08-25 22:51:20,3537,27.0,94.9
2026-08-25 22:51:26,3540,27.0,94.9
2026-08-25 22:51:31,3537,27.0,94.9
2026-08-25 22:51:36,3536,27.0,94.9
2026-08-25 22:51:42,3539,27.0,94.9
2026-08-25 22:51:47,3541,27.0,94.9
2026-08-25 22:51:57,3542,27.0,94.9
2026-08-25 22:52:03,3541,27.0,94.9
2026-08-25 22:52:08,3540,27.0,94.9
2026-08-25 22:52:24,3537,27.0,94.9
2026-08-25 22:52:29,3536,27.0,94.9
2026-08-25 22:52:34,3535,27.0,94.9
2026-08-25 22:52:39,3533,27.0,94.9
2026-08-25 22:52:44,3531,27.0,94.9
2026-08-25 22:52:50,3530,27.0,94.9
2026-08-25 22:52:55,3531,27.0,94.9
2026-08-25 22:53:00,3532,27.0,94.9
2026-08-25 22:53:05,3533,27.0,94.9
2026-08-25 22:53:16,3538,27.0,94.9
2026-08-25 22:53:21,3537,26.9,94.9
2026-08-25 22:53:27,3536,27.0,94.9
2026-08-25 22:53:32,3538,27.0,94.9
2026-08-25 22:53:37,3540,27.0,94.9
2026-08-25 22:53:42,3538,27.0,94.9
2026-08-25 22:53:48,3537,27.0,94.9
2026-08-25 22:53:53,3534,27.0,94.9
2026-08-25 22:53:58,3529,27.0,94.9
2026-08-25 22:54:03,3531,27.0,94.9
2026-08-25 22:54:08,3526,27.0,94.9
2026-08-25 22:54:14,3524,27.0,94.9
2026-08-25 22:54:19,3525,27.0,94.9
2026-08-25 22:54:30,3524,27.0,94.9
2026-08-25 22:54:45,3526,27.0,94.9
2026-08-25 22:54:51,3524,27.0,94.9
2026-08-25 22:55:01,3526,27.0,94.9
2026-08-25 22:55:06,3524,27.0,94.9
2026-08-25 22:55:12,3526,27.0,94.9
2026-08-25 22:55:22,3524,26.9,94.9
2026-08-25 22:55:27,3523,27.0,94.9
2026-08-25 22:55:33,3524,27.0,94.8
2026-08-25 22:55:38,3528,27.0,94.8
2026-08-25 22:55:59,3530,26.9,94.8
2026-08-25 22:56:04,3527,27.0,94.9
2026-08-25 22:56:10,3525,27.0,94.9
2026-08-25 22:56:15,3522,27.0,94.8
2026-08-25 22:56:20,3518,27.0,94.9
2026-08-25 22:56:30,3517,27.0,94.9
2026-08-25 22:56:36,3520,27.0,94.8
2026-08-25 22:56:41,3517,26.9,94.8
2026-08-25 22:56:46,3518,27.0,94.9
2026-08-25 22:56:52,3519,27.0,94.9
2026-08-25 22:56:57,3517,27.0,94.9
2026-08-25 22:57:03,3518,27.0,94.9
2026-08-25 22:57:18,3517,26.9,94.9
2026-08-25 22:57:24,3516,27.0,94.9
2026-08-25 22:57:29,3519,27.0,94.9
2026-08-25 22:57:35,3521,26.9,94.8
2026-08-25 22:57:40,3522,26.9,94.8
2026-08-25 22:57:45,3519,27.0,94.9
2026-08-25 22:57:50,3520,26.9,94.8
2026-08-25 22:58:01,3523,27.0,94.8
2026-08-25 22:58:06,3522,26.9,94.9
2026-08-25 22:58:12,3518,27.0,94.8
2026-08-25 22:58:17,3516,26.9,94.8
2026-08-25 22:58:22,3515,27.0,94.9
2026-08-25 22:58:27,3517,27.0,94.8
2026-08-25 22:58:38,3518,27.0,94.9
2026-08-25 22:58:43,3519,27.0,94.8
2026-08-25 22:58:48,3520,27.0,94.8
2026-08-25 22:58:54,3523,27.0,94.8
2026-08-25 22:58:59,3522,27.0,94.8
2026-08-25 22:59:04,3523,27.0,94.8
2026-08-25 22:59:09,3524,27.0,94.8
2026-08-25 22:59:15,3521,27.0,94.8
2026-08-25 22:59:20,3520,27.0,94.8
2026-08-25 22:59:25,3522,27.0,94.8
2026-08-25 22:59:31,3520,26.9,94.8
2026-08-25 22:59:36,3526,26.9,94.8
2026-08-25 22:59:41,3528,26.9,94.8
2026-08-25 22:59:57,3527,27.0,94.8
2026-08-25 23:00:02,3524,26.9,94.9
2026-08-25 23:00:08,3525,27.0,94.9
2026-08-25 23:00:18,3528,26.9,94.8
2026-08-25 23:00:23,3529,26.9,94.8
2026-08-25 23:00:29,3532,26.9,94.9
2026-08-25 23:00:34,3531,26.9,94.9
2026-08-25 23:00:39,3528,27.0,94.9
2026-08-25 23:00:44,3526,27.0,94.8
2026-08-25 23:00:50,3525,26.9,94.8
2026-08-25 23:01:00,3523,27.0,94.8
2026-08-25 23:01:05,3522,26.9,94.8
2026-08-25 23:01:10,3523,26.9,94.8
2026-08-25 23:01:16,3524,27.0,94.8
2026-08-25 23:01:21,3527,27.0,94.8
2026-08-25 23:01:26,3526,26.9,94.9
2026-08-25 23:01:32,3522,26.9,94.9
2026-08-25 23:01:37,3525,27.0,94.8
2026-08-25 23:01:48,3527,26.9,94.8
2026-08-25 23:01:53,3525,26.9,94.8
2026-08-25 23:01:58,3524,27.0,94.8
2026-08-25 23:02:03,3526,26.9,94.8
2026-08-25 23:02:08,3525,27.0,94.8
2026-08-25 23:02:19,3527,27.0,94.8
2026-08-25 23:02:24,3526,27.0,94.8
2026-08-25 23:02:30,3530,27.0,94.9
2026-08-25 23:02:40,3528,26.9,94.8
2026-08-25 23:02:45,3529,26.9,94.8
2026-08-25 23:02:50,3527,26.9,94.8
2026-08-25 23:02:56,3528,27.0,94.9
2026-08-25 23:03:06,3531,26.9,94.9
2026-08-25 23:03:17,3530,27.0,94.9
2026-08-25 23:03:22,3529,27.0,94.9
2026-08-25 23:03:27,3528,26.9,94.9
2026-08-25 23:03:38,3527,26.9,94.9
2026-08-25 23:03:43,3528,26.9,94.9
2026-08-25 23:04:04,3525,27.0,94.9
2026-08-25 23:04:09,3528,26.9,94.9
2026-08-25 23:04:15,3526,26.9,94.9
2026-08-25 23:04:20,3527,26.9,94.9
2026-08-25 23:04:25,3530,27.0,94.9
2026-08-25 23:04:36,3533,26.9,94.9
2026-08-25 23:04:46,3531,26.9,94.9
2026-08-25 23:04:51,3533,26.9,94.9
2026-08-25 23:05:07,3535,27.0,94.9
2026-08-25 23:05:12,3534,26.9,94.9
2026-08-25 23:05:18,3532,26.9,94.9
2026-08-25 23:05:23,3535,26.9,94.9
2026-08-25 23:05:33,3537,26.9,94.9
2026-08-25 23:05:49,3539,26.9,94.9
2026-08-25 23:05:54,3538,26.9,94.9
2026-08-25 23:06:05,3535,26.9,94.9
2026-08-25 23:06:10,3537,26.9,94.9
2026-08-25 23:06:15,3535,26.9,94.9
2026-08-25 23:06:21,3532,26.9,94.9
2026-08-25 23:06:26,3529,26.9,94.9
2026-08-25 23:06:31,3530,26.9,94.9
2026-08-25 23:06:36,3532,26.9,94.9
2026-08-25 23:06:41,3534,26.9,94.9
2026-08-25 23:06:47,3536,26.9,94.9
2026-08-25 23:06:52,3535,26.9,94.9
2026-08-25 23:06:57,3536,26.9,94.9
2026-08-25 23:07:02,3538,26.9,94.9
2026-08-25 23:07:08,3540,26.9,94.9
2026-08-25 23:07:18,3539,26.9,94.9
2026-08-25 23:07:24,3541,26.9,94.9
2026-08-25 23:07:29,3540,26.9,94.9
2026-08-25 23:07:34,3539,26.9,94.9
2026-08-25 23:07:39,3538,26.9,94.9
2026-08-25 23:07:45,3543,26.9,94.9
2026-08-25 23:07:55,3547,26.9,94.8
2026-08-25 23:08:00,3549,26.9,94.9
2026-08-25 23:08:06,3548,26.9,94.9
2026-08-25 23:08:11,3547,26.9,94.9
2026-08-25 23:08:16,3545,26.9,94.9
2026-08-25 23:08:21,3546,26.9,94.9
2026-08-25 23:08:27,3548,27.0,94.9
2026-08-25 23:08:32,3549,26.9,94.9
2026-08-25 23:08:53,3550,27.0,94.9
2026-08-25 23:08:58,3548,26.9,94.9
2026-08-25 23:09:09,3551,26.9,94.9
2026-08-25 23:09:19,3549,26.9,94.8
2026-08-25 23:09:30,3550,26.9,94.9
2026-08-25 23:09:45,3551,26.9,94.9
2026-08-25 23:09:51,3552,27.0,94.9
2026-08-25 23:09:56,3554,26.9,94.8
2026-08-25 23:10:01,3556,26.9,94.9
2026-08-25 23:10:06,3554,26.9,94.8
2026-08-25 23:10:12,3555,26.9,94.8
2026-08-25 23:10:17,3558,26.9,94.9
2026-08-25 23:10:22,3554,26.9,94.9
2026-08-25 23:10:43,3557,26.9,94.9
2026-08-25 23:10:49,3559,26.9,94.8
2026-08-25 23:11:04,3556,26.9,94.8
2026-08-25 23:11:10,3555,26.9,94.9
2026-08-25 23:11:15,3551,26.9,94.9
2026-08-25 23:11:31,3549,26.9,94.8
2026-08-25 23:11:36,3547,26.9,94.8
2026-08-25 23:11:41,3548,26.9,94.8
2026-08-25 23:11:52,3547,26.9,94.8
2026-08-25 23:11:57,3546,26.9,94.8
2026-08-25 23:12:02,3548,26.9,94.8
2026-08-25 23:12:07,3550,26.9,94.8
2026-08-25 23:12:13,3552,26.9,94.8
2026-08-25 23:12:18,3551,26.9,94.8
2026-08-25 23:12:23,3549,26.9,94.8
2026-08-25 23:12:34,3548,26.9,94.8
2026-08-25 23:12:39,3549,26.9,94.8
2026-08-25 23:12:50,3550,26.9,94.8
2026-08-25 23:12:55,3548,26.9,94.8
2026-08-25 23:13:00,3547,26.9,94.8
2026-08-25 23:13:06,3546,26.9,94.8
2026-08-25 23:13:11,3548,26.9,94.8
2026-08-25 23:13:16,3549,26.9,94.8
2026-08-25 23:13:22,3548,26.9,94.8
2026-08-25 23:13:27,3546,27.0,94.8
2026-08-25 23:13:32,3547,26.9,94.8
2026-08-25 23:13:38,3545,26.9,94.8
2026-08-25 23:13:43,3544,26.9,94.8
2026-08-25 23:13:48,3546,26.9,94.8
2026-08-25 23:13:53,3542,26.9,94.8
2026-08-25 23:13:59,3543,26.9,94.8
2026-08-25 23:14:04,3539,26.9,94.8
2026-08-25 23:14:09,3537,26.9,94.8
2026-08-25 23:14:15,3534,26.9,94.8
2026-08-25 23:14:20,3536,26.9,94.8
2026-08-25 23:14:25,3534,26.9,94.8
2026-08-25 23:14:30,3536,26.9,94.8
2026-08-25 23:14:36,3534,26.9,94.8
2026-08-25 23:14:41,3536,26.9,94.8
2026-08-25 23:14:51,3537,26.9,94.8
2026-08-25 23:15:02,3538,26.9,94.8
2026-08-25 23:15:07,3539,26.9,94.8
2026-08-25 23:15:12,3537,26.9,94.8
2026-08-25 23:15:17,3536,26.9,94.8
2026-08-25 23:15:23,3538,26.9,94.8
2026-08-25 23:15:28,3534,26.9,94.8
2026-08-25 23:15:38,3531,26.9,94.8
2026-08-25 23:15:44,3533,26.9,94.8
2026-08-25 23:15:49,3530,26.9,94.8
2026-08-25 23:15:54,3531,26.9,94.8
2026-08-25 23:15:59,3528,26.9,94.8
2026-08-25 23:16:05,3527,26.9,94.8
2026-08-25 23:16:10,3530,26.9,94.8
2026-08-25 23:16:21,3528,26.9,94.8
2026-08-25 23:16:31,3530,26.9,94.8
2026-08-25 23:16:36,3529,26.9,94.8
2026-08-25 23:16:47,3530,27.0,94.8
2026-08-25 23:16:52,3529,26.9,94.8
2026-08-25 23:16:57,3532,26.9,94.8
2026-08-25 23:17:08,3531,26.9,94.8
2026-08-25 23:17:13,3532,26.9,94.8
2026-08-25 23:17:18,3534,26.9,94.8
2026-08-25 23:17:29,3535,26.9,94.8
2026-08-25 23:17:34,3537,26.9,94.8
2026-08-25 23:17:44,3535,26.9,94.8
2026-08-25 23:17:50,3534,26.9,94.8
2026-08-25 23:17:55,3535,26.9,94.8
2026-08-25 23:18:05,3532,26.9,94.8
2026-08-25 23:18:11,3530,26.9,94.8
2026-08-25 23:18:16,3529,26.9,94.8
2026-08-25 23:18:21,3528,26.9,94.8
2026-08-25 23:18:26,3532,26.9,94.8
2026-08-25 23:18:42,3534,26.9,94.8
2026-08-25 23:18:47,3537,26.9,94.9
2026-08-25 23:18:52,3538,26.9,94.8
2026-08-25 23:19:03,3537,26.9,94.8
2026-08-25 23:19:13,3536,26.9,94.8
2026-08-25 23:19:24,3535,26.9,94.9
2026-08-25 23:19:29,3534,26.9,94.8
2026-08-25 23:19:35,3533,26.9,94.9
2026-08-25 23:19:40,3535,26.9,94.8
2026-08-25 23:19:45,3538,26.9,94.8
2026-08-25 23:19:50,3535,26.9,94.8
2026-08-25 23:19:56,3536,26.9,94.9
2026-08-25 23:20:01,3534,26.9,94.8
2026-08-25 23:20:06,3532,26.9,94.9
2026-08-25 23:20:11,3531,26.9,94.9
2026-08-25 23:20:17,3530,26.9,94.9
2026-08-25 23:20:22,3533,26.9,94.9
2026-08-25 23:20:27,3535,26.9,94.9
2026-08-25 23:20:32,3533,26.9,94.8
2026-08-25 23:20:43,3534,26.9,94.9
2026-08-25 23:20:48,3535,26.9,94.8
2026-08-25 23:20:53,3533,26.9,94.9
2026-08-25 23:20:58,3531,26.9,94.9
2026-08-25 23:21:04,3532,26.9,94.9
2026-08-25 23:21:09,3533,26.9,94.9
2026-08-25 23:21:14,3535,26.9,94.9
2026-08-25 23:21:25,3534,26.9,94.9
2026-08-25 23:21:30,3533,26.9,94.9
2026-08-25 23:21:36,3534,26.9,94.8
2026-08-25 23:21:41,3531,26.9,94.9
2026-08-25 23:21:46,3530,26.9,94.9
2026-08-25 23:21:51,3532,26.9,94.8
2026-08-25 23:21:57,3531,26.9,94.9
2026-08-25 23:22:02,3529,26.9,94.9
2026-08-25 23:22:07,3531,26.9,94.9
2026-08-25 23:22:12,3529,26.9,94.9
2026-08-25 23:22:17,3532,26.9,94.9
2026-08-25 23:22:23,3533,26.9,94.9
2026-08-25 23:22:38,3531,26.9,94.9
2026-08-25 23:22:44,3530,26.9,94.9
2026-08-25 23:22:49,3529,26.9,94.9
2026-08-25 23:22:54,3528,26.9,94.9
2026-08-25 23:23:00,3525,26.9,94.9
2026-08-25 23:23:10,3520,26.9,94.9
2026-08-25 23:23:21,3522,26.9,94.9
2026-08-25 23:23:26,3524,26.9,94.9
2026-08-25 23:23:37,3519,26.9,94.9
2026-08-25 23:23:42,3520,26.9,94.9
2026-08-25 23:23:47,3519,26.9,94.9
2026-08-25 23:23:52,3520,26.9,94.8
2026-08-25 23:23:57,3522,26.9,94.9
2026-08-25 23:24:03,3523,26.9,94.9
2026-08-25 23:24:13,3519,26.9,94.9
2026-08-25 23:24:18,3518,26.9,94.9
2026-08-25 23:24:24,3519,26.9,94.9
2026-08-25 23:24:29,3518,26.9,94.9
2026-08-25 23:24:34,3519,26.9,95.0
2026-08-25 23:24:50,3516,26.9,94.9
2026-08-25 23:24:55,3515,26.9,94.9
2026-08-25 23:25:00,3517,26.9,94.9
2026-08-25 23:25:06,3516,26.9,94.9
2026-08-25 23:25:11,3518,26.9,94.9
2026-08-25 23:25:22,3517,26.9,94.9
2026-08-25 23:25:27,3518,26.9,94.9
2026-08-25 23:25:32,3519,26.9,94.9
2026-08-25 23:25:37,3520,26.9,94.9
2026-08-25 23:25:43,3522,26.9,94.9
2026-08-25 23:25:53,3521,26.9,94.9
2026-08-25 23:26:04,3520,26.9,94.9
2026-08-25 23:26:09,3521,26.9,95.0
2026-08-25 23:26:14,3522,26.9,94.9
2026-08-25 23:26:20,3523,26.9,94.9
2026-08-25 23:26:30,3524,26.9,94.9
2026-08-25 23:26:36,3528,26.9,94.9
2026-08-25 23:26:51,3527,26.9,94.9
2026-08-25 23:26:57,3529,26.9,94.9
2026-08-25 23:27:07,3527,26.9,94.9
2026-08-25 23:27:12,3528,26.9,94.9
2026-08-25 23:27:18,3527,26.9,95.0
2026-08-25 23:27:28,3526,26.9,94.9
2026-08-25 23:27:44,3524,26.9,95.0
2026-08-25 23:27:49,3525,26.9,94.9
2026-08-25 23:27:55,3526,26.9,94.9
2026-08-25 23:28:00,3525,26.9,94.9
2026-08-25 23:28:05,3524,26.9,95.0
2026-08-25 23:28:11,3522,26.9,95.0
2026-08-25 23:28:16,3526,26.9,95.0
2026-08-25 23:28:27,3528,26.9,95.0
2026-08-25 23:28:37,3532,26.9,95.0
2026-08-25 23:28:43,3533,26.9,95.0
2026-08-25 23:28:48,3535,26.9,95.0
2026-08-25 23:28:53,3536,26.9,95.0
2026-08-25 23:29:04,3538,26.9,95.0
2026-08-25 23:29:09,3539,26.9,94.9
2026-08-25 23:29:14,3537,26.9,95.0
2026-08-25 23:29:19,3539,26.9,95.0
2026-08-25 23:29:25,3540,26.9,95.0
2026-08-25 23:29:35,3543,26.9,95.0
2026-08-25 23:29:40,3545,26.9,94.9
2026-08-25 23:29:46,3546,26.9,94.9
2026-08-25 23:29:51,3543,26.9,95.0
2026-08-25 23:29:56,3546,26.9,95.0
2026-08-25 23:30:02,3548,26.9,95.0
2026-08-25 23:30:07,3547,26.9,95.0
2026-08-25 23:30:12,3549,26.9,95.0
2026-08-25 23:30:18,3548,26.9,94.9
2026-08-25 23:30:23,3547,26.9,95.0
2026-08-25 23:30:28,3545,26.9,95.0
2026-08-25 23:30:39,3546,26.9,95.0
2026-08-25 23:30:44,3547,26.9,95.0
2026-08-25 23:30:49,3548,26.9,95.0
2026-08-25 23:30:55,3547,26.9,95.0
2026-08-25 23:31:00,3549,26.9,95.0
2026-08-25 23:31:05,3547,26.9,95.0
2026-08-25 23:31:10,3543,26.9,95.0
2026-08-25 23:31:16,3541,26.9,95.0
2026-08-25 23:31:26,3542,26.9,95.0
2026-08-25 23:31:31,3544,26.9,95.0
2026-08-25 23:31:37,3542,26.9,95.0
2026-08-25 23:31:42,3546,26.9,95.0
2026-08-25 23:31:47,3545,26.9,95.0
2026-08-25 23:31:53,3549,26.9,95.0
2026-08-25 23:31:58,3547,26.9,95.0
2026-08-25 23:32:03,3548,26.9,95.0
2026-08-25 23:32:19,3549,26.9,95.0
2026-08-25 23:32:24,3550,26.9,95.0
2026-08-25 23:32:29,3551,26.9,95.0
2026-08-25 23:32:35,3552,26.9,95.0
2026-08-25 23:32:40,3553,26.9,95.0
2026-08-25 23:32:45,3551,26.9,95.0
2026-08-25 23:32:50,3550,26.9,95.0
2026-08-25 23:32:56,3551,26.9,95.0
2026-08-25 23:33:01,3548,26.9,95.0
2026-08-25 23:33:06,3549,26.9,95.0
2026-08-25 23:33:17,3551,26.9,95.0
2026-08-25 23:33:22,3552,26.9,95.0
2026-08-25 23:33:27,3549,26.9,95.0
2026-08-25 23:33:33,3554,26.9,95.0
2026-08-25 23:33:38,3552,26.9,95.0
2026-08-25 23:33:48,3551,26.9,95.0
2026-08-25 23:33:54,3554,26.9,95.0
2026-08-25 23:34:04,3553,26.9,95.0
2026-08-25 23:34:09,3547,26.9,95.0
2026-08-25 23:34:14,3549,26.9,95.0
2026-08-25 23:34:20,3551,26.9,95.0
2026-08-25 23:34:25,3552,26.9,95.0
2026-08-25 23:34:30,3550,26.9,95.0
2026-08-25 23:34:35,3552,26.9,95.0
2026-08-25 23:34:41,3551,26.9,95.0
2026-08-25 23:34:46,3554,26.9,95.0
2026-08-25 23:34:51,3556,26.9,95.0
2026-08-25 23:34:56,3555,26.9,95.0
2026-08-25 23:35:02,3554,26.9,95.0
2026-08-25 23:35:07,3555,26.9,95.0
2026-08-25 23:35:12,3557,26.9,95.0
2026-08-25 23:35:17,3556,26.9,95.0
2026-08-25 23:35:23,3555,26.9,95.0
2026-08-25 23:35:28,3557,26.9,95.0
2026-08-25 23:35:39,3558,26.9,95.0
2026-08-25 23:35:49,3560,26.9,95.0
2026-08-25 23:36:00,3562,26.9,95.0
2026-08-25 23:36:05,3563,26.9,95.1
2026-08-25 23:36:10,3562,26.9,95.0
2026-08-25 23:36:15,3561,26.9,95.0
2026-08-25 23:36:21,3560,26.9,95.0
2026-08-25 23:36:26,3562,26.9,95.0
2026-08-25 23:36:31,3559,26.9,95.0
2026-08-25 23:36:36,3561,26.9,95.0
2026-08-25 23:36:42,3558,26.9,95.0
2026-08-25 23:36:47,3557,26.9,95.0
2026-08-25 23:36:52,3559,26.9,95.0
2026-08-25 23:36:57,3557,26.9,95.1
2026-08-25 23:37:02,3558,26.9,95.0
2026-08-25 23:37:08,3557,26.9,95.0
2026-08-25 23:37:13,3560,26.9,95.0
2026-08-25 23:37:24,3558,26.9,95.1
2026-08-25 23:37:29,3557,26.9,95.0
2026-08-25 23:37:34,3558,26.9,95.0
2026-08-25 23:37:50,3561,26.9,95.0
2026-08-25 23:37:55,3562,26.9,95.0
2026-08-25 23:38:01,3561,26.9,95.0
2026-08-25 23:38:06,3559,26.9,95.1
2026-08-25 23:38:11,3557,26.9,95.0
2026-08-25 23:38:17,3560,26.9,95.1
2026-08-25 23:38:22,3559,26.9,95.1
2026-08-25 23:38:27,3554,26.9,95.1
2026-08-25 23:38:33,3555,26.9,95.1
2026-08-25 23:38:43,3556,26.9,95.0
2026-08-25 23:38:49,3554,26.9,95.1
2026-08-25 23:38:54,3553,26.9,95.1
2026-08-25 23:38:59,3552,26.9,95.0
2026-08-25 23:39:04,3553,26.9,95.1
2026-08-25 23:39:10,3554,26.9,95.1
2026-08-25 23:39:15,3553,26.9,95.1
2026-08-25 23:39:26,3551,26.9,95.1
2026-08-25 23:39:36,3552,26.9,95.1
2026-08-25 23:39:41,3553,26.9,95.1
2026-08-25 23:39:46,3554,26.9,95.0
2026-08-25 23:39:52,3553,26.9,95.1
2026-08-25 23:39:57,3555,26.9,95.1
2026-08-25 23:40:02,3551,26.9,95.1
2026-08-25 23:40:08,3553,26.9,95.0
2026-08-25 23:40:13,3551,26.9,95.1
2026-08-25 23:40:18,3549,26.9,95.1
2026-08-25 23:40:24,3547,26.9,95.1
2026-08-25 23:40:29,3549,26.9,95.1
2026-08-25 23:40:39,3551,26.9,95.0
2026-08-25 23:40:45,3550,26.9,95.1
2026-08-25 23:40:50,3549,26.9,95.1
2026-08-25 23:40:55,3551,26.9,95.1
2026-08-25 23:41:01,3549,26.9,95.1
2026-08-25 23:41:06,3551,26.9,95.1
2026-08-25 23:41:11,3556,26.9,95.1
2026-08-25 23:41:16,3555,26.9,95.1
2026-08-25 23:41:21,3554,26.9,95.1
2026-08-25 23:41:27,3556,26.9,95.1
2026-08-25 23:41:32,3554,26.9,95.1
2026-08-25 23:41:43,3552,26.9,95.1
2026-08-25 23:41:48,3553,26.9,95.1
2026-08-25 23:41:59,3552,26.9,95.1
2026-08-25 23:42:04,3550,26.9,95.1
2026-08-25 23:42:20,3548,26.9,95.1
2026-08-25 23:42:25,3554,26.9,95.1
2026-08-25 23:42:46,3556,26.9,95.0
2026-08-25 23:42:52,3558,26.9,95.1
2026-08-25 23:42:57,3561,26.9,95.1
2026-08-25 23:43:02,3560,26.9,95.1
2026-08-25 23:43:08,3565,26.9,95.1
2026-08-25 23:43:13,3560,26.9,95.1
2026-08-25 23:43:29,3561,26.9,95.1
2026-08-25 23:43:34,3560,26.9,95.1
2026-08-25 23:43:39,3558,26.9,95.1
2026-08-25 23:43:44,3557,26.9,95.1
2026-08-25 23:43:50,3559,26.9,95.1
2026-08-25 23:43:55,3560,26.9,95.1
2026-08-25 23:44:00,3562,26.9,95.1
2026-08-25 23:44:05,3563,26.9,95.1
2026-08-25 23:44:11,3561,26.9,95.1
2026-08-25 23:44:16,3565,26.9,95.1
2026-08-25 23:44:21,3561,26.9,95.1
2026-08-25 23:44:32,3560,26.9,95.1
2026-08-25 23:44:42,3559,26.9,95.1
2026-08-25 23:44:47,3561,26.9,95.1
2026-08-25 23:44:53,3557,26.9,95.1
2026-08-25 23:44:58,3558,26.9,95.1
2026-08-25 23:45:04,3556,26.9,95.1
2026-08-25 23:45:09,3558,26.9,95.1
2026-08-25 23:45:14,3559,26.9,95.1
2026-08-25 23:45:19,3560,26.9,95.1
2026-08-25 23:45:25,3557,26.9,95.1
2026-08-25 23:45:30,3559,26.9,95.1
2026-08-25 23:45:35,3557,26.9,95.1
2026-08-25 23:45:40,3559,26.9,95.1
2026-08-25 23:45:46,3558,26.9,95.1
2026-08-25 23:45:56,3559,26.9,95.1
2026-08-25 23:46:01,3557,26.9,95.1
2026-08-25 23:46:07,3556,26.9,95.1
2026-08-25 23:46:12,3555,26.9,95.1
2026-08-25 23:46:17,3554,26.9,95.1
2026-08-25 23:46:22,3552,26.9,95.1
2026-08-25 23:46:28,3547,26.9,95.1
2026-08-25 23:46:33,3546,26.9,95.1
2026-08-25 23:46:38,3544,26.9,95.1
2026-08-25 23:46:44,3542,26.9,95.1
2026-08-25 23:46:49,3541,26.9,95.1
2026-08-25 23:46:54,3542,26.9,95.1
2026-08-25 23:47:00,3540,26.9,95.1
2026-08-25 23:47:15,3541,26.9,95.1
2026-08-25 23:47:21,3539,26.9,95.1
2026-08-25 23:47:26,3538,26.9,95.1
2026-08-25 23:47:31,3542,26.9,95.1
2026-08-25 23:47:42,3545,26.9,95.1
2026-08-25 23:47:47,3543,26.9,95.1
2026-08-25 23:47:52,3545,26.9,95.1
2026-08-25 23:48:03,3547,26.9,95.1
2026-08-25 23:48:08,3551,26.9,95.1
2026-08-25 23:48:19,3553,26.9,95.1
2026-08-25 23:48:29,3552,26.9,95.1
2026-08-25 23:48:34,3551,26.9,95.1
2026-08-25 23:48:45,3555,26.9,95.1
2026-08-25 23:48:50,3553,26.9,95.1
2026-08-25 23:48:56,3555,26.9,95.1
2026-08-25 23:49:01,3552,26.9,95.1
2026-08-25 23:49:06,3550,26.9,95.1
2026-08-25 23:49:16,3554,26.9,95.2
2026-08-25 23:49:22,3558,26.9,95.1
2026-08-25 23:49:27,3560,26.9,95.1
2026-08-25 23:49:32,3561,26.9,95.1
2026-08-25 23:49:38,3563,26.9,95.1
2026-08-25 23:49:43,3564,26.9,95.1
2026-08-25 23:49:48,3560,26.9,95.2
2026-08-25 23:49:58,3558,26.9,95.2
2026-08-25 23:50:04,3560,26.9,95.1
2026-08-25 23:50:09,3558,26.9,95.1
2026-08-25 23:50:14,3556,26.9,95.1
2026-08-25 23:50:20,3555,26.9,95.1
2026-08-25 23:50:25,3559,26.9,95.1
2026-08-25 23:50:30,3558,26.9,95.1
2026-08-25 23:50:35,3557,26.9,95.2
2026-08-25 23:50:41,3556,26.9,95.1
2026-08-25 23:50:51,3555,26.9,95.1
2026-08-25 23:50:57,3552,26.9,95.1
2026-08-25 23:51:02,3550,26.9,95.1
2026-08-25 23:51:07,3551,26.9,95.1
2026-08-25 23:51:12,3552,26.9,95.1
2026-08-25 23:51:18,3556,26.9,95.1
2026-08-25 23:51:23,3557,26.9,95.1
2026-08-25 23:51:28,3559,26.9,95.2
2026-08-25 23:51:34,3560,26.9,95.2
2026-08-25 23:51:44,3561,26.9,95.1
2026-08-25 23:51:50,3560,26.9,95.1
2026-08-25 23:52:00,3559,26.9,95.1
2026-08-25 23:52:05,3556,26.9,95.1
2026-08-25 23:52:11,3557,26.9,95.1
2026-08-25 23:52:21,3560,26.9,95.2
2026-08-25 23:52:27,3559,26.9,95.2
2026-08-25 23:52:32,3564,26.9,95.2
2026-08-25 23:52:42,3561,26.9,95.1
2026-08-25 23:52:48,3559,26.9,95.2
2026-08-25 23:52:58,3558,26.9,95.1
2026-08-25 23:53:03,3556,26.9,95.2
2026-08-25 23:53:09,3550,26.9,95.2
2026-08-25 23:53:14,3548,26.9,95.2
2026-08-25 23:53:19,3550,26.9,95.1
2026-08-25 23:53:24,3548,26.9,95.1
2026-08-25 23:53:30,3547,26.9,95.1
2026-08-25 23:53:35,3546,26.9,95.1
2026-08-25 23:53:41,3544,26.9,95.2
2026-08-25 23:53:56,3545,26.9,95.1
2026-08-25 23:54:02,3547,26.9,95.2
2026-08-25 23:54:12,3546,26.9,95.1
2026-08-25 23:54:17,3544,26.9,95.2
2026-08-25 23:54:28,3545,26.9,95.1
2026-08-25 23:54:44,3546,26.9,95.2
2026-08-25 23:54:49,3543,26.9,95.1
2026-08-25 23:54:54,3545,26.9,95.1
2026-08-25 23:55:04,3544,26.9,95.1
2026-08-25 23:55:10,3547,26.9,95.2
2026-08-25 23:55:15,3546,26.9,95.2
2026-08-25 23:55:20,3548,26.9,95.1
2026-08-25 23:55:26,3546,26.9,95.1
2026-08-25 23:55:31,3544,26.9,95.2
2026-08-25 23:55:41,3545,26.9,95.1
2026-08-25 23:55:47,3544,26.9,95.1
2026-08-25 23:55:57,3543,26.9,95.1
2026-08-25 23:56:03,3545,26.9,95.1
2026-08-25 23:56:08,3546,26.9,95.1
2026-08-25 23:56:13,3545,26.9,95.2
2026-08-25 23:56:18,3542,26.9,95.1
2026-08-25 23:56:24,3540,26.9,95.2
2026-08-25 23:56:29,3539,26.9,95.2
2026-08-25 23:56:34,3543,26.9,95.2
2026-08-25 23:56:39,3542,26.9,95.1
2026-08-25 23:56:44,3541,26.9,95.1
2026-08-25 23:56:50,3543,26.9,95.2
2026-08-25 23:56:55,3544,26.9,95.1
2026-08-25 23:57:01,3543,26.9,95.1
2026-08-25 23:57:06,3541,26.8,95.2
2026-08-25 23:57:11,3538,26.9,95.1
2026-08-25 23:57:16,3539,26.9,95.1
2026-08-25 23:57:22,3538,26.9,95.1
2026-08-25 23:57:48,3536,26.9,95.1
2026-08-25 23:57:53,3539,26.9,95.1
2026-08-25 23:57:58,3537,26.9,95.2
2026-08-25 23:58:04,3539,26.9,95.2
2026-08-25 23:58:09,3540,26.9,95.1
2026-08-25 23:58:14,3539,26.9,95.2
2026-08-25 23:58:30,3536,26.9,95.1
2026-08-25 23:58:35,3535,26.9,95.1
2026-08-25 23:58:41,3538,26.9,95.1
2026-08-25 23:58:51,3540,26.9,95.2
2026-08-25 23:58:56,3539,26.9,95.1
2026-08-25 23:59:02,3537,26.9,95.2
2026-08-25 23:59:07,3535,26.9,95.1
2026-08-25 23:59:17,3534,26.9,95.2
2026-08-25 23:59:23,3533,26.9,95.2
2026-08-25 23:59:28,3531,26.9,95.2
2026-08-25 23:59:33,3534,26.9,95.2
2026-08-25 23:59:39,3531,26.9,95.1
2026-08-25 23:59:49,3528,26.9,95.2
2026-08-25 23:59:54,3530,26.9,95.1
2026-08-26 00:00:00,3532,26.9,95.2
2026-08-26 00:00:05,3533,26.9,95.2
2026-08-26 00:00:10,3535,26.9,95.2
2026-08-26 00:00:21,3534,26.9,95.2
2026-08-26 00:00:26,3535,26.9,95.1
2026-08-26 00:00:31,3536,26.9,95.1
2026-08-26 00:00:37,3538,26.9,95.2
2026-08-26 00:00:42,3537,26.9,95.2
2026-08-26 00:00:47,3538,26.9,95.2
2026-08-26 00:00:58,3540,26.9,95.1
2026-08-26 00:01:03,3541,26.9,95.2
2026-08-26 00:01:08,3543,26.9,95.1
2026-08-26 00:01:13,3540,26.9,95.1
2026-08-26 00:01:19,3537,26.9,95.1
2026-08-26 00:01:24,3536,26.9,95.2
2026-08-26 00:01:29,3535,26.9,95.2
2026-08-26 00:01:39,3536,26.9,95.1
2026-08-26 00:01:50,3537,26.9,95.2
2026-08-26 00:01:55,3534,26.9,95.1
2026-08-26 00:02:06,3535,26.9,95.2
2026-08-26 00:02:11,3538,26.9,95.2
2026-08-26 00:02:16,3537,26.9,95.2
2026-08-26 00:02:32,3539,26.9,95.1
2026-08-26 00:02:38,3538,26.9,95.1
2026-08-26 00:02:43,3539,26.9,95.1
2026-08-26 00:02:53,3540,26.9,95.2
2026-08-26 00:02:58,3541,26.9,95.2
2026-08-26 00:03:04,3540,26.9,95.2
2026-08-26 00:03:19,3538,26.9,95.2
2026-08-26 00:03:25,3541,26.9,95.2
2026-08-26 00:03:30,3539,26.9,95.1
2026-08-26 00:03:35,3540,26.9,95.2
2026-08-26 00:03:40,3539,26.9,95.1
2026-08-26 00:03:46,3540,26.9,95.2
2026-08-26 00:03:56,3536,26.9,95.2
2026-08-26 00:04:02,3535,26.9,95.2
2026-08-26 00:04:07,3533,26.9,95.1
2026-08-26 00:04:12,3532,26.9,95.2
2026-08-26 00:04:28,3531,26.9,95.2
2026-08-26 00:04:33,3533,26.9,95.2
2026-08-26 00:04:38,3536,26.9,95.2
2026-08-26 00:04:49,3533,26.9,95.2
2026-08-26 00:04:54,3534,26.9,95.2
2026-08-26 00:04:59,3536,26.9,95.2
2026-08-26 00:05:05,3537,26.9,95.2
2026-08-26 00:05:10,3536,26.9,95.2
2026-08-26 00:05:15,3539,26.9,95.2
2026-08-26 00:05:21,3543,26.9,95.1
2026-08-26 00:05:37,3542,26.9,95.2
2026-08-26 00:05:47,3543,26.8,95.2
2026-08-26 00:05:53,3541,26.9,95.2
2026-08-26 00:05:58,3538,26.9,95.2
2026-08-26 00:06:03,3536,26.9,95.2
2026-08-26 00:06:08,3538,26.9,95.2
2026-08-26 00:06:14,3533,26.9,95.2
2026-08-26 00:06:19,3536,26.9,95.2
2026-08-26 00:06:29,3539,26.9,95.2
2026-08-26 00:06:45,3537,26.9,95.2
2026-08-26 00:06:50,3535,26.9,95.2
2026-08-26 00:06:55,3537,26.9,95.2
2026-08-26 00:07:01,3538,26.9,95.2
2026-08-26 00:07:06,3534,26.9,95.2
2026-08-26 00:07:11,3535,26.9,95.2
2026-08-26 00:07:17,3537,26.9,95.2
2026-08-26 00:07:27,3538,26.9,95.2
2026-08-26 00:07:32,3539,26.9,95.2
2026-08-26 00:07:38,3535,26.9,95.2
2026-08-26 00:07:48,3534,26.9,95.2
2026-08-26 00:07:54,3538,26.9,95.2
2026-08-26 00:07:59,3535,26.9,95.2
2026-08-26 00:08:04,3534,26.9,95.2
2026-08-26 00:08:09,3533,26.9,95.2
2026-08-26 00:08:14,3531,26.9,95.2
2026-08-26 00:08:20,3530,26.9,95.2
2026-08-26 00:08:25,3531,26.9,95.2
2026-08-26 00:08:30,3532,26.9,95.2
2026-08-26 00:08:35,3531,26.9,95.2
2026-08-26 00:08:41,3533,26.9,95.2
2026-08-26 00:08:46,3536,26.9,95.2
2026-08-26 00:08:51,3538,26.9,95.2
2026-08-26 00:09:01,3539,26.9,95.2
2026-08-26 00:09:07,3540,26.9,95.2
2026-08-26 00:09:12,3543,26.9,95.2
2026-08-26 00:09:17,3540,26.9,95.2
2026-08-26 00:09:23,3542,26.9,95.2
2026-08-26 00:09:28,3545,26.9,95.2
2026-08-26 00:09:33,3547,26.9,95.2
2026-08-26 00:09:38,3550,26.9,95.2
2026-08-26 00:09:44,3549,26.9,95.2
2026-08-26 00:09:49,3550,26.9,95.2
2026-08-26 00:09:54,3547,26.9,95.2
2026-08-26 00:10:00,3548,26.9,95.2
2026-08-26 00:10:10,3546,26.9,95.2
2026-08-26 00:10:15,3544,26.9,95.2
2026-08-26 00:10:20,3546,26.9,95.2
2026-08-26 00:10:26,3545,26.9,95.2
2026-08-26 00:10:36,3546,26.9,95.2
2026-08-26 00:10:41,3544,26.9,95.2
2026-08-26 00:10:47,3545,26.9,95.2
2026-08-26 00:10:52,3542,26.9,95.2
2026-08-26 00:10:57,3543,26.9,95.2
2026-08-26 00:11:03,3545,26.9,95.2
2026-08-26 00:11:08,3547,26.9,95.2
2026-08-26 00:11:13,3549,26.9,95.2
2026-08-26 00:11:24,3543,26.9,95.2
2026-08-26 00:11:39,3545,26.9,95.2
2026-08-26 00:11:45,3543,26.9,95.2
2026-08-26 00:11:50,3544,26.9,95.2
2026-08-26 00:11:55,3542,26.9,95.2
2026-08-26 00:12:00,3539,26.9,95.2
2026-08-26 00:12:06,3536,26.9,95.2
2026-08-26 00:12:11,3539,26.9,95.2
2026-08-26 00:12:16,3538,26.9,95.2
2026-08-26 00:12:22,3537,26.9,95.2
2026-08-26 00:12:32,3534,26.9,95.2
2026-08-26 00:12:43,3532,26.9,95.2
2026-08-26 00:12:48,3535,26.9,95.2
2026-08-26 00:12:54,3533,26.9,95.2
2026-08-26 00:12:59,3534,26.9,95.2
2026-08-26 00:13:04,3532,26.9,95.2
2026-08-26 00:13:09,3530,26.9,95.2
2026-08-26 00:13:14,3531,26.9,95.2
2026-08-26 00:13:20,3536,26.9,95.2
2026-08-26 00:13:25,3538,26.9,95.2
2026-08-26 00:13:30,3536,26.9,95.2
2026-08-26 00:13:35,3533,26.9,95.2
2026-08-26 00:13:41,3532,26.9,95.2
2026-08-26 00:13:46,3536,26.9,95.2
2026-08-26 00:13:51,3539,26.9,95.2
2026-08-26 00:13:56,3538,26.9,95.2
2026-08-26 00:14:17,3540,26.9,95.2
2026-08-26 00:14:23,3537,26.9,95.2
2026-08-26 00:14:33,3535,26.9,95.2
2026-08-26 00:14:39,3536,26.9,95.2
2026-08-26 00:14:44,3539,26.9,95.2
2026-08-26 00:15:05,3540,26.9,95.2
2026-08-26 00:15:10,3541,26.9,95.2
2026-08-26 00:15:21,3549,26.9,95.2
2026-08-26 00:15:26,3554,26.9,95.2
2026-08-26 00:15:31,3551,26.9,95.2
2026-08-26 00:15:37,3548,26.9,95.2
2026-08-26 00:15:42,3550,26.9,95.2
2026-08-26 00:15:47,3551,26.9,95.2
2026-08-26 00:15:58,3552,26.9,95.2
2026-08-26 00:16:03,3550,26.9,95.2
2026-08-26 00:16:08,3549,26.9,95.2
2026-08-26 00:16:19,3546,26.9,95.2
2026-08-26 00:16:25,3551,26.9,95.2
2026-08-26 00:16:35,3549,26.9,95.2
2026-08-26 00:16:40,3553,26.9,95.2
2026-08-26 00:16:46,3551,26.9,95.2
2026-08-26 00:16:51,3552,26.9,95.2
2026-08-26 00:17:07,3551,26.9,95.2
2026-08-26 00:17:12,3552,26.9,95.2
2026-08-26 00:17:17,3553,26.9,95.2
2026-08-26 00:17:22,3555,26.9,95.2
2026-08-26 00:17:28,3556,26.9,95.2
2026-08-26 00:17:33,3555,26.9,95.2
2026-08-26 00:17:38,3556,26.9,95.2
2026-08-26 00:17:43,3557,26.9,95.2
2026-08-26 00:17:49,3554,26.9,95.2
2026-08-26 00:17:59,3555,26.9,95.2
2026-08-26 00:18:10,3556,26.9,95.2
2026-08-26 00:18:15,3553,26.9,95.2
2026-08-26 00:18:20,3550,26.9,95.2
2026-08-26 00:18:31,3543,26.9,95.2
2026-08-26 00:18:36,3542,26.9,95.2
2026-08-26 00:18:41,3545,26.9,95.2
2026-08-26 00:18:46,3544,26.9,95.2
2026-08-26 00:18:52,3546,26.9,95.2
2026-08-26 00:18:57,3543,26.9,95.2
2026-08-26 00:19:07,3542,26.9,95.2
2026-08-26 00:19:18,3546,26.9,95.2
2026-08-26 00:19:23,3547,26.9,95.2
2026-08-26 00:19:28,3544,26.9,95.2
2026-08-26 00:19:34,3547,26.9,95.2
2026-08-26 00:19:50,3550,26.9,95.2
2026-08-26 00:19:55,3549,26.9,95.2
2026-08-26 00:20:00,3547,26.9,95.2
2026-08-26 00:20:11,3551,26.9,95.2
2026-08-26 00:20:16,3549,26.9,95.2
2026-08-26 00:20:21,3550,26.9,95.2
2026-08-26 00:20:27,3551,26.9,95.2
2026-08-26 00:20:32,3549,26.9,95.2
2026-08-26 00:20:43,3551,26.9,95.2
2026-08-26 00:20:48,3553,26.9,95.2
2026-08-26 00:20:53,3554,26.9,95.2
2026-08-26 00:20:58,3556,26.9,95.2
2026-08-26 00:21:04,3555,26.9,95.2
2026-08-26 00:21:09,3553,26.9,95.2
2026-08-26 00:21:14,3552,26.9,95.2
2026-08-26 00:21:20,3554,26.9,95.2
2026-08-26 00:21:25,3553,26.9,95.2
2026-08-26 00:21:30,3556,26.9,95.2
2026-08-26 00:21:35,3555,26.9,95.2
2026-08-26 00:21:41,3558,26.9,95.2
2026-08-26 00:21:46,3560,26.9,95.2
2026-08-26 00:21:51,3565,26.9,95.2
2026-08-26 00:21:56,3563,26.9,95.2
2026-08-26 00:22:02,3565,26.9,95.2
2026-08-26 00:22:07,3566,26.9,95.2
2026-08-26 00:22:12,3567,26.9,95.2
2026-08-26 00:22:17,3569,26.9,95.2
2026-08-26 00:22:28,3573,26.9,95.2
2026-08-26 00:22:44,3568,26.9,95.2
2026-08-26 00:22:49,3566,26.9,95.2
2026-08-26 00:22:54,3565,26.9,95.2
2026-08-26 00:22:59,3562,26.9,95.2
2026-08-26 00:23:10,3559,26.9,95.2
2026-08-26 00:23:15,3558,26.9,95.2
2026-08-26 00:23:20,3557,26.9,95.3
2026-08-26 00:23:26,3556,26.9,95.2
2026-08-26 00:23:31,3558,26.9,95.2
2026-08-26 00:23:37,3556,26.9,95.2
2026-08-26 00:23:42,3554,26.9,95.2
2026-08-26 00:23:47,3557,26.9,95.2
2026-08-26 00:24:03,3559,26.9,95.2
2026-08-26 00:24:08,3557,26.9,95.2
2026-08-26 00:24:14,3553,26.9,95.2
2026-08-26 00:24:19,3551,26.9,95.3
2026-08-26 00:24:24,3553,26.9,95.2
2026-08-26 00:24:29,3556,26.9,95.2
2026-08-26 00:24:35,3558,26.9,95.2
2026-08-26 00:24:40,3561,26.9,95.2
2026-08-26 00:24:45,3562,26.9,95.2
2026-08-26 00:24:51,3564,26.9,95.2
2026-08-26 00:24:56,3565,26.9,95.2
2026-08-26 00:25:01,3564,26.9,95.2
2026-08-26 00:25:07,3566,26.9,95.2
2026-08-26 00:25:12,3567,26.9,95.2
2026-08-26 00:25:18,3566,26.9,95.2
2026-08-26 00:25:23,3569,26.9,95.2
2026-08-26 00:25:28,3570,26.9,95.2
2026-08-26 00:25:33,3572,26.9,95.3
2026-08-26 00:25:39,3571,26.9,95.2
2026-08-26 00:25:49,3572,26.9,95.2
2026-08-26 00:25:55,3571,26.9,95.2
2026-08-26 00:26:00,3567,26.9,95.2
2026-08-26 00:26:10,3565,26.9,95.2
2026-08-26 00:26:21,3564,26.9,95.2
2026-08-26 00:26:31,3565,26.9,95.2
2026-08-26 00:26:37,3564,26.9,95.2
2026-08-26 00:26:42,3566,26.9,95.2
2026-08-26 00:26:47,3565,26.9,95.2
2026-08-26 00:26:52,3566,26.9,95.2
2026-08-26 00:26:58,3563,26.9,95.3
2026-08-26 00:27:03,3564,26.9,95.2
2026-08-26 00:27:08,3561,26.9,95.2
2026-08-26 00:27:24,3562,26.9,95.3
2026-08-26 00:27:29,3559,26.9,95.2
2026-08-26 00:27:35,3562,26.9,95.2
2026-08-26 00:27:40,3563,26.9,95.2
2026-08-26 00:27:45,3564,26.9,95.3
2026-08-26 00:27:56,3563,26.9,95.2
2026-08-26 00:28:01,3565,26.9,95.2
2026-08-26 00:28:06,3569,26.9,95.2
2026-08-26 00:28:12,3568,26.9,95.2
2026-08-26 00:28:17,3565,26.9,95.2
2026-08-26 00:28:22,3567,26.9,95.2
2026-08-26 00:28:27,3568,26.9,95.2
2026-08-26 00:28:33,3570,26.9,95.3
2026-08-26 00:28:38,3572,26.9,95.2
2026-08-26 00:28:43,3574,26.9,95.2
2026-08-26 00:28:49,3573,26.9,95.2
2026-08-26 00:28:54,3570,26.9,95.2
2026-08-26 00:28:59,3568,26.9,95.2
2026-08-26 00:29:15,3569,26.9,95.2
2026-08-26 00:29:20,3572,26.9,95.2
2026-08-26 00:29:31,3574,26.9,95.2
2026-08-26 00:29:36,3575,26.9,95.2
2026-08-26 00:29:41,3573,26.9,95.2
2026-08-26 00:29:52,3571,26.9,95.2
2026-08-26 00:29:57,3572,26.9,95.2
2026-08-26 00:30:07,3571,26.9,95.2
2026-08-26 00:30:13,3572,26.9,95.2
2026-08-26 00:30:23,3575,26.9,95.2
2026-08-26 00:30:28,3576,26.9,95.2
2026-08-26 00:30:39,3573,26.9,95.2
2026-08-26 00:30:44,3570,26.9,95.2
2026-08-26 00:31:00,3569,26.9,95.2
2026-08-26 00:31:05,3570,26.9,95.2
2026-08-26 00:31:10,3571,26.9,95.2
2026-08-26 00:31:15,3570,26.9,95.2
2026-08-26 00:31:21,3573,26.9,95.2
2026-08-26 00:31:26,3574,26.9,95.2
2026-08-26 00:31:42,3572,26.9,95.2
2026-08-26 00:31:47,3574,26.9,95.2
2026-08-26 00:31:53,3577,26.9,95.2
2026-08-26 00:31:58,3575,26.9,95.2
2026-08-26 00:32:03,3574,26.9,95.2
2026-08-26 00:32:08,3576,26.9,95.2
2026-08-26 00:32:19,3575,26.9,95.2
2026-08-26 00:32:29,3573,26.9,95.2
2026-08-26 00:32:34,3577,26.9,95.2
2026-08-26 00:32:40,3573,26.9,95.2
2026-08-26 00:32:45,3574,26.9,95.2
2026-08-26 00:32:50,3573,26.9,95.2
2026-08-26 00:33:01,3575,26.9,95.2
2026-08-26 00:33:06,3574,26.9,95.2
2026-08-26 00:33:16,3571,26.9,95.1
2026-08-26 00:33:22,3570,26.9,95.1
2026-08-26 00:33:32,3568,26.9,95.1
2026-08-26 00:33:38,3570,26.9,95.2
2026-08-26 00:33:43,3568,26.9,95.2
2026-08-26 00:33:48,3572,26.9,95.1
2026-08-26 00:33:53,3574,26.9,95.1
2026-08-26 00:33:59,3576,26.9,95.1
2026-08-26 00:34:04,3575,26.9,95.1
2026-08-26 00:34:09,3577,26.9,95.1
2026-08-26 00:34:14,3572,26.9,95.1
2026-08-26 00:34:20,3570,26.9,95.1
2026-08-26 00:34:25,3573,26.9,95.1
2026-08-26 00:34:36,3572,26.9,95.1
2026-08-26 00:34:41,3570,26.9,95.1
2026-08-26 00:34:46,3568,26.9,95.1
2026-08-26 00:34:51,3567,26.9,95.1
2026-08-26 00:34:57,3569,26.9,95.1
2026-08-26 00:35:07,3570,26.9,95.1
2026-08-26 00:35:12,3571,26.9,95.1
2026-08-26 00:35:18,3573,26.9,95.1
2026-08-26 00:35:23,3571,26.9,95.1
2026-08-26 00:35:28,3572,26.9,95.1
2026-08-26 00:35:39,3574,26.9,95.1
2026-08-26 00:35:49,3573,26.9,95.1
2026-08-26 00:35:55,3575,26.9,95.1
2026-08-26 00:36:00,3574,26.9,95.1
2026-08-26 00:36:10,3573,26.9,95.1
2026-08-26 00:36:15,3570,26.9,95.1
2026-08-26 00:36:21,3569,26.9,95.0
2026-08-26 00:36:31,3570,26.9,95.1
2026-08-26 00:36:36,3571,26.9,95.1
2026-08-26 00:36:42,3568,26.9,95.1
2026-08-26 00:36:47,3567,26.9,95.0
2026-08-26 00:36:52,3566,26.9,95.1
2026-08-26 00:36:57,3567,26.9,95.0
2026-08-26 00:37:03,3570,26.9,95.0
2026-08-26 00:37:08,3571,26.9,95.0
2026-08-26 00:37:13,3568,26.9,95.1
2026-08-26 00:37:18,3571,26.9,95.0
2026-08-26 00:37:29,3574,26.9,95.0
2026-08-26 00:37:45,3575,26.9,95.1
2026-08-26 00:37:50,3574,26.9,95.0
2026-08-26 00:37:55,3576,26.9,95.0
2026-08-26 00:38:01,3574,26.9,95.0
2026-08-26 00:38:06,3572,26.9,95.0
2026-08-26 00:38:11,3574,26.9,95.1
2026-08-26 00:38:16,3575,26.9,95.0
2026-08-26 00:38:21,3579,26.9,95.0
2026-08-26 00:38:27,3578,26.9,94.6
2026-08-26 00:38:32,3465,24.5,96.0
2026-08-26 00:38:37,3289,23.8,98.6
2026-08-26 00:38:43,3282,23.4,99.8
2026-08-26 00:38:48,3190,23.1,100.0
2026-08-26 00:38:53,3187,22.8,100.0
2026-08-26 00:38:58,3169,22.7,100.0
2026-08-26 00:39:04,3158,22.6,100.0
2026-08-26 00:39:09,3119,22.5,100.0
2026-08-26 00:39:15,3115,22.5,100.0
2026-08-26 00:39:20,3093,22.5,100.0
2026-08-26 00:39:25,3089,22.5,100.0
2026-08-26 00:39:30,3087,22.5,100.0
2026-08-26 00:39:36,3086,22.6,100.0
2026-08-26 00:39:41,3088,22.6,100.0
2026-08-26 00:39:46,3091,22.7,100.0
2026-08-26 00:39:51,3090,22.8,100.0
2026-08-26 00:39:57,3089,22.8,100.0
2026-08-26 00:40:07,3091,22.9,100.0
2026-08-26 00:40:12,3094,23.0,100.0
2026-08-26 00:40:18,3096,23.0,100.0
2026-08-26 00:40:23,3095,23.1,100.0
2026-08-26 00:40:28,3091,23.1,100.0
2026-08-26 00:40:44,3094,23.3,100.0
2026-08-26 00:40:49,3095,23.4,100.0
2026-08-26 00:40:55,3097,23.4,100.0
2026-08-26 00:41:00,3102,23.5,100.0
2026-08-26 00:41:05,3106,23.5,100.0
2026-08-26 00:41:10,3113,23.6,100.0
2026-08-26 00:41:16,3122,23.6,100.0
2026-08-26 00:41:21,3125,23.6,100.0
2026-08-26 00:41:26,3127,23.7,100.0
2026-08-26 00:41:31,3141,23.7,100.0
2026-08-26 00:41:42,3146,23.7,100.0
2026-08-26 00:41:47,3164,23.8,100.0
2026-08-26 00:41:52,3203,23.8,100.0
2026-08-26 00:41:58,3204,23.8,100.0
2026-08-26 00:42:03,3207,23.8,100.0
2026-08-26 00:42:08,3210,23.8,100.0
2026-08-26 00:42:13,3231,23.9,100.0
2026-08-26 00:42:19,3233,23.9,100.0
2026-08-26 00:42:24,3236,23.9,100.0
2026-08-26 00:42:30,3238,23.9,100.0
2026-08-26 00:42:40,3240,23.9,100.0
2026-08-26 00:42:45,3260,24.0,100.0
2026-08-26 00:42:51,3307,24.0,100.0
2026-08-26 00:42:56,3313,24.0,100.0
2026-08-26 00:43:01,3316,24.0,100.0
2026-08-26 00:43:06,3317,24.0,100.0
2026-08-26 00:43:12,3320,24.1,100.0
2026-08-26 00:43:22,3323,24.1,100.0
2026-08-26 00:43:27,3325,24.1,100.0
2026-08-26 00:43:33,3328,24.1,100.0
2026-08-26 00:43:38,3332,24.1,100.0
2026-08-26 00:43:43,3336,24.1,100.0
2026-08-26 00:43:48,3339,24.1,100.0
2026-08-26 00:44:04,3340,24.2,100.0
2026-08-26 00:44:09,3339,24.2,100.0
2026-08-26 00:44:15,3341,24.2,100.0
2026-08-26 00:44:20,3344,24.2,100.0
2026-08-26 00:44:25,3345,24.2,100.0
2026-08-26 00:44:30,3342,24.2,100.0
2026-08-26 00:44:36,3339,24.2,100.0
2026-08-26 00:44:51,3335,24.2,100.0
2026-08-26 00:44:57,3336,24.2,100.0
2026-08-26 00:45:02,3331,24.2,100.0
2026-08-26 00:45:07,3302,24.2,100.0
2026-08-26 00:45:13,3301,24.2,100.0
2026-08-26 00:45:23,3298,24.3,100.0
2026-08-26 00:45:28,3282,24.3,100.0
2026-08-26 00:45:34,3280,24.3,100.0
2026-08-26 00:45:39,3272,24.3,100.0
2026-08-26 00:45:44,3247,24.3,100.0
2026-08-26 00:45:49,3244,24.3,100.0
2026-08-26 00:45:55,3240,24.3,100.0
2026-08-26 00:46:00,3237,24.3,100.0
2026-08-26 00:46:05,3201,24.3,100.0
2026-08-26 00:46:11,3162,24.3,100.0
2026-08-26 00:46:16,3157,24.3,100.0
2026-08-26 00:46:21,3154,24.3,100.0
2026-08-26 00:46:27,3150,24.3,100.0
2026-08-26 00:46:32,3105,24.3,100.0
2026-08-26 00:46:37,3071,24.3,100.0
2026-08-26 00:46:42,3058,24.3,100.0
2026-08-26 00:46:47,3037,24.3,100.0
2026-08-26 00:46:53,3018,24.3,100.0
2026-08-26 00:46:58,2984,24.3,100.0
2026-08-26 00:47:03,2977,24.3,100.0
2026-08-26 00:47:08,2975,24.3,100.0
2026-08-26 00:47:14,2971,24.3,100.0
2026-08-26 00:47:19,2967,24.4,100.0
2026-08-26 00:47:24,2963,24.4,100.0
2026-08-26 00:47:29,2960,24.4,100.0
2026-08-26 00:47:35,2957,24.4,100.0
2026-08-26 00:47:40,2956,24.4,100.0
2026-08-26 00:47:45,2953,24.4,100.0
2026-08-26 00:47:50,2950,24.4,100.0
2026-08-26 00:47:56,2947,24.4,100.0
2026-08-26 00:48:01,2945,24.4,100.0
2026-08-26 00:48:06,2946,24.4,100.0
2026-08-26 00:48:12,2947,24.4,100.0
2026-08-26 00:48:17,2943,24.4,100.0
2026-08-26 00:48:22,2941,24.4,100.0
2026-08-26 00:48:28,2939,24.4,100.0
2026-08-26 00:48:33,2938,24.4,100.0
2026-08-26 00:48:43,2937,24.4,100.0
2026-08-26 00:48:49,2938,24.4,100.0
2026-08-26 00:49:09,2937,24.4,100.0
2026-08-26 00:49:15,2938,24.4,100.0
2026-08-26 00:49:20,2939,24.4,100.0
2026-08-26 00:49:30,2937,24.4,100.0
2026-08-26 00:49:36,2938,24.5,100.0
2026-08-26 00:49:41,2937,24.5,100.0
2026-08-26 00:49:47,2943,24.5,100.0
2026-08-26 00:49:52,2945,24.5,100.0
2026-08-26 00:49:57,2949,24.5,100.0
2026-08-26 00:50:02,2948,24.5,100.0
2026-08-26 00:50:08,2952,24.5,100.0
2026-08-26 00:50:13,2954,24.5,100.0
2026-08-26 00:50:18,2955,24.5,100.0
2026-08-26 00:50:23,2957,24.5,100.0
2026-08-26 00:50:29,2960,24.5,100.0
2026-08-26 00:50:34,2966,24.5,100.0
2026-08-26 00:50:39,2970,24.5,100.0
2026-08-26 00:50:44,2968,24.5,100.0
2026-08-26 00:50:50,2972,24.5,100.0
2026-08-26 00:50:55,2975,24.5,100.0
2026-08-26 00:51:00,2977,24.5,100.0
2026-08-26 00:51:05,2980,24.5,100.0
2026-08-26 00:51:11,2985,24.5,100.0
2026-08-26 00:51:16,3013,24.5,100.0
2026-08-26 00:51:21,3016,24.6,100.0
2026-08-26 00:51:27,3019,24.5,100.0
2026-08-26 00:51:32,3022,24.5,100.0
2026-08-26 00:51:37,3031,24.6,100.0
2026-08-26 00:51:43,3039,24.6,100.0
2026-08-26 00:51:48,3065,24.6,100.0
2026-08-26 00:51:53,3076,24.6,100.0
2026-08-26 00:51:58,3079,24.6,100.0
2026-08-26 00:52:04,3082,24.6,100.0
2026-08-26 00:52:09,3120,24.6,100.0
2026-08-26 00:52:14,3123,24.6,100.0
2026-08-26 00:52:19,3131,24.6,100.0
2026-08-26 00:52:25,3164,24.6,100.0
2026-08-26 00:52:30,3165,24.6,100.0
2026-08-26 00:52:35,3169,24.6,100.0
2026-08-26 00:52:40,3185,24.6,100.0
2026-08-26 00:52:46,3212,24.6,100.0
2026-08-26 00:53:01,3219,24.6,100.0
2026-08-26 00:53:12,3263,24.6,100.0
2026-08-26 00:53:17,3270,24.6,100.0
2026-08-26 00:53:23,3274,24.7,100.0
2026-08-26 00:53:28,3276,24.7,100.0
2026-08-26 00:53:33,3278,24.7,100.0
2026-08-26 00:53:44,3286,24.6,100.0
2026-08-26 00:53:49,3290,24.7,100.0
2026-08-26 00:53:55,3294,24.7,100.0
2026-08-26 00:54:00,3308,24.7,100.0
2026-08-26 00:54:11,3310,24.7,100.0
2026-08-26 00:54:16,3315,24.7,100.0
2026-08-26 00:54:21,3318,24.7,100.0
2026-08-26 00:54:26,3321,24.7,100.0
2026-08-26 00:54:32,3322,24.7,100.0
2026-08-26 00:54:37,3324,24.7,100.0
2026-08-26 00:54:42,3326,24.7,100.0
2026-08-26 00:54:47,3333,24.7,100.0
2026-08-26 00:54:53,3338,24.7,100.0
2026-08-26 00:54:58,3361,24.7,100.0
2026-08-26 00:55:03,3362,24.7,100.0
2026-08-26 00:55:08,3365,24.7,100.0
2026-08-26 00:55:14,3368,24.7,100.0
2026-08-26 00:55:19,3382,24.7,100.0
2026-08-26 00:55:24,3384,24.7,100.0
2026-08-26 00:55:29,3386,24.7,100.0
2026-08-26 00:55:35,3389,24.7,100.0
2026-08-26 00:55:40,3390,24.7,100.0
2026-08-26 00:55:45,3391,24.7,100.0
2026-08-26 00:55:51,3394,24.8,100.0
2026-08-26 00:55:56,3395,24.7,100.0
2026-08-26 00:56:01,3398,24.7,100.0
2026-08-26 00:56:06,3400,24.8,100.0
2026-08-26 00:56:12,3402,24.8,100.0
2026-08-26 00:56:17,3403,24.8,100.0
2026-08-26 00:56:22,3404,24.7,100.0
2026-08-26 00:56:27,3408,24.8,100.0
2026-08-26 00:56:33,3411,24.8,100.0
2026-08-26 00:56:38,3413,24.7,100.0
2026-08-26 00:56:43,3415,24.8,100.0
2026-08-26 00:56:48,3416,24.8,100.0
2026-08-26 00:56:54,3418,24.7,100.0
2026-08-26 00:56:59,3417,24.8,100.0
2026-08-26 00:57:04,3424,24.8,100.0
2026-08-26 00:57:10,3427,24.8,100.0
2026-08-26 00:57:15,3426,24.8,100.0
2026-08-26 00:57:20,3429,24.8,100.0
2026-08-26 00:57:25,3430,24.8,100.0
2026-08-26 00:57:31,3434,24.8,100.0
2026-08-26 00:57:36,3439,24.8,100.0
2026-08-26 00:57:41,3441,24.8,100.0
2026-08-26 00:57:47,3445,24.8,100.0
2026-08-26 00:57:52,3447,24.8,100.0
2026-08-26 00:57:57,3446,24.8,100.0
2026-08-26 00:58:02,3447,24.8,100.0
2026-08-26 00:58:18,3451,24.8,100.0
2026-08-26 00:58:23,3453,24.8,100.0
2026-08-26 00:58:29,3452,24.8,100.0
2026-08-26 00:58:45,3455,24.8,100.0
2026-08-26 00:58:50,3456,24.8,100.0
2026-08-26 00:58:55,3458,24.8,100.0
2026-08-26 00:59:01,3461,24.8,100.0
2026-08-26 00:59:06,3460,24.8,100.0
2026-08-26 00:59:11,3459,24.8,100.0
2026-08-26 00:59:17,3463,24.8,100.0
2026-08-26 00:59:22,3461,24.8,100.0
2026-08-26 00:59:27,3460,24.8,100.0
2026-08-26 00:59:32,3459,24.9,100.0
2026-08-26 00:59:38,3460,24.8,100.0
2026-08-26 00:59:43,3458,24.8,100.0
2026-08-26 00:59:53,3456,24.8,100.0
2026-08-26 00:59:59,3452,24.9,100.0
2026-08-26 01:00:04,3448,24.8,100.0
2026-08-26 01:00:09,3450,24.8,100.0
2026-08-26 01:00:14,3452,24.8,100.0
2026-08-26 01:00:20,3451,24.9,100.0
2026-08-26 01:00:25,3453,24.8,100.0
2026-08-26 01:00:31,3455,24.9,100.0
2026-08-26 01:00:36,3454,24.9,100.0
2026-08-26 01:00:41,3456,24.8,100.0
2026-08-26 01:00:46,3457,24.9,100.0
2026-08-26 01:00:57,3456,24.9,100.0
2026-08-26 01:01:02,3455,24.8,100.0
2026-08-26 01:01:13,3457,24.9,100.0
2026-08-26 01:01:18,3459,24.9,100.0
2026-08-26 01:01:23,3460,24.9,100.0
2026-08-26 01:01:28,3461,24.9,100.0
2026-08-26 01:01:49,3459,24.9,100.0
2026-08-26 01:01:54,3460,24.9,100.0
2026-08-26 01:02:00,3459,24.9,100.0
2026-08-26 01:02:05,3458,24.9,100.0
2026-08-26 01:02:11,3457,24.9,100.0
2026-08-26 01:02:16,3458,24.9,100.0
2026-08-26 01:02:21,3457,24.9,100.0
2026-08-26 01:02:37,3452,24.9,100.0
2026-08-26 01:02:42,3448,24.9,100.0
2026-08-26 01:02:47,3446,24.9,100.0
2026-08-26 01:02:53,3445,24.9,100.0
2026-08-26 01:03:03,3442,24.9,100.0
2026-08-26 01:03:09,3439,24.9,100.0
2026-08-26 01:03:14,3438,24.9,100.0
2026-08-26 01:03:19,3435,24.9,100.0
2026-08-26 01:03:30,3432,24.9,100.0
2026-08-26 01:03:35,3429,24.9,100.0
2026-08-26 01:03:40,3427,24.9,100.0
2026-08-26 01:03:46,3425,24.9,100.0
2026-08-26 01:03:51,3420,24.9,100.0
2026-08-26 01:03:56,3419,24.9,100.0
2026-08-26 01:04:01,3418,24.9,100.0
2026-08-26 01:04:07,3415,24.9,100.0
2026-08-26 01:04:12,3414,24.9,100.0
2026-08-26 01:04:17,3409,24.9,100.0
2026-08-26 01:04:22,3401,24.9,100.0
2026-08-26 01:04:28,3403,24.9,100.0
2026-08-26 01:04:33,3405,24.9,100.0
2026-08-26 01:04:38,3395,24.9,100.0
2026-08-26 01:04:43,3392,24.9,100.0
2026-08-26 01:04:48,3390,24.9,100.0
2026-08-26 01:04:54,3387,24.9,100.0
2026-08-26 01:04:59,3386,24.9,100.0
2026-08-26 01:05:04,3384,24.9,100.0
2026-08-26 01:05:09,3381,24.9,100.0
2026-08-26 01:05:15,3379,24.9,100.0
2026-08-26 01:05:20,3375,25.0,100.0
2026-08-26 01:05:26,3371,24.9,100.0
2026-08-26 01:05:36,3370,25.0,100.0
2026-08-26 01:05:41,3368,24.9,100.0
2026-08-26 01:05:47,3364,24.9,100.0
2026-08-26 01:05:52,3360,24.9,100.0
2026-08-26 01:05:57,3358,25.0,100.0
2026-08-26 01:06:02,3355,25.0,100.0
2026-08-26 01:06:08,3352,24.9,100.0
2026-08-26 01:06:13,3348,25.0,100.0
2026-08-26 01:06:18,3340,25.0,100.0
2026-08-26 01:06:23,3332,24.9,100.0
2026-08-26 01:06:29,3324,25.0,100.0
2026-08-26 01:06:34,3301,25.0,100.0
2026-08-26 01:06:39,3286,24.9,100.0
2026-08-26 01:06:44,3282,25.0,100.0
2026-08-26 01:06:50,3281,25.0,100.0
2026-08-26 01:06:55,3251,25.0,100.0
2026-08-26 01:07:00,3247,24.9,100.0
2026-08-26 01:07:05,3243,25.0,100.0
2026-08-26 01:07:11,3235,25.0,100.0
2026-08-26 01:07:16,3227,25.0,100.0
2026-08-26 01:07:21,3212,25.0,100.0
2026-08-26 01:07:27,3210,25.0,100.0
2026-08-26 01:07:32,3205,25.0,100.0
2026-08-26 01:07:37,3185,24.9,100.0
2026-08-26 01:07:43,3183,25.0,100.0
2026-08-26 01:07:48,3180,25.0,100.0
2026-08-26 01:07:53,3161,25.0,100.0
2026-08-26 01:07:59,3116,25.0,100.0
2026-08-26 01:08:04,3114,25.0,100.0
2026-08-26 01:08:09,3109,25.0,100.0
2026-08-26 01:08:14,3108,25.0,100.0
2026-08-26 01:08:20,3105,25.0,100.0
2026-08-26 01:08:25,3104,25.0,100.0
2026-08-26 01:08:30,3099,25.0,100.0
2026-08-26 01:08:35,3096,25.0,100.0
2026-08-26 01:08:41,3095,25.0,100.0
2026-08-26 01:08:46,3091,25.0,100.0
2026-08-26 01:08:51,3089,25.0,100.0
2026-08-26 01:08:57,3087,25.0,100.0
2026-08-26 01:09:02,3086,25.0,100.0
2026-08-26 01:09:07,3084,25.0,100.0
2026-08-26 01:09:12,3081,25.0,100.0
2026-08-26 01:09:23,3078,25.0,100.0
2026-08-26 01:09:28,3080,25.0,100.0
2026-08-26 01:09:33,3079,25.0,100.0
2026-08-26 01:09:39,3074,25.0,100.0
2026-08-26 01:09:44,3075,25.0,100.0
2026-08-26 01:09:49,3071,25.0,100.0
2026-08-26 01:09:54,3069,25.0,100.0
2026-08-26 01:10:00,3067,25.0,100.0
2026-08-26 01:10:05,3065,25.0,100.0
2026-08-26 01:10:15,3063,25.0,100.0
2026-08-26 01:10:21,3058,25.0,100.0
2026-08-26 01:10:26,3055,25.0,100.0
2026-08-26 01:10:37,3056,25.0,100.0
2026-08-26 01:10:42,3055,25.0,100.0
2026-08-26 01:10:47,3053,25.0,100.0
2026-08-26 01:10:53,3052,25.0,100.0
2026-08-26 01:11:08,3051,25.0,100.0
2026-08-26 01:11:14,3049,25.0,100.0
2026-08-26 01:11:19,3048,25.0,100.0
2026-08-26 01:11:24,3045,25.0,100.0
2026-08-26 01:11:29,3049,25.0,100.0
2026-08-26 01:11:34,3047,25.1,100.0
2026-08-26 01:11:40,3048,25.0,100.0
2026-08-26 01:11:55,3049,25.0,100.0
2026-08-26 01:12:01,3050,25.0,100.0
2026-08-26 01:12:06,3051,25.0,100.0
2026-08-26 01:12:11,3053,25.0,100.0
2026-08-26 01:12:16,3054,25.0,100.0
2026-08-26 01:12:27,3058,25.1,100.0
2026-08-26 01:12:32,3060,25.0,100.0
2026-08-26 01:12:38,3062,25.1,100.0
2026-08-26 01:12:43,3068,25.1,100.0
2026-08-26 01:12:48,3071,25.1,100.0
2026-08-26 01:12:53,3076,25.1,100.0
2026-08-26 01:12:59,3079,25.1,100.0
2026-08-26 01:13:04,3083,25.1,100.0
2026-08-26 01:13:09,3084,25.1,100.0
2026-08-26 01:13:14,3087,25.1,100.0
2026-08-26 01:13:19,3095,25.1,100.0
2026-08-26 01:13:25,3114,25.1,100.0
2026-08-26 01:13:30,3121,25.1,100.0
2026-08-26 01:13:35,3125,25.1,100.0
2026-08-26 01:13:41,3131,25.1,100.0
2026-08-26 01:13:46,3132,25.1,100.0
2026-08-26 01:13:57,3135,25.1,100.0
2026-08-26 01:14:02,3139,25.1,100.0
2026-08-26 01:14:07,3141,25.1,100.0
2026-08-26 01:14:12,3140,25.1,100.0
2026-08-26 01:14:18,3143,25.1,100.0
2026-08-26 01:14:23,3147,25.1,100.0
2026-08-26 01:14:28,3169,25.1,100.0
2026-08-26 01:14:34,3175,25.1,100.0
2026-08-26 01:14:39,3205,25.1,100.0
2026-08-26 01:14:44,3209,25.1,100.0
2026-08-26 01:14:49,3228,25.1,100.0
2026-08-26 01:14:55,3230,25.1,100.0
2026-08-26 01:15:00,3232,25.1,100.0
2026-08-26 01:15:05,3235,25.1,100.0
2026-08-26 01:15:10,3238,25.1,100.0
2026-08-26 01:15:16,3242,25.1,100.0
2026-08-26 01:15:21,3245,25.1,100.0
2026-08-26 01:15:26,3261,25.1,100.0
2026-08-26 01:15:31,3263,25.1,100.0
2026-08-26 01:15:37,3266,25.1,100.0
2026-08-26 01:15:42,3276,25.1,100.0
2026-08-26 01:15:47,3278,25.1,100.0
2026-08-26 01:15:53,3282,25.1,100.0
2026-08-26 01:15:58,3286,25.1,100.0
2026-08-26 01:16:03,3288,25.1,100.0
2026-08-26 01:16:08,3291,25.1,100.0
2026-08-26 01:16:14,3312,25.1,100.0
2026-08-26 01:16:19,3326,25.1,100.0
2026-08-26 01:16:24,3329,25.1,100.0
2026-08-26 01:16:30,3331,25.1,100.0
2026-08-26 01:16:35,3335,25.1,100.0
2026-08-26 01:16:41,3339,25.1,100.0
2026-08-26 01:16:46,3340,25.1,100.0
2026-08-26 01:16:51,3341,25.1,100.0
2026-08-26 01:16:56,3344,25.1,100.0
2026-08-26 01:17:02,3346,25.1,100.0
2026-08-26 01:17:07,3348,25.1,100.0
2026-08-26 01:17:12,3349,25.1,100.0
2026-08-26 01:17:18,3350,25.1,100.0
2026-08-26 01:17:23,3354,25.1,100.0
2026-08-26 01:17:28,3358,25.1,100.0
2026-08-26 01:17:33,3359,25.1,100.0
2026-08-26 01:17:39,3362,25.1,100.0
2026-08-26 01:17:44,3367,25.1,100.0
2026-08-26 01:17:49,3371,25.1,100.0
2026-08-26 01:17:54,3378,25.1,100.0
2026-08-26 01:18:00,3375,25.1,100.0
2026-08-26 01:18:05,3380,25.1,100.0
2026-08-26 01:18:10,3381,25.1,100.0
2026-08-26 01:18:15,3383,25.1,100.0
2026-08-26 01:18:21,3384,25.1,100.0
2026-08-26 01:18:26,3385,25.1,100.0
2026-08-26 01:18:31,3388,25.1,100.0
2026-08-26 01:18:36,3389,25.1,100.0
2026-08-26 01:18:42,3391,25.1,100.0
2026-08-26 01:18:52,3394,25.1,100.0
2026-08-26 01:18:58,3397,25.1,100.0
2026-08-26 01:19:03,3404,25.1,100.0
2026-08-26 01:19:08,3402,25.1,100.0
2026-08-26 01:19:14,3403,25.1,100.0
2026-08-26 01:19:19,3410,25.1,100.0
2026-08-26 01:19:24,3412,25.1,100.0
2026-08-26 01:19:29,3416,25.1,100.0
2026-08-26 01:19:40,3420,25.1,100.0
2026-08-26 01:19:45,3419,25.1,100.0
2026-08-26 01:20:01,3423,25.1,100.0
2026-08-26 01:20:06,3426,25.1,100.0
2026-08-26 01:20:11,3430,25.2,100.0
2026-08-26 01:20:22,3431,25.1,100.0
2026-08-26 01:20:27,3434,25.2,100.0
2026-08-26 01:20:32,3432,25.2,100.0
2026-08-26 01:20:38,3433,25.2,100.0
2026-08-26 01:20:43,3437,25.1,100.0
2026-08-26 01:20:48,3436,25.2,100.0
2026-08-26 01:20:54,3435,25.2,100.0
2026-08-26 01:20:59,3438,25.2,100.0
2026-08-26 01:21:04,3439,25.2,100.0
2026-08-26 01:21:09,3440,25.1,100.0
2026-08-26 01:21:15,3438,25.2,100.0
2026-08-26 01:21:20,3441,25.2,100.0
2026-08-26 01:21:25,3440,25.2,100.0
2026-08-26 01:21:31,3442,25.2,100.0
2026-08-26 01:21:36,3441,25.1,100.0
2026-08-26 01:21:41,3439,25.2,100.0
2026-08-26 01:21:46,3437,25.2,100.0
2026-08-26 01:21:52,3440,25.2,100.0
2026-08-26 01:21:57,3442,25.2,100.0
2026-08-26 01:22:08,3446,25.2,100.0
2026-08-26 01:22:13,3447,25.2,100.0
2026-08-26 01:22:29,3448,25.2,100.0
2026-08-26 01:22:34,3449,25.2,100.0
2026-08-26 01:22:39,3451,25.2,100.0
2026-08-26 01:22:44,3449,25.2,100.0
2026-08-26 01:22:55,3447,25.2,100.0
2026-08-26 01:23:00,3444,25.2,100.0
2026-08-26 01:23:05,3446,25.2,100.0
2026-08-26 01:23:10,3444,25.2,100.0
2026-08-26 01:23:16,3441,25.2,100.0
2026-08-26 01:23:21,3439,25.2,100.0
2026-08-26 01:23:26,3440,25.2,100.0
2026-08-26 01:23:32,3441,25.2,100.0
2026-08-26 01:23:37,3437,25.2,100.0
2026-08-26 01:23:42,3435,25.2,100.0
2026-08-26 01:23:47,3436,25.2,100.0
2026-08-26 01:23:53,3435,25.2,100.0
2026-08-26 01:23:58,3436,25.2,100.0
2026-08-26 01:24:03,3434,25.2,100.0
2026-08-26 01:24:09,3435,25.2,100.0
2026-08-26 01:24:14,3433,25.2,100.0
2026-08-26 01:24:19,3432,25.2,100.0
2026-08-26 01:24:24,3433,25.2,100.0
2026-08-26 01:24:30,3435,25.2,100.0
2026-08-26 01:24:35,3439,25.2,100.0
2026-08-26 01:24:40,3437,25.2,100.0
2026-08-26 01:24:46,3436,25.2,100.0
2026-08-26 01:24:51,3435,25.2,100.0
2026-08-26 01:24:56,3433,25.2,100.0
2026-08-26 01:25:01,3431,25.2,100.0
2026-08-26 01:25:06,3430,25.2,100.0
2026-08-26 01:25:12,3432,25.2,100.0
2026-08-26 01:25:17,3430,25.2,100.0
2026-08-26 01:25:33,3428,25.2,100.0
2026-08-26 01:25:38,3425,25.2,100.0
2026-08-26 01:25:49,3423,25.2,100.0
2026-08-26 01:25:54,3418,25.2,100.0
2026-08-26 01:25:59,3416,25.2,100.0
2026-08-26 01:26:10,3415,25.2,100.0
2026-08-26 01:26:15,3413,25.2,100.0
2026-08-26 01:26:20,3412,25.2,100.0
2026-08-26 01:26:26,3410,25.2,100.0
2026-08-26 01:26:31,3411,25.2,100.0
2026-08-26 01:26:36,3408,25.2,100.0
2026-08-26 01:26:41,3407,25.2,100.0
2026-08-26 01:26:47,3403,25.3,100.0
2026-08-26 01:26:52,3400,25.2,100.0
2026-08-26 01:26:57,3401,25.2,100.0
2026-08-26 01:27:02,3400,25.3,100.0
2026-08-26 01:27:08,3401,25.3,100.0
2026-08-26 01:27:13,3402,25.2,100.0
2026-08-26 01:27:18,3401,25.2,100.0
2026-08-26 01:27:23,3404,25.2,100.0
2026-08-26 01:27:29,3401,25.2,100.0
2026-08-26 01:27:34,3398,25.3,100.0
2026-08-26 01:27:39,3395,25.3,100.0
2026-08-26 01:27:45,3396,25.3,100.0
2026-08-26 01:27:55,3394,25.3,100.0
2026-08-26 01:28:00,3396,25.3,100.0
2026-08-26 01:28:05,3395,25.3,100.0
2026-08-26 01:28:11,3393,25.3,100.0
2026-08-26 01:28:16,3394,25.3,100.0
2026-08-26 01:28:27,3395,25.3,100.0
2026-08-26 01:28:32,3393,25.3,100.0
2026-08-26 01:28:37,3391,25.3,100.0
2026-08-26 01:28:42,3389,25.3,100.0
2026-08-26 01:28:48,3387,25.3,100.0
2026-08-26 01:28:53,3383,25.3,100.0
2026-08-26 01:28:58,3380,25.3,100.0
2026-08-26 01:29:09,3377,25.3,100.0
2026-08-26 01:29:19,3375,25.3,100.0
2026-08-26 01:29:24,3379,25.3,100.0
2026-08-26 01:29:35,3377,25.3,100.0
2026-08-26 01:29:40,3380,25.3,100.0
2026-08-26 01:29:50,3379,25.3,100.0
2026-08-26 01:30:01,3375,25.3,100.0
2026-08-26 01:30:06,3374,25.3,100.0
2026-08-26 01:30:11,3371,25.3,100.0
2026-08-26 01:30:17,3368,25.3,100.0
2026-08-26 01:30:22,3367,25.3,100.0
2026-08-26 01:30:27,3368,25.3,100.0
2026-08-26 01:30:32,3369,25.3,100.0
2026-08-26 01:30:38,3370,25.3,100.0
2026-08-26 01:30:43,3371,25.3,100.0
2026-08-26 01:30:48,3372,25.3,100.0
2026-08-26 01:30:53,3370,25.3,100.0
2026-08-26 01:30:59,3368,25.3,100.0
2026-08-26 01:31:04,3366,25.3,100.0
2026-08-26 01:31:09,3365,25.3,100.0
2026-08-26 01:31:15,3362,25.3,100.0
2026-08-26 01:31:25,3359,25.3,100.0
2026-08-26 01:31:30,3357,25.4,100.0
2026-08-26 01:31:41,3355,25.4,100.0
2026-08-26 01:31:46,3353,25.4,100.0
2026-08-26 01:31:51,3351,25.3,100.0
2026-08-26 01:31:57,3353,25.4,100.0
2026-08-26 01:32:07,3351,25.4,100.0
2026-08-26 01:32:12,3353,25.3,100.0
2026-08-26 01:32:18,3352,25.4,100.0
2026-08-26 01:32:23,3354,25.4,100.0
2026-08-26 01:32:28,3352,25.4,100.0
2026-08-26 01:32:33,3350,25.4,100.0
2026-08-26 01:32:39,3349,25.4,100.0
2026-08-26 01:32:50,3346,25.4,100.0
2026-08-26 01:32:55,3345,25.4,100.0
2026-08-26 01:33:00,3341,25.4,100.0
2026-08-26 01:33:05,3339,25.4,100.0
2026-08-26 01:33:10,3341,25.4,100.0
2026-08-26 01:33:16,3344,25.4,100.0
2026-08-26 01:33:21,3343,25.4,100.0
2026-08-26 01:33:26,3342,25.4,100.0
2026-08-26 01:33:31,3340,25.4,100.0
2026-08-26 01:33:47,3339,25.4,100.0
2026-08-26 01:33:52,3341,25.4,100.0
2026-08-26 01:34:03,3342,25.4,100.0
2026-08-26 01:34:08,3339,25.4,100.0
2026-08-26 01:34:13,3340,25.4,100.0
2026-08-26 01:34:24,3342,25.4,100.0
2026-08-26 01:34:29,3339,25.4,100.0
2026-08-26 01:34:40,3337,25.4,100.0
2026-08-26 01:34:45,3338,25.4,100.0
2026-08-26 01:34:55,3335,25.4,100.0
2026-08-26 01:35:01,3334,25.4,100.0
2026-08-26 01:35:27,3333,25.4,100.0
2026-08-26 01:35:32,3331,25.4,100.0
2026-08-26 01:35:38,3329,25.5,100.0
2026-08-26 01:35:43,3326,25.5,100.0
2026-08-26 01:35:48,3325,25.4,100.0
2026-08-26 01:35:53,3324,25.4,100.0
2026-08-26 01:35:59,3323,25.4,100.0
2026-08-26 01:36:04,3322,25.5,100.0
2026-08-26 01:36:09,3321,25.5,100.0
2026-08-26 01:36:14,3320,25.4,100.0
2026-08-26 01:36:20,3319,25.5,100.0
2026-08-26 01:36:25,3321,25.5,100.0
2026-08-26 01:36:30,3320,25.5,100.0
2026-08-26 01:36:35,3321,25.5,100.0
2026-08-26 01:36:46,3318,25.5,100.0
2026-08-26 01:36:51,3319,25.5,100.0
2026-08-26 01:37:02,3318,25.5,100.0
2026-08-26 01:37:07,3316,25.5,100.0
2026-08-26 01:37:12,3317,25.5,100.0
2026-08-26 01:37:18,3315,25.5,100.0
2026-08-26 01:37:23,3314,25.5,100.0
2026-08-26 01:37:33,3312,25.5,100.0
2026-08-26 01:37:39,3316,25.5,100.0
2026-08-26 01:37:44,3315,25.5,100.0
2026-08-26 01:37:49,3316,25.5,100.0
2026-08-26 01:37:54,3319,25.5,100.0
2026-08-26 01:38:05,3322,25.5,100.0
2026-08-26 01:38:10,3321,25.5,100.0
2026-08-26 01:38:21,3320,25.5,100.0
2026-08-26 01:38:26,3322,25.6,100.0
2026-08-26 01:38:31,3323,25.5,100.0
2026-08-26 01:38:36,3321,25.5,100.0
2026-08-26 01:38:42,3320,25.5,100.0
2026-08-26 01:38:47,3317,25.5,100.0
2026-08-26 01:38:52,3313,25.6,100.0
2026-08-26 01:38:57,3311,25.6,100.0
2026-08-26 01:39:03,3317,25.5,100.0
2026-08-26 01:39:13,3316,25.6,100.0
2026-08-26 01:39:18,3317,25.6,100.0
2026-08-26 01:39:23,3316,25.6,100.0
2026-08-26 01:39:29,3315,25.6,100.0
2026-08-26 01:39:34,3316,25.6,100.0
2026-08-26 01:39:44,3319,25.6,100.0
2026-08-26 01:39:50,3320,25.6,100.0
2026-08-26 01:39:55,3321,25.6,100.0
2026-08-26 01:40:00,3325,25.6,100.0
2026-08-26 01:40:05,3322,25.6,100.0
2026-08-26 01:40:11,3323,25.6,100.0
2026-08-26 01:40:22,3324,25.6,100.0
2026-08-26 01:40:27,3325,25.6,100.0
2026-08-26 01:40:37,3323,25.6,100.0
2026-08-26 01:40:42,3322,25.6,100.0
2026-08-26 01:40:48,3320,25.7,100.0
2026-08-26 01:40:53,3321,25.6,100.0
2026-08-26 01:40:58,3320,25.7,100.0
2026-08-26 01:41:03,3321,25.6,100.0
2026-08-26 01:41:09,3320,25.7,100.0
2026-08-26 01:41:14,3315,25.7,100.0
2026-08-26 01:41:19,3313,25.6,100.0
2026-08-26 01:41:25,3312,25.7,100.0
2026-08-26 01:41:30,3315,25.7,100.0
2026-08-26 01:41:35,3316,25.7,100.0
2026-08-26 01:41:45,3317,25.7,100.0
2026-08-26 01:41:51,3315,25.7,100.0
2026-08-26 01:41:56,3318,25.7,100.0
2026-08-26 01:42:01,3315,25.7,100.0
2026-08-26 01:42:07,3318,25.7,100.0
2026-08-26 01:42:12,3317,25.7,100.0
2026-08-26 01:42:17,3316,25.7,100.0
2026-08-26 01:42:22,3312,25.7,100.0
2026-08-26 01:42:33,3311,25.7,100.0
2026-08-26 01:42:43,3312,25.7,100.0
2026-08-26 01:42:49,3308,25.7,100.0
2026-08-26 01:42:54,3306,25.7,100.0
2026-08-26 01:43:05,3308,25.7,100.0
2026-08-26 01:43:10,3307,25.7,100.0
2026-08-26 01:43:15,3306,25.7,100.0
2026-08-26 01:43:21,3304,25.7,100.0
2026-08-26 01:43:26,3301,25.7,100.0
2026-08-26 01:43:36,3308,25.7,100.0
2026-08-26 01:43:42,3307,25.7,100.0
2026-08-26 01:43:47,3308,25.8,100.0
2026-08-26 01:43:52,3306,25.8,100.0
2026-08-26 01:44:03,3303,25.8,100.0
2026-08-26 01:44:08,3301,25.8,100.0
2026-08-26 01:44:18,3298,25.8,100.0
2026-08-26 01:44:29,3297,25.8,100.0
2026-08-26 01:44:34,3300,25.8,100.0
2026-08-26 01:44:39,3302,25.8,100.0
2026-08-26 01:44:44,3300,25.8,100.0
2026-08-26 01:44:50,3301,25.8,100.0
2026-08-26 01:44:55,3302,25.8,100.0
2026-08-26 01:45:00,3300,25.8,100.0
2026-08-26 01:45:05,3302,25.8,100.0
2026-08-26 01:45:11,3301,25.8,100.0
2026-08-26 01:45:16,3299,25.8,100.0
2026-08-26 01:45:21,3296,25.8,100.0
2026-08-26 01:45:26,3299,25.8,100.0
2026-08-26 01:45:31,3302,25.8,100.0
2026-08-26 01:45:37,3304,25.8,100.0
2026-08-26 01:45:42,3301,25.8,100.0
2026-08-26 01:45:47,3303,25.8,100.0
2026-08-26 01:45:53,3306,25.8,100.0
2026-08-26 01:45:58,3302,25.8,100.0
2026-08-26 01:46:03,3301,25.9,100.0
2026-08-26 01:46:08,3303,25.9,100.0
2026-08-26 01:46:14,3306,25.9,100.0
2026-08-26 01:46:35,3307,25.9,100.0
2026-08-26 01:46:40,3306,25.9,100.0
2026-08-26 01:46:50,3307,25.9,100.0
2026-08-26 01:46:56,3304,25.9,100.0
2026-08-26 01:47:01,3306,25.9,100.0
2026-08-26 01:47:06,3303,25.9,100.0
2026-08-26 01:47:11,3304,25.9,100.0
2026-08-26 01:47:17,3306,25.9,100.0
2026-08-26 01:47:22,3304,25.9,100.0
2026-08-26 01:47:27,3303,25.9,100.0
2026-08-26 01:47:33,3304,25.9,100.0
2026-08-26 01:47:59,3306,25.9,100.0
2026-08-26 01:48:04,3307,25.9,100.0
2026-08-26 01:48:09,3308,26.0,100.0
2026-08-26 01:48:15,3307,26.0,100.0
2026-08-26 01:48:20,3306,26.0,100.0
2026-08-26 01:48:25,3305,26.0,100.0
2026-08-26 01:48:30,3303,26.0,100.0
2026-08-26 01:48:41,3304,26.0,100.0
2026-08-26 01:48:46,3306,26.0,100.0
2026-08-26 01:48:51,3307,26.0,100.0
2026-08-26 01:48:56,3306,26.0,99.9
2026-08-26 01:49:02,3307,26.0,99.9
2026-08-26 01:49:07,3306,26.0,99.9
2026-08-26 01:49:12,3304,26.0,99.9
2026-08-26 01:49:18,3309,26.0,99.9
2026-08-26 01:49:23,3310,26.0,99.8
2026-08-26 01:49:28,3311,26.0,99.8
2026-08-26 01:49:33,3306,26.0,99.8
2026-08-26 01:49:39,3308,26.0,99.8
2026-08-26 01:49:44,3310,26.1,99.8
2026-08-26 01:50:00,3309,26.1,99.7
2026-08-26 01:50:05,3306,26.1,99.7
2026-08-26 01:50:10,3305,26.1,99.7
2026-08-26 01:50:15,3307,26.1,99.6
2026-08-26 01:50:21,3309,26.1,99.6
2026-08-26 01:50:26,3308,26.1,99.6
2026-08-26 01:50:42,3310,26.1,99.6
2026-08-26 01:50:47,3312,26.1,99.5
2026-08-26 01:51:08,3314,26.1,99.5
2026-08-26 01:51:13,3311,26.1,99.4
2026-08-26 01:51:18,3312,26.1,99.4
2026-08-26 01:51:24,3315,26.2,99.4
2026-08-26 01:51:29,3311,26.2,99.4
2026-08-26 01:51:34,3312,26.2,99.3
2026-08-26 01:51:40,3313,26.2,99.3
2026-08-26 01:51:45,3315,26.2,99.3
2026-08-26 01:51:55,3319,26.2,99.2
2026-08-26 01:52:06,3320,26.2,99.2
2026-08-26 01:52:11,3318,26.2,99.2
2026-08-26 01:52:32,3316,26.2,99.0
2026-08-26 01:52:37,3318,26.2,98.9
2026-08-26 01:52:42,3319,26.2,98.9
2026-08-26 01:52:48,3322,26.3,98.9
2026-08-26 01:52:53,3324,26.3,98.9
2026-08-26 01:52:58,3325,26.2,98.8
2026-08-26 01:53:04,3328,26.3,98.8
2026-08-26 01:53:09,3329,26.3,98.7
2026-08-26 01:53:14,3328,26.3,98.7
2026-08-26 01:53:19,3330,26.3,98.7
2026-08-26 01:53:24,3328,26.3,98.7
2026-08-26 01:53:35,3327,26.3,98.6
2026-08-26 01:53:56,3323,26.4,98.5
2026-08-26 01:54:01,3321,26.3,98.5
2026-08-26 01:54:06,3324,26.3,98.4
2026-08-26 01:54:12,3323,26.3,98.4
2026-08-26 01:54:22,3319,26.3,98.4
2026-08-26 01:54:27,3321,26.4,98.4
2026-08-26 01:54:33,3318,26.4,98.3
2026-08-26 01:54:38,3317,26.4,98.3
2026-08-26 01:54:49,3318,26.4,98.3
2026-08-26 01:54:54,3315,26.4,98.2
2026-08-26 01:54:59,3316,26.4,98.2
2026-08-26 01:55:10,3313,26.4,98.2
2026-08-26 01:55:15,3311,26.4,98.2
2026-08-26 01:55:20,3307,26.4,98.2
2026-08-26 01:55:26,3311,26.4,98.1
2026-08-26 01:55:31,3310,26.4,98.1
2026-08-26 01:55:41,3311,26.4,98.1
2026-08-26 01:55:46,3312,26.4,98.0
2026-08-26 01:55:52,3311,26.4,98.1
2026-08-26 01:56:02,3309,26.4,98.0
2026-08-26 01:56:13,3310,26.4,98.0
2026-08-26 01:56:18,3312,26.4,98.0
2026-08-26 01:56:28,3313,26.4,98.0
2026-08-26 01:56:34,3310,26.4,97.9
2026-08-26 01:56:44,3312,26.4,97.9
2026-08-26 01:56:50,3311,26.4,97.9
2026-08-26 01:56:55,3309,26.5,97.9
2026-08-26 01:57:00,3311,26.5,97.9
2026-08-26 01:57:05,3310,26.4,97.9
2026-08-26 01:57:11,3309,26.5,97.9
2026-08-26 01:57:16,3310,26.5,97.8
2026-08-26 01:57:21,3308,26.4,97.8
2026-08-26 01:57:26,3311,26.5,97.8
2026-08-26 01:57:32,3315,26.5,97.8
2026-08-26 01:57:37,3317,26.5,97.8
2026-08-26 01:57:47,3313,26.5,97.8
2026-08-26 01:57:52,3311,26.5,97.8
2026-08-26 01:57:58,3312,26.5,97.7
2026-08-26 01:58:03,3311,26.5,97.7
2026-08-26 01:58:08,3314,26.5,97.7
2026-08-26 01:58:13,3313,26.5,97.7
2026-08-26 01:58:19,3316,26.5,97.7
2026-08-26 01:58:24,3315,26.5,97.7
2026-08-26 01:58:29,3317,26.5,97.7
2026-08-26 01:58:35,3321,26.5,97.7
2026-08-26 01:58:40,3323,26.5,97.6
2026-08-26 01:58:45,3325,26.5,97.7
2026-08-26 01:58:50,3327,26.5,97.6
2026-08-26 01:58:56,3332,26.5,97.6
2026-08-26 01:59:01,3331,26.5,97.6
2026-08-26 01:59:06,3329,26.5,97.6
2026-08-26 01:59:17,3330,26.5,97.6
2026-08-26 01:59:22,3331,26.5,97.6
2026-08-26 01:59:27,3335,26.5,97.5
2026-08-26 01:59:32,3336,26.5,97.5
2026-08-26 01:59:43,3338,26.5,97.5
2026-08-26 01:59:48,3340,26.5,97.5
2026-08-26 01:59:53,3339,26.5,97.5
2026-08-26 02:00:04,3336,26.5,97.5
2026-08-26 02:00:09,3337,26.5,97.5
2026-08-26 02:00:15,3334,26.5,97.5
2026-08-26 02:00:20,3336,26.5,97.5
2026-08-26 02:00:31,3338,26.5,97.4
2026-08-26 02:00:36,3337,26.5,97.5
2026-08-26 02:00:41,3335,26.5,97.4
2026-08-26 02:00:47,3337,26.5,97.4
2026-08-26 02:00:52,3336,26.5,97.4
2026-08-26 02:00:57,3337,26.5,97.4
2026-08-26 02:01:08,3336,26.5,97.4
2026-08-26 02:01:13,3335,26.5,97.4
2026-08-26 02:01:18,3337,26.5,97.4
2026-08-26 02:01:23,3335,26.5,97.4
2026-08-26 02:01:44,3336,26.5,97.3
2026-08-26 02:01:55,3335,26.5,97.4
2026-08-26 02:02:00,3334,26.5,97.3
2026-08-26 02:02:06,3335,26.5,97.3
2026-08-26 02:02:11,3334,26.5,97.3
2026-08-26 02:02:21,3336,26.5,97.3
2026-08-26 02:02:26,3334,26.6,97.3
2026-08-26 02:02:32,3332,26.5,97.3
2026-08-26 02:02:42,3335,26.5,97.3
2026-08-26 02:02:48,3337,26.5,97.2
2026-08-26 02:02:53,3338,26.5,97.2
2026-08-26 02:02:58,3336,26.5,97.2
2026-08-26 02:03:14,3338,26.6,97.2
2026-08-26 02:03:19,3340,26.5,97.2
2026-08-26 02:03:25,3339,26.6,97.2
2026-08-26 02:03:30,3342,26.6,97.2
2026-08-26 02:03:41,3341,26.6,97.2
2026-08-26 02:03:46,3343,26.6,97.2
2026-08-26 02:03:51,3342,26.6,97.1
2026-08-26 02:03:57,3340,26.6,97.1
2026-08-26 02:04:02,3341,26.6,97.1
2026-08-26 02:04:12,3344,26.6,97.1
2026-08-26 02:04:23,3343,26.6,97.1
2026-08-26 02:04:28,3345,26.6,97.1
2026-08-26 02:04:33,3344,26.6,97.1
2026-08-26 02:04:38,3348,26.6,97.1
2026-08-26 02:04:54,3347,26.6,97.0
2026-08-26 02:04:59,3345,26.6,97.0
2026-08-26 02:05:05,3344,26.6,97.0
2026-08-26 02:05:10,3346,26.6,97.0
2026-08-26 02:05:15,3347,26.6,97.0
2026-08-26 02:05:21,3349,26.6,97.0
2026-08-26 02:05:26,3352,26.6,97.0
2026-08-26 02:05:31,3354,26.6,97.0
2026-08-26 02:05:47,3355,26.6,96.9
2026-08-26 02:05:52,3357,26.6,96.9
2026-08-26 02:05:57,3358,26.6,96.9
2026-08-26 02:06:03,3359,26.6,96.9
2026-08-26 02:06:08,3357,26.6,96.9
2026-08-26 02:06:13,3359,26.6,96.9
2026-08-26 02:06:18,3358,26.6,96.9
2026-08-26 02:06:24,3362,26.6,96.9
2026-08-26 02:06:29,3361,26.7,96.9
2026-08-26 02:06:45,3354,26.6,96.9
2026-08-26 02:06:50,3357,26.6,96.9
2026-08-26 02:07:01,3358,26.7,96.9
2026-08-26 02:07:06,3359,26.7,96.8
2026-08-26 02:07:11,3361,26.6,96.8
2026-08-26 02:07:16,3359,26.6,96.8
2026-08-26 02:07:22,3360,26.7,96.8
2026-08-26 02:07:32,3361,26.7,96.8
2026-08-26 02:07:37,3360,26.7,96.8
2026-08-26 02:07:43,3362,26.7,96.8
2026-08-26 02:07:48,3358,26.7,96.8
2026-08-26 02:07:53,3363,26.7,96.8
2026-08-26 02:07:58,3364,26.7,96.8
2026-08-26 02:08:04,3365,26.6,96.8
2026-08-26 02:08:09,3364,26.6,96.8
2026-08-26 02:08:14,3366,26.7,96.8
2026-08-26 02:08:25,3364,26.7,96.8
2026-08-26 02:08:30,3366,26.7,96.7
2026-08-26 02:08:35,3367,26.7,96.7
2026-08-26 02:08:41,3370,26.7,96.8
2026-08-26 02:08:51,3371,26.6,96.7
2026-08-26 02:09:01,3369,26.7,96.7
2026-08-26 02:09:07,3368,26.7,96.7
2026-08-26 02:09:12,3369,26.7,96.7
2026-08-26 02:09:17,3365,26.7,96.7
2026-08-26 02:09:23,3369,26.7,96.7
2026-08-26 02:09:28,3371,26.7,96.7
2026-08-26 02:09:33,3370,26.7,96.7
2026-08-26 02:09:39,3371,26.7,96.7
2026-08-26 02:09:44,3368,26.7,96.7
2026-08-26 02:09:49,3367,26.7,96.7
2026-08-26 02:09:54,3366,26.7,96.7
2026-08-26 02:10:00,3368,26.7,96.7
2026-08-26 02:10:05,3364,26.7,96.7
2026-08-26 02:10:10,3365,26.7,96.7
2026-08-26 02:10:26,3367,26.7,96.7
2026-08-26 02:10:31,3370,26.7,96.6
2026-08-26 02:10:36,3372,26.7,96.7
2026-08-26 02:10:42,3373,26.7,96.7
2026-08-26 02:10:52,3375,26.7,96.6
2026-08-26 02:11:03,3371,26.7,96.6
2026-08-26 02:11:14,3372,26.7,96.6
2026-08-26 02:11:19,3371,26.7,96.6
2026-08-26 02:11:24,3372,26.7,96.6
2026-08-26 02:11:29,3371,26.7,96.6
2026-08-26 02:11:40,3368,26.7,96.6
2026-08-26 02:11:45,3371,26.7,96.6
2026-08-26 02:11:50,3370,26.7,96.6
2026-08-26 02:11:56,3373,26.7,96.6
2026-08-26 02:12:01,3374,26.7,96.6
2026-08-26 02:12:12,3371,26.7,96.6
2026-08-26 02:12:17,3372,26.7,96.6
2026-08-26 02:12:22,3370,26.7,96.6
2026-08-26 02:12:27,3372,26.7,96.5
2026-08-26 02:12:38,3375,26.7,96.6
2026-08-26 02:12:48,3377,26.7,96.6
2026-08-26 02:12:59,3378,26.7,96.6
2026-08-26 02:13:04,3377,26.7,96.5
2026-08-26 02:13:09,3375,26.7,96.5
2026-08-26 02:13:15,3374,26.7,96.5
2026-08-26 02:13:20,3376,26.7,96.6
2026-08-26 02:13:25,3374,26.7,96.5
2026-08-26 02:13:30,3376,26.7,96.5
2026-08-26 02:13:41,3374,26.7,96.6
2026-08-26 02:13:46,3373,26.7,96.5
2026-08-26 02:13:52,3374,26.7,96.5
2026-08-26 02:13:57,3376,26.7,96.5
2026-08-26 02:14:02,3379,26.7,96.5
2026-08-26 02:14:07,3378,26.7,96.5
2026-08-26 02:14:13,3379,26.7,96.5
2026-08-26 02:14:18,3378,26.7,96.5
2026-08-26 02:14:23,3380,26.7,96.5
2026-08-26 02:14:28,3384,26.7,96.5
2026-08-26 02:14:34,3386,26.7,96.5
2026-08-26 02:14:39,3384,26.7,96.5
2026-08-26 02:14:49,3386,26.7,96.5
2026-08-26 02:14:54,3387,26.7,96.5
2026-08-26 02:15:05,3386,26.7,96.5
2026-08-26 02:15:10,3385,26.7,96.5
2026-08-26 02:15:21,3383,26.7,96.5
2026-08-26 02:15:26,3385,26.7,96.5
2026-08-26 02:15:31,3383,26.7,96.5
2026-08-26 02:15:36,3382,26.7,96.5
2026-08-26 02:15:42,3380,26.7,96.5
2026-08-26 02:15:47,3385,26.7,96.4
2026-08-26 02:15:52,3384,26.7,96.5
2026-08-26 02:15:58,3386,26.7,96.5
2026-08-26 02:16:03,3388,26.7,96.5
2026-08-26 02:16:13,3384,26.7,96.5
2026-08-26 02:16:18,3383,26.7,96.5
2026-08-26 02:16:24,3387,26.7,96.5
2026-08-26 02:16:29,3390,26.7,96.4
2026-08-26 02:16:34,3388,26.7,96.4
2026-08-26 02:16:40,3386,26.7,96.4
2026-08-26 02:16:45,3385,26.7,96.5
2026-08-26 02:16:55,3384,26.7,96.5
2026-08-26 02:17:00,3386,26.7,96.4
2026-08-26 02:17:06,3387,26.7,96.5
2026-08-26 02:17:11,3386,26.7,96.4
2026-08-26 02:17:16,3387,26.7,96.4
2026-08-26 02:17:27,3385,26.7,96.4
2026-08-26 02:17:37,3381,26.7,96.4
2026-08-26 02:17:53,3383,26.7,96.4
2026-08-26 02:18:03,3382,26.7,96.4
2026-08-26 02:18:09,3384,26.7,96.4
2026-08-26 02:18:14,3385,26.7,96.4
2026-08-26 02:18:19,3387,26.7,96.4
2026-08-26 02:18:35,3386,26.7,96.4
2026-08-26 02:18:40,3384,26.7,96.4
2026-08-26 02:18:45,3388,26.7,96.4
2026-08-26 02:18:51,3386,26.7,96.4
2026-08-26 02:18:56,3387,26.7,96.4
2026-08-26 02:19:12,3385,26.7,96.4
2026-08-26 02:19:17,3383,26.7,96.4
2026-08-26 02:19:22,3386,26.7,96.4
2026-08-26 02:19:28,3388,26.7,96.4
2026-08-26 02:19:33,3387,26.7,96.4
2026-08-26 02:19:38,3388,26.7,96.4
2026-08-26 02:19:43,3390,26.7,96.4
2026-08-26 02:19:49,3389,26.7,96.4
2026-08-26 02:19:54,3383,26.7,96.3
2026-08-26 02:19:59,3382,26.7,96.4
2026-08-26 02:20:04,3385,26.7,96.4
2026-08-26 02:20:10,3388,26.7,96.4
2026-08-26 02:20:15,3390,26.7,96.4
2026-08-26 02:20:20,3391,26.7,96.4
2026-08-26 02:20:31,3390,26.7,96.4
2026-08-26 02:20:36,3389,26.7,96.4
2026-08-26 02:20:41,3388,26.7,96.4
2026-08-26 02:20:52,3387,26.7,96.4
2026-08-26 02:20:57,3389,26.7,96.4
2026-08-26 02:21:08,3393,26.7,96.3
2026-08-26 02:21:13,3394,26.7,96.3
2026-08-26 02:21:18,3396,26.7,96.3
2026-08-26 02:21:34,3395,26.7,96.4
2026-08-26 02:21:45,3398,26.7,96.3
2026-08-26 02:21:50,3400,26.7,96.4
2026-08-26 02:21:55,3401,26.7,96.3
2026-08-26 02:22:00,3404,26.7,96.4
2026-08-26 02:22:06,3406,26.7,96.3
2026-08-26 02:22:16,3407,26.7,96.3
2026-08-26 02:22:27,3408,26.7,96.3
2026-08-26 02:22:37,3410,26.7,96.3
2026-08-26 02:22:53,3409,26.7,96.3
2026-08-26 02:22:59,3406,26.7,96.3
2026-08-26 02:23:09,3405,26.7,96.3
2026-08-26 02:23:14,3403,26.7,96.3
2026-08-26 02:23:25,3400,26.7,96.3
2026-08-26 02:23:30,3399,26.7,96.3
2026-08-26 02:23:35,3397,26.7,96.3
2026-08-26 02:23:40,3396,26.7,96.3
2026-08-26 02:23:46,3397,26.7,96.3
2026-08-26 02:23:51,3398,26.7,96.3
2026-08-26 02:23:56,3403,26.7,96.3
2026-08-26 02:24:01,3404,26.7,96.3
2026-08-26 02:24:12,3400,26.7,96.3
2026-08-26 02:24:17,3401,26.7,96.3
2026-08-26 02:24:22,3397,26.7,96.3
2026-08-26 02:24:33,3396,26.7,96.3
2026-08-26 02:24:38,3391,26.7,96.3
2026-08-26 02:24:49,3390,26.7,96.3
2026-08-26 02:24:54,3393,26.7,96.3
2026-08-26 02:24:59,3392,26.7,96.3
2026-08-26 02:25:05,3393,26.7,96.3
2026-08-26 02:25:10,3395,26.7,96.3
2026-08-26 02:25:20,3394,26.7,96.3
2026-08-26 02:25:26,3395,26.7,96.3
2026-08-26 02:25:36,3394,26.7,96.3
2026-08-26 02:25:41,3393,26.7,96.3
2026-08-26 02:25:47,3395,26.7,96.3
2026-08-26 02:25:52,3396,26.7,96.3
2026-08-26 02:25:57,3398,26.7,96.3
2026-08-26 02:26:03,3403,26.7,96.3
2026-08-26 02:26:08,3406,26.7,96.3
2026-08-26 02:26:18,3399,26.7,96.3
2026-08-26 02:26:24,3397,26.7,96.3
2026-08-26 02:26:39,3400,26.7,96.2
2026-08-26 02:26:45,3403,26.7,96.3
2026-08-26 02:27:01,3399,26.7,96.3
2026-08-26 02:27:06,3401,26.7,96.3
2026-08-26 02:27:11,3402,26.7,96.3
2026-08-26 02:27:22,3403,26.7,96.3
2026-08-26 02:27:32,3404,26.7,96.2
2026-08-26 02:27:37,3398,26.7,96.2
2026-08-26 02:27:43,3399,26.7,96.3
2026-08-26 02:27:48,3397,26.7,96.3
2026-08-26 02:28:04,3395,26.7,96.3
2026-08-26 02:28:20,3393,26.7,96.2
2026-08-26 02:28:25,3392,26.7,96.3
2026-08-26 02:28:36,3393,26.7,96.2
2026-08-26 02:28:41,3395,26.7,96.2
2026-08-26 02:28:46,3396,26.7,96.2
2026-08-26 02:28:51,3393,26.7,96.3
2026-08-26 02:28:56,3392,26.7,96.2
2026-08-26 02:29:02,3390,26.7,96.2
2026-08-26 02:29:07,3391,26.7,96.3
2026-08-26 02:29:12,3393,26.7,96.3
2026-08-26 02:29:17,3392,26.7,96.2
2026-08-26 02:29:23,3391,26.7,96.2
2026-08-26 02:29:34,3393,26.7,96.3
2026-08-26 02:29:39,3389,26.7,96.2
2026-08-26 02:29:44,3388,26.7,96.2
2026-08-26 02:29:55,3391,26.7,96.2
2026-08-26 02:30:05,3392,26.7,96.2
2026-08-26 02:30:10,3394,26.7,96.3
2026-08-26 02:30:16,3396,26.7,96.3
2026-08-26 02:30:21,3395,26.7,96.2
2026-08-26 02:30:27,3394,26.7,96.2
2026-08-26 02:30:32,3392,26.7,96.2
2026-08-26 02:30:37,3391,26.7,96.2
2026-08-26 02:30:42,3392,26.7,96.2
2026-08-26 02:30:47,3391,26.7,96.2
2026-08-26 02:30:58,3385,26.7,96.2
2026-08-26 02:31:03,3381,26.7,96.2
2026-08-26 02:31:09,3335,26.7,96.2
2026-08-26 02:31:14,3317,26.7,96.2
2026-08-26 02:31:19,3314,26.7,96.2
2026-08-26 02:31:24,3312,26.7,96.2
2026-08-26 02:31:30,3310,26.7,96.2
2026-08-26 02:31:35,3308,26.7,96.2
2026-08-26 02:31:40,3305,26.7,96.2
2026-08-26 02:31:45,3301,26.7,96.2
2026-08-26 02:31:50,3296,26.7,96.2
2026-08-26 02:31:56,3293,26.7,96.2
2026-08-26 02:32:01,3291,26.7,96.2
2026-08-26 02:32:06,3286,26.7,96.2
2026-08-26 02:32:11,3284,26.7,96.2
2026-08-26 02:32:17,3281,26.7,96.2
2026-08-26 02:32:22,3277,26.7,96.2
2026-08-26 02:32:27,3276,26.7,96.2
2026-08-26 02:32:32,3277,26.7,96.2
2026-08-26 02:32:38,3278,26.7,96.2
2026-08-26 02:32:43,3275,26.7,96.2
2026-08-26 02:32:48,3270,26.7,96.2
2026-08-26 02:32:53,3268,26.7,96.2
2026-08-26 02:33:04,3264,26.7,96.2
2026-08-26 02:33:09,3259,26.7,96.2
2026-08-26 02:33:15,3252,26.7,96.2
2026-08-26 02:33:20,3251,26.7,96.2
2026-08-26 02:33:25,3250,26.7,96.2
2026-08-26 02:33:30,3246,26.7,96.2
2026-08-26 02:33:36,3245,26.7,96.2
2026-08-26 02:33:41,3242,26.7,96.2
2026-08-26 02:33:46,3239,26.7,96.2
2026-08-26 02:33:51,3238,26.7,96.2
2026-08-26 02:34:02,3239,26.7,96.2
2026-08-26 02:34:07,3241,26.7,96.2
2026-08-26 02:34:12,3243,26.7,96.2
2026-08-26 02:34:23,3242,26.7,96.2
2026-08-26 02:34:33,3240,26.7,96.2
2026-08-26 02:34:38,3241,26.7,96.2
2026-08-26 02:34:44,3240,26.7,96.2
2026-08-26 02:34:49,3238,26.7,96.2
2026-08-26 02:34:55,3240,26.7,96.2
2026-08-26 02:35:00,3241,26.7,96.2
2026-08-26 02:35:10,3239,26.7,96.1
2026-08-26 02:35:16,3236,26.7,96.2
2026-08-26 02:35:31,3234,26.7,96.2
2026-08-26 02:35:42,3233,26.7,96.2
2026-08-26 02:35:47,3235,26.7,96.2
2026-08-26 02:36:13,3232,26.7,96.2
2026-08-26 02:36:24,3230,26.7,96.2
2026-08-26 02:36:29,3232,26.7,96.2
2026-08-26 02:36:35,3230,26.7,96.2
2026-08-26 02:36:40,3232,26.7,96.2
2026-08-26 02:36:45,3234,26.7,96.2
2026-08-26 02:36:50,3237,26.7,96.2
2026-08-26 02:36:56,3238,26.7,96.2
2026-08-26 02:37:01,3239,26.7,96.2
2026-08-26 02:37:06,3238,26.7,96.2
2026-08-26 02:37:11,3239,26.7,96.1
2026-08-26 02:37:17,3235,26.7,96.2
2026-08-26 02:37:22,3237,26.7,96.1
2026-08-26 02:37:32,3238,26.7,96.1
2026-08-26 02:37:38,3236,26.7,96.2
2026-08-26 02:37:48,3237,26.7,96.1
2026-08-26 02:37:59,3238,26.7,96.1
2026-08-26 02:38:04,3241,26.7,96.2
2026-08-26 02:38:09,3238,26.7,96.2
2026-08-26 02:38:19,3240,26.7,96.2
2026-08-26 02:38:25,3243,26.7,96.1
2026-08-26 02:38:30,3244,26.7,96.1
2026-08-26 02:38:35,3246,26.7,96.1
2026-08-26 02:38:40,3247,26.7,96.1
2026-08-26 02:38:46,3245,26.7,96.1
2026-08-26 02:38:51,3244,26.7,96.2
2026-08-26 02:38:56,3245,26.7,96.1
2026-08-26 02:39:02,3247,26.7,96.1
2026-08-26 02:39:07,3245,26.7,96.1
2026-08-26 02:39:17,3242,26.7,96.1
2026-08-26 02:39:28,3241,26.7,96.1
2026-08-26 02:39:38,3239,26.7,96.1
2026-08-26 02:39:49,3240,26.7,96.1
2026-08-26 02:39:59,3239,26.7,96.1
2026-08-26 02:40:05,3242,26.7,96.1
2026-08-26 02:40:15,3240,26.7,96.1
2026-08-26 02:40:31,3241,26.7,96.1
2026-08-26 02:40:36,3239,26.7,96.1
2026-08-26 02:40:47,3238,26.7,96.1
2026-08-26 02:40:57,3237,26.7,96.1
2026-08-26 02:41:02,3239,26.7,96.1
2026-08-26 02:41:13,3236,26.7,96.1
2026-08-26 02:41:18,3237,26.7,96.1
2026-08-26 02:41:23,3235,26.7,96.1
2026-08-26 02:41:29,3230,26.7,96.1
2026-08-26 02:41:34,3229,26.7,96.2
2026-08-26 02:41:39,3230,26.7,96.1
2026-08-26 02:41:45,3232,26.7,96.1
2026-08-26 02:41:50,3235,26.7,96.1
2026-08-26 02:41:55,3234,26.7,96.1
2026-08-26 02:42:01,3232,26.7,96.1
2026-08-26 02:42:06,3234,26.7,96.1
2026-08-26 02:42:11,3235,26.7,96.1
2026-08-26 02:42:16,3232,26.7,96.1
2026-08-26 02:42:22,3235,26.7,96.1
2026-08-26 02:42:27,3234,26.7,96.1
2026-08-26 02:42:32,3232,26.7,96.1
2026-08-26 02:42:37,3233,26.7,96.1
2026-08-26 02:42:43,3236,26.7,96.1
2026-08-26 02:42:48,3238,26.7,96.1
2026-08-26 02:42:53,3235,26.7,96.2
2026-08-26 02:42:58,3234,26.7,96.1
2026-08-26 02:43:04,3239,26.7,96.1
2026-08-26 02:43:09,3238,26.7,96.1
2026-08-26 02:43:19,3237,26.7,96.1
2026-08-26 02:43:30,3236,26.7,96.1
2026-08-26 02:43:36,3238,26.7,96.1
2026-08-26 02:43:41,3239,26.7,96.1
2026-08-26 02:43:46,3236,26.7,96.1
2026-08-26 02:43:51,3237,26.7,96.1
2026-08-26 02:43:56,3233,26.7,96.1
2026-08-26 02:44:02,3237,26.7,96.1
2026-08-26 02:44:17,3236,26.7,96.1
2026-08-26 02:44:28,3235,26.7,96.1
2026-08-26 02:44:33,3237,26.7,96.1
2026-08-26 02:44:38,3238,26.7,96.1
2026-08-26 02:44:49,3239,26.7,96.1
2026-08-26 02:44:54,3242,26.7,96.1
2026-08-26 02:45:05,3244,26.7,96.1
2026-08-26 02:45:10,3246,26.7,96.1
2026-08-26 02:45:26,3248,26.7,96.1
2026-08-26 02:45:42,3249,26.7,96.1
2026-08-26 02:45:47,3251,26.7,96.1
2026-08-26 02:45:52,3250,26.7,96.1
2026-08-26 02:46:03,3257,26.7,96.1
2026-08-26 02:46:13,3258,26.7,96.1
2026-08-26 02:46:29,3257,26.7,96.1
2026-08-26 02:46:34,3254,26.7,96.1
2026-08-26 02:46:40,3255,26.7,96.1
2026-08-26 02:46:45,3252,26.7,96.1
2026-08-26 02:46:50,3251,26.7,96.1
2026-08-26 02:46:56,3253,26.7,96.1
2026-08-26 02:47:06,3252,26.7,96.1
2026-08-26 02:47:11,3254,26.7,96.1
2026-08-26 02:47:17,3257,26.7,96.0
2026-08-26 02:47:22,3258,26.7,96.1
2026-08-26 02:47:27,3255,26.7,96.1
2026-08-26 02:47:33,3258,26.7,96.1
2026-08-26 02:47:38,3260,26.7,96.1
2026-08-26 02:47:43,3263,26.7,96.1
2026-08-26 02:47:59,3264,26.7,96.0
2026-08-26 02:48:04,3263,26.7,96.0
2026-08-26 02:48:15,3265,26.7,96.1
2026-08-26 02:48:20,3268,26.7,96.1
2026-08-26 02:48:25,3264,26.7,96.1
2026-08-26 02:48:31,3262,26.7,96.1
2026-08-26 02:48:36,3265,26.7,96.1
2026-08-26 02:48:41,3266,26.7,96.1
2026-08-26 02:48:46,3264,26.7,96.1
2026-08-26 02:48:52,3266,26.7,96.1
2026-08-26 02:48:57,3267,26.7,96.1
2026-08-26 02:49:02,3270,26.7,96.0
2026-08-26 02:49:07,3267,26.7,96.1
2026-08-26 02:49:12,3269,26.7,96.1
2026-08-26 02:49:23,3273,26.7,96.0
2026-08-26 02:49:28,3274,26.7,96.1
2026-08-26 02:49:39,3277,26.7,96.1
2026-08-26 02:49:44,3279,26.7,96.1
2026-08-26 02:50:00,3283,26.7,96.1
2026-08-26 02:50:05,3285,26.7,96.0
2026-08-26 02:50:11,3282,26.7,96.0
2026-08-26 02:50:16,3283,26.7,96.1
2026-08-26 02:50:21,3282,26.7,96.0
2026-08-26 02:50:26,3283,26.7,96.0
2026-08-26 02:50:32,3282,26.7,96.0
2026-08-26 02:50:37,3281,26.7,96.0
2026-08-26 02:50:42,3279,26.7,96.0
2026-08-26 02:50:47,3280,26.7,96.0
2026-08-26 02:50:53,3279,26.7,96.0
2026-08-26 02:50:58,3280,26.7,96.0
2026-08-26 02:51:03,3281,26.7,96.0
2026-08-26 02:51:14,3282,26.7,96.0
2026-08-26 02:51:24,3280,26.7,96.0
2026-08-26 02:51:40,3282,26.8,96.0
2026-08-26 02:51:50,3280,26.7,96.0
2026-08-26 02:51:56,3281,26.7,96.0
2026-08-26 02:52:06,3282,26.7,96.0
2026-08-26 02:52:17,3284,26.7,96.0
2026-08-26 02:52:27,3283,26.7,96.0
2026-08-26 02:52:33,3284,26.7,96.0
2026-08-26 02:52:38,3286,26.7,95.9
2026-08-26 02:52:43,3289,26.7,96.0
2026-08-26 02:52:48,3292,26.8,96.0
2026-08-26 02:52:59,3291,26.7,96.0
2026-08-26 02:53:04,3290,26.7,96.0
2026-08-26 02:53:09,3291,26.7,96.0
2026-08-26 02:53:15,3290,26.7,96.0
2026-08-26 02:53:20,3292,26.7,96.0
2026-08-26 02:53:25,3293,26.7,96.0
2026-08-26 02:53:30,3291,26.7,95.9
2026-08-26 02:53:36,3290,26.7,95.9
2026-08-26 02:53:41,3289,26.7,96.0
2026-08-26 02:53:57,3290,26.7,95.9
2026-08-26 02:54:02,3288,26.8,95.9
2026-08-26 02:54:07,3290,26.7,95.9
2026-08-26 02:54:18,3293,26.8,95.9
2026-08-26 02:54:23,3289,26.7,95.9
2026-08-26 02:54:28,3294,26.7,95.9
2026-08-26 02:54:34,3293,26.7,95.9
2026-08-26 02:54:39,3295,26.7,95.9
2026-08-26 02:54:49,3296,26.7,96.0
2026-08-26 02:55:00,3298,26.7,95.9
2026-08-26 02:55:05,3296,26.7,95.9
2026-08-26 02:55:10,3298,26.7,95.9
2026-08-26 02:55:15,3302,26.7,95.9
2026-08-26 02:55:26,3301,26.7,95.9
2026-08-26 02:55:36,3303,26.8,96.0
2026-08-26 02:55:47,3304,26.8,95.9
2026-08-26 02:55:57,3305,26.7,95.9
2026-08-26 02:56:03,3304,26.7,95.9
2026-08-26 02:56:08,3303,26.7,95.9
2026-08-26 02:56:13,3304,26.7,95.9
2026-08-26 02:56:18,3308,26.7,95.9
2026-08-26 02:56:24,3309,26.7,95.9
2026-08-26 02:56:29,3311,26.8,95.9
2026-08-26 02:56:34,3310,26.8,95.9
2026-08-26 02:56:40,3309,26.7,95.9
2026-08-26 02:56:45,3307,26.7,95.9
2026-08-26 02:56:55,3308,26.7,95.9
2026-08-26 02:57:01,3306,26.7,95.9
2026-08-26 02:57:11,3308,26.7,95.9
2026-08-26 02:57:22,3305,26.7,95.9
2026-08-26 02:57:27,3304,26.7,95.9
2026-08-26 02:57:37,3303,26.8,95.9
2026-08-26 02:57:43,3301,26.8,95.9
2026-08-26 02:57:48,3298,26.7,95.9
2026-08-26 02:57:59,3300,26.7,95.9
2026-08-26 02:58:04,3297,26.7,95.9
2026-08-26 02:58:09,3298,26.7,95.9
2026-08-26 02:58:15,3299,26.7,95.8
2026-08-26 02:58:20,3300,26.7,95.9
2026-08-26 02:58:31,3299,26.7,95.9
2026-08-26 02:58:36,3304,26.8,95.9
2026-08-26 02:58:41,3305,26.7,95.9
2026-08-26 02:58:52,3304,26.8,95.9
2026-08-26 02:58:57,3306,26.8,95.9
2026-08-26 02:59:08,3307,26.7,95.9
2026-08-26 02:59:18,3305,26.7,95.9
2026-08-26 02:59:24,3303,26.7,95.9
2026-08-26 02:59:29,3306,26.7,95.9
2026-08-26 02:59:34,3308,26.7,95.9
2026-08-26 02:59:39,3309,26.7,95.9
2026-08-26 02:59:45,3307,26.7,95.8
2026-08-26 03:00:06,3308,26.8,95.9
2026-08-26 03:00:11,3309,26.7,95.9
2026-08-26 03:00:16,3308,26.7,95.9
2026-08-26 03:00:22,3312,26.7,95.9
2026-08-26 03:00:27,3314,26.7,95.9
2026-08-26 03:00:43,3313,26.7,95.9
2026-08-26 03:00:53,3316,26.7,95.9
2026-08-26 03:01:04,3315,26.7,95.9
2026-08-26 03:01:09,3314,26.7,95.9
2026-08-26 03:01:15,3315,26.8,95.9
2026-08-26 03:01:20,3320,26.7,95.8
2026-08-26 03:01:25,3321,26.7,95.9
2026-08-26 03:01:30,3323,26.7,95.9
2026-08-26 03:01:41,3322,26.7,95.9
2026-08-26 03:01:46,3323,26.7,95.9
2026-08-26 03:01:56,3319,26.7,95.9
2026-08-26 03:02:02,3323,26.8,95.9
2026-08-26 03:02:07,3325,26.7,95.9
2026-08-26 03:02:12,3326,26.7,95.9
2026-08-26 03:02:23,3333,26.7,95.9
2026-08-26 03:02:28,3332,26.7,95.9
2026-08-26 03:02:38,3333,26.7,95.9
2026-08-26 03:02:44,3335,26.7,95.9
2026-08-26 03:02:49,3334,26.7,95.9
2026-08-26 03:02:54,3335,26.7,95.9
2026-08-26 03:03:00,3338,26.7,95.9
2026-08-26 03:03:10,3341,26.7,95.8
2026-08-26 03:03:15,3339,26.7,95.8
2026-08-26 03:03:21,3340,26.7,95.9
2026-08-26 03:03:36,3342,26.7,95.9
2026-08-26 03:03:42,3341,26.7,95.9
2026-08-26 03:03:47,3340,26.7,95.9
2026-08-26 03:03:58,3344,26.7,95.9
2026-08-26 03:04:08,3345,26.7,95.9
2026-08-26 03:04:24,3344,26.7,95.8
2026-08-26 03:04:29,3345,26.7,95.9
2026-08-26 03:04:34,3342,26.7,95.8
2026-08-26 03:04:40,3338,26.7,95.8
2026-08-26 03:04:45,3336,26.7,95.8
2026-08-26 03:04:50,3333,26.8,95.9
2026-08-26 03:04:55,3334,26.7,95.8
2026-08-26 03:05:06,3333,26.7,95.9
2026-08-26 03:05:11,3335,26.8,95.9
2026-08-26 03:05:16,3334,26.7,95.9
2026-08-26 03:05:22,3336,26.8,95.9
2026-08-26 03:05:27,3337,26.7,95.9
2026-08-26 03:05:32,3335,26.7,95.8
2026-08-26 03:05:37,3336,26.7,95.9
2026-08-26 03:05:43,3340,26.7,95.8
2026-08-26 03:05:53,3343,26.7,95.9
2026-08-26 03:06:04,3345,26.7,95.8
2026-08-26 03:06:09,3346,26.7,95.8
2026-08-26 03:06:14,3344,26.7,95.9
2026-08-26 03:06:40,3340,26.8,95.9
2026-08-26 03:06:51,3339,26.7,95.8
2026-08-26 03:06:56,3338,26.7,95.9
2026-08-26 03:07:01,3340,26.7,95.9
2026-08-26 03:07:12,3342,26.7,95.8
2026-08-26 03:07:17,3345,26.7,95.9
2026-08-26 03:07:22,3343,26.7,95.8
2026-08-26 03:07:28,3345,26.7,95.8
2026-08-26 03:07:33,3347,26.7,95.9
2026-08-26 03:07:38,3348,26.7,95.9
2026-08-26 03:07:43,3346,26.7,95.9
2026-08-26 03:07:49,3345,26.7,95.8
2026-08-26 03:07:59,3348,26.7,95.9
2026-08-26 03:08:15,3347,26.7,95.9
2026-08-26 03:08:20,3350,26.7,95.8
2026-08-26 03:08:26,3348,26.7,95.9
2026-08-26 03:08:31,3347,26.7,95.9
2026-08-26 03:08:36,3350,26.7,95.8
2026-08-26 03:08:41,3349,26.7,95.9
2026-08-26 03:08:47,3350,26.7,95.8
2026-08-26 03:08:52,3346,26.7,95.8
2026-08-26 03:08:57,3344,26.7,95.9
2026-08-26 03:09:02,3350,26.7,95.9
2026-08-26 03:09:08,3349,26.7,95.9
2026-08-26 03:09:13,3352,26.7,95.9
2026-08-26 03:09:18,3351,26.7,95.9
2026-08-26 03:09:23,3353,26.7,95.9
2026-08-26 03:09:29,3352,26.7,95.8
2026-08-26 03:09:34,3354,26.7,95.8
2026-08-26 03:09:39,3359,26.7,95.8
2026-08-26 03:09:45,3361,26.7,95.9
2026-08-26 03:09:50,3359,26.7,95.8
2026-08-26 03:09:55,3360,26.7,95.8
2026-08-26 03:10:00,3359,26.7,95.8
2026-08-26 03:10:06,3361,26.7,95.8
2026-08-26 03:10:11,3363,26.7,95.8
2026-08-26 03:10:22,3366,26.8,95.9
2026-08-26 03:10:27,3364,26.7,95.8
2026-08-26 03:10:32,3366,26.7,95.8
2026-08-26 03:10:37,3367,26.7,95.8
2026-08-26 03:10:48,3365,26.7,95.8
2026-08-26 03:10:53,3369,26.7,95.8
2026-08-26 03:10:58,3370,26.7,95.9
2026-08-26 03:11:04,3371,26.7,95.8
2026-08-26 03:11:09,3373,26.7,95.8
2026-08-26 03:11:14,3370,26.7,95.9
2026-08-26 03:11:20,3372,26.7,95.8
2026-08-26 03:11:25,3370,26.7,95.9
2026-08-26 03:11:30,3373,26.7,95.8
2026-08-26 03:11:35,3374,26.7,95.9
2026-08-26 03:11:41,3379,26.7,95.9
2026-08-26 03:11:46,3384,26.7,95.8
2026-08-26 03:11:56,3383,26.7,95.8
2026-08-26 03:12:02,3384,26.7,95.9
2026-08-26 03:12:07,3386,26.7,95.9
2026-08-26 03:12:12,3385,26.7,95.9
2026-08-26 03:12:17,3389,26.7,95.8
2026-08-26 03:12:28,3391,26.7,95.8
2026-08-26 03:12:33,3393,26.7,95.9
2026-08-26 03:12:38,3392,26.7,95.8
2026-08-26 03:12:44,3395,26.7,95.8
2026-08-26 03:12:49,3399,26.7,95.8
2026-08-26 03:12:59,3398,26.7,95.8
2026-08-26 03:13:05,3397,26.7,95.9
2026-08-26 03:13:10,3398,26.7,95.9
2026-08-26 03:13:16,3397,26.7,95.8
2026-08-26 03:13:26,3396,26.7,95.8
2026-08-26 03:13:31,3392,26.7,95.8
2026-08-26 03:13:37,3393,26.7,95.9
2026-08-26 03:13:52,3395,26.7,95.8
2026-08-26 03:13:57,3393,26.7,95.9
2026-08-26 03:14:03,3392,26.7,95.8
2026-08-26 03:14:08,3393,26.7,95.9
2026-08-26 03:14:13,3398,26.7,95.8
2026-08-26 03:14:18,3394,26.7,95.8
2026-08-26 03:14:24,3397,26.7,95.8
2026-08-26 03:14:34,3398,26.7,95.8
2026-08-26 03:14:39,3399,26.7,95.9
2026-08-26 03:14:50,3400,26.7,95.8
2026-08-26 03:14:55,3398,26.7,95.9
2026-08-26 03:15:00,3400,26.7,95.8
2026-08-26 03:15:06,3397,26.7,95.8
2026-08-26 03:15:11,3398,26.7,95.9
2026-08-26 03:15:21,3399,26.7,95.8
2026-08-26 03:15:27,3398,26.7,95.8
2026-08-26 03:15:32,3402,26.7,95.8
2026-08-26 03:15:42,3403,26.7,95.9
2026-08-26 03:15:53,3402,26.7,95.8
2026-08-26 03:15:58,3404,26.7,95.8
2026-08-26 03:16:03,3401,26.7,95.8
2026-08-26 03:16:09,3402,26.7,95.8
2026-08-26 03:16:19,3401,26.7,95.8
2026-08-26 03:16:24,3402,26.7,95.8
2026-08-26 03:16:30,3403,26.7,95.8
2026-08-26 03:16:35,3404,26.7,95.8
2026-08-26 03:16:41,3402,26.7,95.8
2026-08-26 03:16:46,3401,26.7,95.8
2026-08-26 03:16:51,3404,26.7,95.8
2026-08-26 03:16:56,3406,26.7,95.8
2026-08-26 03:17:02,3409,26.7,95.8
2026-08-26 03:17:07,3407,26.7,95.8
2026-08-26 03:17:12,3409,26.7,95.8
2026-08-26 03:17:17,3411,26.7,95.8
2026-08-26 03:17:23,3412,26.7,95.8
2026-08-26 03:17:28,3411,26.7,95.8
2026-08-26 03:17:33,3414,26.7,95.9
2026-08-26 03:17:39,3415,26.7,95.8
2026-08-26 03:17:44,3414,26.7,95.8
2026-08-26 03:17:49,3416,26.7,95.9
2026-08-26 03:17:54,3414,26.7,95.8
2026-08-26 03:17:59,3415,26.7,95.8
2026-08-26 03:18:05,3417,26.7,95.8
2026-08-26 03:18:10,3416,26.7,95.8
2026-08-26 03:18:15,3417,26.7,95.8
2026-08-26 03:18:21,3415,26.7,95.8
2026-08-26 03:18:26,3414,26.7,95.8
2026-08-26 03:18:31,3413,26.7,95.8
2026-08-26 03:18:37,3412,26.7,95.8
2026-08-26 03:18:42,3410,26.8,95.8
2026-08-26 03:18:53,3412,26.7,95.8
2026-08-26 03:18:58,3413,26.7,95.8
2026-08-26 03:19:03,3408,26.7,95.8
2026-08-26 03:19:14,3412,26.7,95.9
2026-08-26 03:19:19,3411,26.7,95.9
2026-08-26 03:19:24,3415,26.7,95.8
2026-08-26 03:19:29,3416,26.7,95.9
2026-08-26 03:19:35,3414,26.7,95.8
2026-08-26 03:19:40,3412,26.7,95.8
2026-08-26 03:19:45,3410,26.7,95.8
2026-08-26 03:19:50,3409,26.7,95.8
2026-08-26 03:19:56,3410,26.7,95.8
2026-08-26 03:20:06,3412,26.7,95.8
2026-08-26 03:20:12,3413,26.7,95.8
2026-08-26 03:20:22,3417,26.7,95.8
2026-08-26 03:20:27,3418,26.7,95.8
2026-08-26 03:20:33,3415,26.7,95.8
2026-08-26 03:20:38,3412,26.7,95.8
2026-08-26 03:20:43,3413,26.7,95.8
2026-08-26 03:20:49,3411,26.7,95.8
2026-08-26 03:20:54,3410,26.7,95.8
2026-08-26 03:20:59,3415,26.7,95.8
2026-08-26 03:21:04,3414,26.7,95.8
2026-08-26 03:21:10,3419,26.7,95.8
2026-08-26 03:21:15,3420,26.7,95.8
2026-08-26 03:21:20,3419,26.7,95.8
2026-08-26 03:21:25,3417,26.7,95.8
2026-08-26 03:21:31,3419,26.7,95.8
2026-08-26 03:21:47,3421,26.7,95.8
2026-08-26 03:21:52,3422,26.7,95.8
2026-08-26 03:21:57,3420,26.7,95.8
2026-08-26 03:22:03,3421,26.7,95.8
2026-08-26 03:22:08,3420,26.7,95.8
2026-08-26 03:22:13,3418,26.7,95.8
2026-08-26 03:22:18,3421,26.7,95.8
2026-08-26 03:22:24,3425,26.7,95.8
2026-08-26 03:22:29,3422,26.7,95.8
2026-08-26 03:22:34,3421,26.7,95.8
2026-08-26 03:22:39,3420,26.7,95.8
2026-08-26 03:22:45,3422,26.7,95.8
2026-08-26 03:22:50,3424,26.7,95.8
2026-08-26 03:22:55,3421,26.7,95.8
2026-08-26 03:23:06,3420,26.7,95.8
2026-08-26 03:23:21,3421,26.7,95.8
2026-08-26 03:23:27,3424,26.7,95.8
2026-08-26 03:23:37,3426,26.7,95.8
2026-08-26 03:23:42,3427,26.7,95.8
2026-08-26 03:23:48,3423,26.7,95.8
2026-08-26 03:23:53,3428,26.7,95.8
2026-08-26 03:23:58,3427,26.7,95.8
2026-08-26 03:24:03,3428,26.7,95.8
2026-08-26 03:24:09,3433,26.7,95.8
2026-08-26 03:24:14,3437,26.7,95.8
2026-08-26 03:24:19,3436,26.7,95.8
2026-08-26 03:24:24,3434,26.7,95.8
2026-08-26 03:24:30,3431,26.7,95.8
2026-08-26 03:24:35,3430,26.7,95.8
2026-08-26 03:24:40,3432,26.7,95.8
2026-08-26 03:24:50,3430,26.7,95.8
2026-08-26 03:24:56,3431,26.7,95.8
2026-08-26 03:25:01,3432,26.7,95.8
2026-08-26 03:25:06,3435,26.7,95.8
2026-08-26 03:25:11,3437,26.7,95.8
2026-08-26 03:25:17,3436,26.7,95.8
2026-08-26 03:25:22,3434,26.7,95.8
2026-08-26 03:25:27,3433,26.7,95.8
2026-08-26 03:25:33,3436,26.7,95.8
2026-08-26 03:25:38,3438,26.7,95.8
2026-08-26 03:25:43,3437,26.7,95.8
2026-08-26 03:25:48,3436,26.7,95.8
2026-08-26 03:25:54,3432,26.7,95.8
2026-08-26 03:25:59,3433,26.7,95.8
2026-08-26 03:26:04,3434,26.7,95.8
2026-08-26 03:26:09,3433,26.7,95.8
2026-08-26 03:26:15,3430,26.7,95.8
2026-08-26 03:26:20,3427,26.7,95.8
2026-08-26 03:26:25,3429,26.7,95.8
2026-08-26 03:26:36,3431,26.7,95.8
2026-08-26 03:26:41,3430,26.7,95.8
2026-08-26 03:26:52,3427,26.7,95.8
2026-08-26 03:26:57,3426,26.7,95.8
2026-08-26 03:27:08,3428,26.7,95.9
2026-08-26 03:27:24,3429,26.7,95.8
2026-08-26 03:27:29,3431,26.7,95.8
2026-08-26 03:27:34,3434,26.7,95.8
2026-08-26 03:27:39,3435,26.7,95.8
2026-08-26 03:27:44,3433,26.7,95.8
2026-08-26 03:27:50,3430,26.7,95.8
2026-08-26 03:28:00,3427,26.7,95.8
2026-08-26 03:28:06,3429,26.7,95.8
2026-08-26 03:28:21,3430,26.7,95.8
2026-08-26 03:28:27,3429,26.7,95.8
2026-08-26 03:28:32,3428,26.7,95.8
2026-08-26 03:28:37,3429,26.7,95.8
2026-08-26 03:28:43,3434,26.7,95.8
2026-08-26 03:28:48,3436,26.7,95.8
2026-08-26 03:28:53,3437,26.7,95.8
2026-08-26 03:28:58,3440,26.7,95.8
2026-08-26 03:29:03,3441,26.7,95.8
2026-08-26 03:29:14,3442,26.7,95.8
2026-08-26 03:29:19,3438,26.7,95.8
2026-08-26 03:29:24,3437,26.7,95.8
2026-08-26 03:29:35,3436,26.7,95.8
2026-08-26 03:29:46,3437,26.7,95.8
2026-08-26 03:29:51,3436,26.7,95.8
2026-08-26 03:29:56,3439,26.7,95.8
2026-08-26 03:30:01,3437,26.7,95.8
2026-08-26 03:30:07,3435,26.7,95.8
2026-08-26 03:30:17,3437,26.7,95.8
2026-08-26 03:30:23,3433,26.7,95.8
2026-08-26 03:30:28,3434,26.7,95.8
2026-08-26 03:30:33,3433,26.7,95.8
2026-08-26 03:30:39,3432,26.7,95.8
2026-08-26 03:30:44,3435,26.7,95.8
2026-08-26 03:30:49,3434,26.7,95.8
2026-08-26 03:30:54,3435,26.7,95.8
2026-08-26 03:31:00,3434,26.7,95.8
2026-08-26 03:31:05,3436,26.7,95.8
2026-08-26 03:31:10,3437,26.7,95.8
2026-08-26 03:31:15,3436,26.7,95.8
2026-08-26 03:31:21,3435,26.7,95.8
2026-08-26 03:31:26,3434,26.7,95.8
2026-08-26 03:31:31,3437,26.7,95.8
2026-08-26 03:31:42,3440,26.7,95.8
2026-08-26 03:31:47,3444,26.7,95.8
2026-08-26 03:31:53,3447,26.7,95.8
2026-08-26 03:31:58,3446,26.7,95.8
2026-08-26 03:32:03,3443,26.7,95.8
2026-08-26 03:32:08,3444,26.7,95.8
2026-08-26 03:32:19,3447,26.7,95.8
2026-08-26 03:32:24,3445,26.7,95.7
2026-08-26 03:32:35,3441,26.7,95.8
2026-08-26 03:32:40,3444,26.7,95.8
2026-08-26 03:32:45,3443,26.7,95.8
2026-08-26 03:32:51,3442,26.7,95.8
2026-08-26 03:33:01,3441,26.7,95.8
2026-08-26 03:33:06,3439,26.7,95.8
2026-08-26 03:33:17,3440,26.7,95.8
2026-08-26 03:33:22,3439,26.7,95.8
2026-08-26 03:33:27,3442,26.7,95.8
2026-08-26 03:33:33,3445,26.7,95.8
2026-08-26 03:33:38,3446,26.7,95.8
2026-08-26 03:33:43,3448,26.7,95.8
2026-08-26 03:33:48,3449,26.7,95.8
2026-08-26 03:33:54,3451,26.7,95.8
2026-08-26 03:33:59,3454,26.7,95.8
2026-08-26 03:34:04,3452,26.7,95.8
2026-08-26 03:34:10,3451,26.7,95.8
2026-08-26 03:34:20,3453,26.7,95.8
2026-08-26 03:34:25,3455,26.7,95.8
2026-08-26 03:34:31,3458,26.7,95.8
2026-08-26 03:34:36,3455,26.7,95.8
2026-08-26 03:34:41,3456,26.7,95.7
2026-08-26 03:34:46,3457,26.7,95.8
2026-08-26 03:34:51,3461,26.7,95.8
2026-08-26 03:34:57,3462,26.7,95.8
2026-08-26 03:35:02,3458,26.7,95.8
2026-08-26 03:35:18,3456,26.7,95.8
2026-08-26 03:35:29,3458,26.7,95.8
2026-08-26 03:35:34,3460,26.7,95.8
2026-08-26 03:35:44,3459,26.7,95.8
2026-08-26 03:35:50,3455,26.7,95.8
2026-08-26 03:35:55,3451,26.7,95.8
2026-08-26 03:36:16,3450,26.7,95.8
2026-08-26 03:36:21,3448,26.7,95.8
2026-08-26 03:36:26,3447,26.7,95.7
2026-08-26 03:36:32,3448,26.7,95.8
2026-08-26 03:36:42,3446,26.7,95.8
2026-08-26 03:36:48,3442,26.7,95.8
2026-08-26 03:36:53,3444,26.7,95.8
2026-08-26 03:36:58,3446,26.7,95.8
2026-08-26 03:37:09,3445,26.7,95.8
2026-08-26 03:37:14,3449,26.7,95.8
2026-08-26 03:37:19,3450,26.7,95.8
2026-08-26 03:37:25,3449,26.7,95.8
2026-08-26 03:37:30,3452,26.7,95.8
2026-08-26 03:37:35,3454,26.7,95.8
2026-08-26 03:37:40,3455,26.7,95.8
2026-08-26 03:37:51,3454,26.7,95.8
2026-08-26 03:37:56,3455,26.7,95.8
2026-08-26 03:38:02,3452,26.7,95.8
2026-08-26 03:38:07,3454,26.7,95.8
2026-08-26 03:38:12,3455,26.7,95.8
2026-08-26 03:38:28,3456,26.7,95.8
2026-08-26 03:38:33,3455,26.7,95.8
2026-08-26 03:38:39,3454,26.7,95.8
2026-08-26 03:38:44,3459,26.7,95.8
2026-08-26 03:38:49,3463,26.7,95.8
2026-08-26 03:38:55,3460,26.7,95.8
2026-08-26 03:39:00,3459,26.7,95.8
2026-08-26 03:39:05,3460,26.7,95.8
2026-08-26 03:39:10,3459,26.7,95.8
2026-08-26 03:39:15,3460,26.7,95.8
2026-08-26 03:39:21,3459,26.7,95.8
2026-08-26 03:39:31,3458,26.7,95.8
2026-08-26 03:39:47,3459,26.7,95.8
2026-08-26 03:39:52,3460,26.7,95.8
2026-08-26 03:39:58,3459,26.7,95.8
2026-08-26 03:40:03,3461,26.7,95.8
2026-08-26 03:40:08,3460,26.7,95.7
2026-08-26 03:40:13,3461,26.7,95.8
2026-08-26 03:40:19,3462,26.7,95.8
2026-08-26 03:40:24,3461,26.7,95.8
2026-08-26 03:40:29,3460,26.7,95.8
2026-08-26 03:40:34,3462,26.7,95.8
2026-08-26 03:40:40,3459,26.7,95.8
2026-08-26 03:40:45,3462,26.7,95.8
2026-08-26 03:40:50,3461,26.7,95.8
2026-08-26 03:40:55,3460,26.7,95.8
2026-08-26 03:41:01,3463,26.7,95.8
2026-08-26 03:41:11,3468,26.7,95.8
2026-08-26 03:41:16,3471,26.7,95.8
2026-08-26 03:41:22,3472,26.7,95.8
2026-08-26 03:41:27,3474,26.7,95.8
2026-08-26 03:41:32,3470,26.7,95.8
2026-08-26 03:41:37,3469,26.7,95.7
2026-08-26 03:41:43,3468,26.7,95.8
2026-08-26 03:41:48,3469,26.7,95.8
2026-08-26 03:41:53,3471,26.7,95.8
2026-08-26 03:41:58,3470,26.7,95.8
2026-08-26 03:42:04,3471,26.7,95.8
2026-08-26 03:42:20,3470,26.7,95.8
2026-08-26 03:42:25,3471,26.7,95.8
2026-08-26 03:42:30,3474,26.7,95.8
2026-08-26 03:42:40,3469,26.7,95.8
2026-08-26 03:42:46,3467,26.7,95.8
2026-08-26 03:42:51,3466,26.7,95.8
2026-08-26 03:42:56,3467,26.7,95.8
2026-08-26 03:43:01,3469,26.7,95.8
2026-08-26 03:43:07,3471,26.7,95.8
2026-08-26 03:43:12,3473,26.7,95.8
2026-08-26 03:43:17,3469,26.7,95.7
2026-08-26 03:43:22,3471,26.7,95.8
2026-08-26 03:43:28,3470,26.7,95.7
2026-08-26 03:43:33,3469,26.7,95.8
2026-08-26 03:43:49,3468,26.7,95.8
2026-08-26 03:43:59,3470,26.7,95.8
2026-08-26 03:44:10,3473,26.7,95.8
2026-08-26 03:44:20,3476,26.7,95.8
2026-08-26 03:44:31,3477,26.7,95.7
2026-08-26 03:44:36,3479,26.7,95.8
2026-08-26 03:44:47,3480,26.7,95.8
2026-08-26 03:45:03,3482,26.7,95.8
2026-08-26 03:45:08,3480,26.7,95.8
2026-08-26 03:45:13,3483,26.7,95.8
2026-08-26 03:45:18,3482,26.7,95.7
2026-08-26 03:45:24,3480,26.7,95.8
2026-08-26 03:45:34,3479,26.7,95.8
2026-08-26 03:45:40,3480,26.7,95.8
2026-08-26 03:45:45,3479,26.7,95.8
2026-08-26 03:45:50,3477,26.7,95.8
2026-08-26 03:45:55,3478,26.7,95.8
2026-08-26 03:46:01,3480,26.7,95.8
2026-08-26 03:46:06,3481,26.7,95.8
2026-08-26 03:46:22,3482,26.7,95.7
2026-08-26 03:46:27,3483,26.7,95.8
2026-08-26 03:46:32,3481,26.7,95.7
2026-08-26 03:46:37,3483,26.7,95.8
2026-08-26 03:46:43,3479,26.7,95.7
2026-08-26 03:46:48,3478,26.7,95.8
2026-08-26 03:46:58,3480,26.7,95.8
2026-08-26 03:47:09,3484,26.7,95.8
2026-08-26 03:47:14,3483,26.7,95.8
2026-08-26 03:47:25,3484,26.7,95.8
2026-08-26 03:47:35,3481,26.7,95.8
2026-08-26 03:47:41,3483,26.7,95.8
2026-08-26 03:47:46,3482,26.7,95.7
2026-08-26 03:47:51,3483,26.7,95.7
2026-08-26 03:48:02,3485,26.7,95.7
2026-08-26 03:48:07,3486,26.7,95.8
2026-08-26 03:48:17,3487,26.7,95.8
2026-08-26 03:48:23,3489,26.7,95.8
2026-08-26 03:48:33,3490,26.7,95.7
2026-08-26 03:48:38,3491,26.7,95.8
2026-08-26 03:48:44,3490,26.7,95.8
2026-08-26 03:48:49,3492,26.7,95.8
2026-08-26 03:48:54,3490,26.7,95.8
2026-08-26 03:49:10,3489,26.7,95.7
2026-08-26 03:49:15,3485,26.7,95.7
2026-08-26 03:49:20,3486,26.7,95.8
2026-08-26 03:49:26,3484,26.7,95.8
2026-08-26 03:49:31,3485,26.7,95.7
2026-08-26 03:49:36,3487,26.7,95.7
2026-08-26 03:49:41,3488,26.7,95.7
2026-08-26 03:49:47,3489,26.7,95.7
2026-08-26 03:49:52,3491,26.7,95.7
2026-08-26 03:49:57,3489,26.7,95.8
2026-08-26 03:50:02,3491,26.7,95.7
2026-08-26 03:50:08,3492,26.7,95.7
2026-08-26 03:50:13,3494,26.7,95.7
2026-08-26 03:50:18,3496,26.7,95.8
2026-08-26 03:50:23,3498,26.7,95.8
2026-08-26 03:50:29,3499,26.7,95.8
2026-08-26 03:50:34,3501,26.7,95.8
2026-08-26 03:50:44,3503,26.7,95.7
2026-08-26 03:50:50,3501,26.7,95.8
2026-08-26 03:50:55,3497,26.7,95.7
2026-08-26 03:51:01,3495,26.7,95.8
2026-08-26 03:51:06,3490,26.7,95.7
2026-08-26 03:51:22,3489,26.7,95.7
2026-08-26 03:51:27,3486,26.7,95.7
2026-08-26 03:51:32,3488,26.7,95.7
2026-08-26 03:51:37,3487,26.7,95.8
2026-08-26 03:51:43,3488,26.7,95.7
2026-08-26 03:51:48,3489,26.7,95.7
2026-08-26 03:51:53,3490,26.7,95.7
2026-08-26 03:51:58,3488,26.7,95.7
2026-08-26 03:52:04,3487,26.7,95.7
2026-08-26 03:52:09,3484,26.7,95.7
2026-08-26 03:52:14,3481,26.7,95.7
2026-08-26 03:52:19,3482,26.7,95.7
2026-08-26 03:52:30,3483,26.7,95.7
2026-08-26 03:52:35,3490,26.7,95.8
2026-08-26 03:52:40,3491,26.7,95.7
2026-08-26 03:52:46,3493,26.7,95.7
2026-08-26 03:52:51,3491,26.7,95.7
2026-08-26 03:52:56,3493,26.7,95.8
2026-08-26 03:53:01,3492,26.7,95.7
2026-08-26 03:53:07,3496,26.7,95.7
2026-08-26 03:53:12,3498,26.7,95.7
2026-08-26 03:53:17,3493,26.7,95.7
2026-08-26 03:53:22,3494,26.7,95.7
2026-08-26 03:53:28,3493,26.7,95.7
2026-08-26 03:53:43,3494,26.7,95.7
2026-08-26 03:53:48,3495,26.7,95.7
2026-08-26 03:53:54,3498,26.7,95.8
2026-08-26 03:53:59,3499,26.7,95.7
2026-08-26 03:54:04,3498,26.7,95.8
2026-08-26 03:54:10,3501,26.7,95.7
2026-08-26 03:54:15,3500,26.7,95.7
2026-08-26 03:54:20,3501,26.7,95.7
2026-08-26 03:54:26,3500,26.7,95.7
2026-08-26 03:54:31,3501,26.7,95.7
2026-08-26 03:54:36,3503,26.7,95.7
2026-08-26 03:54:41,3501,26.7,95.7
2026-08-26 03:54:47,3504,26.7,95.7
2026-08-26 03:54:52,3508,26.7,95.7
2026-08-26 03:55:02,3509,26.7,95.7
2026-08-26 03:55:18,3512,26.7,95.7
2026-08-26 03:55:23,3510,26.7,95.7
2026-08-26 03:55:28,3508,26.7,95.7
2026-08-26 03:55:34,3507,26.7,95.7
2026-08-26 03:55:39,3504,26.7,95.7
2026-08-26 03:55:44,3506,26.7,95.8
2026-08-26 03:55:49,3507,26.7,95.8
2026-08-26 03:55:55,3503,26.7,95.7
2026-08-26 03:56:00,3497,26.7,95.8
2026-08-26 03:56:11,3498,26.7,95.7
2026-08-26 03:56:32,3496,26.7,95.8
2026-08-26 03:56:37,3498,26.7,95.7
2026-08-26 03:56:48,3499,26.7,95.7
2026-08-26 03:56:53,3502,26.7,95.7
2026-08-26 03:56:58,3506,26.7,95.7
2026-08-26 03:57:03,3508,26.7,95.7
2026-08-26 03:57:09,3507,26.7,95.7
2026-08-26 03:57:14,3508,26.7,95.7
2026-08-26 03:57:19,3510,26.7,95.7
2026-08-26 03:57:24,3509,26.7,95.7
2026-08-26 03:57:35,3511,26.7,95.7
2026-08-26 03:57:40,3509,26.7,95.7
2026-08-26 03:57:46,3510,26.7,95.7
2026-08-26 03:57:51,3513,26.7,95.7
2026-08-26 03:57:56,3514,26.7,95.7
2026-08-26 03:58:12,3513,26.7,95.7
2026-08-26 03:58:17,3514,26.7,95.7
2026-08-26 03:58:33,3517,26.7,95.7
2026-08-26 03:58:38,3519,26.7,95.7
2026-08-26 03:58:48,3521,26.7,95.7
2026-08-26 03:58:54,3517,26.7,95.7
2026-08-26 03:58:59,3515,26.7,95.7
2026-08-26 03:59:04,3517,26.7,95.7
2026-08-26 03:59:20,3515,26.7,95.7
2026-08-26 03:59:25,3516,26.7,95.7
2026-08-26 03:59:30,3519,26.7,95.7
2026-08-26 03:59:36,3520,26.7,95.8
2026-08-26 03:59:41,3522,26.7,95.7
2026-08-26 03:59:46,3519,26.7,95.7
2026-08-26 03:59:51,3521,26.7,95.8
2026-08-26 03:59:57,3522,26.7,95.7
2026-08-26 04:00:02,3521,26.7,95.7
2026-08-26 04:00:07,3520,26.7,95.7
2026-08-26 04:00:12,3521,26.7,95.7
2026-08-26 04:00:18,3520,26.7,95.7
2026-08-26 04:00:23,3521,26.7,95.7
2026-08-26 04:00:28,3519,26.7,95.7
2026-08-26 04:00:34,3517,26.7,95.7
2026-08-26 04:00:39,3515,26.7,95.7
2026-08-26 04:00:44,3517,26.7,95.7
2026-08-26 04:00:50,3518,26.7,95.7
2026-08-26 04:00:55,3514,26.7,95.7
2026-08-26 04:01:00,3515,26.7,95.7
2026-08-26 04:01:11,3514,26.7,95.7
2026-08-26 04:01:16,3516,26.7,95.7
2026-08-26 04:01:21,3518,26.7,95.7
2026-08-26 04:01:27,3522,26.7,95.7
2026-08-26 04:01:32,3523,26.7,95.7
2026-08-26 04:01:38,3522,26.7,95.7
2026-08-26 04:01:43,3521,26.7,95.7
2026-08-26 04:01:49,3520,26.7,95.7
2026-08-26 04:01:54,3521,26.7,95.7
2026-08-26 04:02:04,3523,26.7,95.7
2026-08-26 04:02:10,3525,26.7,95.7
2026-08-26 04:02:15,3527,26.7,95.7
2026-08-26 04:02:20,3528,26.7,95.7
2026-08-26 04:02:25,3527,26.7,95.7
2026-08-26 04:02:31,3530,26.7,95.7
2026-08-26 04:02:36,3528,26.7,95.7
2026-08-26 04:02:41,3527,26.7,95.7
2026-08-26 04:02:47,3526,26.7,95.7
2026-08-26 04:02:57,3527,26.7,95.7
2026-08-26 04:03:02,3524,26.7,95.7
2026-08-26 04:03:08,3523,26.7,95.8
2026-08-26 04:03:13,3522,26.7,95.7
2026-08-26 04:03:18,3523,26.7,95.7
2026-08-26 04:03:29,3525,26.7,95.7
2026-08-26 04:03:34,3524,26.7,95.7
2026-08-26 04:03:39,3523,26.7,95.7
2026-08-26 04:03:49,3527,26.7,95.7
2026-08-26 04:04:00,3528,26.7,95.7
2026-08-26 04:04:05,3526,26.7,95.7
2026-08-26 04:04:10,3523,26.7,95.7
2026-08-26 04:04:16,3522,26.7,95.7
2026-08-26 04:04:21,3521,26.6,95.7
2026-08-26 04:04:26,3523,26.7,95.7
2026-08-26 04:04:31,3521,26.7,95.7
2026-08-26 04:04:37,3523,26.7,95.7
2026-08-26 04:04:53,3524,26.7,95.7
2026-08-26 04:04:58,3522,26.7,95.7
2026-08-26 04:05:03,3523,26.7,95.7
2026-08-26 04:05:08,3524,26.7,95.7
2026-08-26 04:05:19,3523,26.7,95.7
2026-08-26 04:05:29,3526,26.7,95.7
2026-08-26 04:05:35,3525,26.7,95.7
2026-08-26 04:05:40,3526,26.6,95.7
2026-08-26 04:05:45,3527,26.7,95.7
2026-08-26 04:05:50,3530,26.7,95.7
2026-08-26 04:05:55,3529,26.7,95.7
2026-08-26 04:06:01,3531,26.7,95.7
2026-08-26 04:06:11,3532,26.7,95.7
2026-08-26 04:06:16,3533,26.7,95.7
2026-08-26 04:06:22,3532,26.7,95.7
2026-08-26 04:06:27,3533,26.7,95.7
2026-08-26 04:06:32,3534,26.7,95.7
2026-08-26 04:06:48,3536,26.7,95.7
2026-08-26 04:06:54,3537,26.7,95.7
2026-08-26 04:06:59,3540,26.7,95.7
2026-08-26 04:07:04,3537,26.7,95.7
2026-08-26 04:07:09,3538,26.7,95.7
2026-08-26 04:07:15,3536,26.7,95.7
2026-08-26 04:07:20,3537,26.7,95.7
2026-08-26 04:07:25,3538,26.7,95.7
2026-08-26 04:07:30,3540,26.7,95.7
2026-08-26 04:07:36,3539,26.7,95.7
2026-08-26 04:07:41,3541,26.7,95.7
2026-08-26 04:07:46,3537,26.7,95.7
2026-08-26 04:07:52,3538,26.7,95.7
2026-08-26 04:07:57,3537,26.7,95.7
2026-08-26 04:08:02,3539,26.7,95.7
2026-08-26 04:08:07,3543,26.7,95.7
2026-08-26 04:08:18,3541,26.7,95.7
2026-08-26 04:08:28,3540,26.7,95.7
2026-08-26 04:08:34,3537,26.7,95.7
2026-08-26 04:08:39,3538,26.7,95.7
2026-08-26 04:08:44,3539,26.7,95.7
2026-08-26 04:08:49,3538,26.7,95.7
2026-08-26 04:09:00,3536,26.6,95.7
2026-08-26 04:09:05,3534,26.7,95.7
2026-08-26 04:09:10,3535,26.7,95.7
2026-08-26 04:09:16,3533,26.7,95.7
2026-08-26 04:09:21,3531,26.7,95.7
2026-08-26 04:09:26,3532,26.7,95.7
2026-08-26 04:09:37,3534,26.7,95.7
2026-08-26 04:09:42,3536,26.6,95.7
2026-08-26 04:09:47,3533,26.7,95.7
2026-08-26 04:09:53,3531,26.7,95.7
2026-08-26 04:09:58,3530,26.7,95.7
2026-08-26 04:10:03,3531,26.7,95.7
2026-08-26 04:10:08,3533,26.7,95.7
2026-08-26 04:10:14,3532,26.7,95.7
2026-08-26 04:10:19,3534,26.7,95.7
2026-08-26 04:10:24,3533,26.7,95.7
2026-08-26 04:10:29,3534,26.7,95.7
2026-08-26 04:10:40,3535,26.7,95.7
2026-08-26 04:10:45,3537,26.7,95.7
2026-08-26 04:10:51,3534,26.7,95.7
2026-08-26 04:10:56,3535,26.7,95.7
2026-08-26 04:11:01,3539,26.7,95.7
2026-08-26 04:11:06,3541,26.7,95.7
2026-08-26 04:11:12,3543,26.7,95.7
2026-08-26 04:11:22,3542,26.7,95.7
2026-08-26 04:11:27,3544,26.7,95.7
2026-08-26 04:11:33,3547,26.7,95.7
2026-08-26 04:11:38,3545,26.7,95.7
2026-08-26 04:11:43,3546,26.7,95.7
2026-08-26 04:11:54,3549,26.7,95.7
2026-08-26 04:12:20,3545,26.6,95.7
2026-08-26 04:12:25,3547,26.7,95.7
2026-08-26 04:12:31,3545,26.7,95.7
2026-08-26 04:12:41,3542,26.7,95.7
2026-08-26 04:12:47,3540,26.7,95.6
2026-08-26 04:12:52,3539,26.7,95.7
2026-08-26 04:12:57,3538,26.7,95.7
2026-08-26 04:13:08,3539,26.7,95.7
2026-08-26 04:13:13,3537,26.7,95.7
2026-08-26 04:13:18,3539,26.7,95.7
2026-08-26 04:13:24,3540,26.7,95.7
2026-08-26 04:13:29,3541,26.7,95.7
2026-08-26 04:13:34,3537,26.7,95.7
2026-08-26 04:13:39,3535,26.6,95.7
2026-08-26 04:13:45,3539,26.7,95.7
2026-08-26 04:13:50,3541,26.6,95.7
2026-08-26 04:13:55,3542,26.7,95.7
2026-08-26 04:14:06,3543,26.7,95.7
2026-08-26 04:14:11,3541,26.6,95.7
2026-08-26 04:14:16,3539,26.7,95.7
2026-08-26 04:14:27,3536,26.7,95.7
2026-08-26 04:14:32,3537,26.7,95.7
2026-08-26 04:14:37,3535,26.6,95.7
2026-08-26 04:14:42,3534,26.6,95.7
2026-08-26 04:14:48,3532,26.7,95.7
2026-08-26 04:14:53,3533,26.6,95.7
2026-08-26 04:14:58,3537,26.6,95.7
2026-08-26 04:15:04,3538,26.7,95.7
2026-08-26 04:15:09,3537,26.7,95.7
2026-08-26 04:15:19,3540,26.6,95.7
2026-08-26 04:15:30,3542,26.6,95.7
2026-08-26 04:15:40,3538,26.7,95.7
2026-08-26 04:15:46,3536,26.7,95.7
2026-08-26 04:16:07,3535,26.7,95.7
2026-08-26 04:16:23,3534,26.7,95.7
2026-08-26 04:16:28,3537,26.7,95.7
2026-08-26 04:16:33,3536,26.7,95.7
2026-08-26 04:16:39,3537,26.7,95.7
2026-08-26 04:16:49,3535,26.7,95.7
2026-08-26 04:17:00,3536,26.6,95.7
2026-08-26 04:17:05,3533,26.7,95.7
2026-08-26 04:17:16,3534,26.7,95.7
2026-08-26 04:17:21,3538,26.6,95.7
2026-08-26 04:17:26,3540,26.6,95.7
2026-08-26 04:17:31,3536,26.6,95.7
2026-08-26 04:17:37,3533,26.6,95.7
2026-08-26 04:17:42,3530,26.7,95.6
2026-08-26 04:17:47,3532,26.7,95.7
2026-08-26 04:17:53,3533,26.7,95.7
2026-08-26 04:17:58,3536,26.7,95.7
2026-08-26 04:18:09,3534,26.7,95.7
2026-08-26 04:18:14,3533,26.6,95.7
2026-08-26 04:18:19,3534,26.7,95.7
2026-08-26 04:18:25,3532,26.7,95.7
2026-08-26 04:18:30,3533,26.7,95.7
2026-08-26 04:18:35,3532,26.7,95.7
2026-08-26 04:18:40,3534,26.7,95.7
2026-08-26 04:18:45,3535,26.7,95.7
2026-08-26 04:18:51,3538,26.6,95.7
2026-08-26 04:18:56,3540,26.6,95.6
2026-08-26 04:19:01,3541,26.6,95.6
2026-08-26 04:19:06,3542,26.7,95.7
2026-08-26 04:19:12,3544,26.7,95.6
2026-08-26 04:19:17,3546,26.7,95.7
2026-08-26 04:19:22,3542,26.6,95.7
2026-08-26 04:19:27,3537,26.7,95.7
2026-08-26 04:19:33,3538,26.6,95.7
2026-08-26 04:19:38,3539,26.7,95.7
2026-08-26 04:19:43,3538,26.7,95.7
2026-08-26 04:19:48,3541,26.7,95.7
2026-08-26 04:19:54,3540,26.6,95.7
2026-08-26 04:19:59,3537,26.6,95.7
2026-08-26 04:20:04,3535,26.7,95.7
2026-08-26 04:20:10,3533,26.7,95.7
2026-08-26 04:20:15,3531,26.6,95.7
2026-08-26 04:20:25,3528,26.7,95.7
2026-08-26 04:20:31,3529,26.6,95.7
2026-08-26 04:20:36,3527,26.7,95.7
2026-08-26 04:20:41,3529,26.6,95.7
2026-08-26 04:20:46,3532,26.6,95.6
2026-08-26 04:20:52,3533,26.6,95.7
2026-08-26 04:20:57,3528,26.6,95.7
2026-08-26 04:21:02,3531,26.7,95.7
2026-08-26 04:21:07,3535,26.7,95.7
2026-08-26 04:21:23,3538,26.7,95.7
2026-08-26 04:21:28,3539,26.6,95.7
2026-08-26 04:21:33,3540,26.6,95.7
2026-08-26 04:21:39,3541,26.7,95.7
2026-08-26 04:21:44,3539,26.6,95.6
2026-08-26 04:21:50,3538,26.6,95.7
2026-08-26 04:21:55,3539,26.7,95.7
2026-08-26 04:22:00,3541,26.7,95.7
2026-08-26 04:22:11,3539,26.6,95.7
2026-08-26 04:22:16,3537,26.6,95.7
2026-08-26 04:22:21,3538,26.6,95.7
2026-08-26 04:22:27,3536,26.6,95.7
2026-08-26 04:22:37,3534,26.7,95.7
2026-08-26 04:22:42,3536,26.6,95.6
2026-08-26 04:22:53,3534,26.7,95.7
2026-08-26 04:22:58,3535,26.7,95.6
2026-08-26 04:23:03,3537,26.6,95.6
2026-08-26 04:23:08,3539,26.6,95.7
2026-08-26 04:23:14,3540,26.6,95.6
2026-08-26 04:23:19,3537,26.6,95.7
2026-08-26 04:23:40,3540,26.6,95.7
2026-08-26 04:23:45,3539,26.6,95.6
2026-08-26 04:23:51,3537,26.7,95.7
2026-08-26 04:23:56,3535,26.7,95.7
2026-08-26 04:24:01,3533,26.6,95.7
2026-08-26 04:24:12,3532,26.7,95.6
2026-08-26 04:24:17,3533,26.6,95.7
2026-08-26 04:24:22,3535,26.7,95.7
2026-08-26 04:24:27,3538,26.6,95.7
2026-08-26 04:24:33,3541,26.6,95.6
2026-08-26 04:24:38,3540,26.6,95.6
2026-08-26 04:24:43,3538,26.6,95.7
2026-08-26 04:24:48,3540,26.6,95.7
2026-08-26 04:24:54,3542,26.6,95.6
2026-08-26 04:24:59,3545,26.7,95.7
2026-08-26 04:25:04,3544,26.7,95.7
2026-08-26 04:25:09,3543,26.7,95.7
2026-08-26 04:25:15,3541,26.6,95.7
2026-08-26 04:25:20,3540,26.6,95.7
2026-08-26 04:25:25,3536,26.6,95.7
2026-08-26 04:25:36,3537,26.6,95.7
2026-08-26 04:25:46,3536,26.7,95.7
2026-08-26 04:25:51,3537,26.6,95.7
2026-08-26 04:25:56,3535,26.6,95.6
2026-08-26 04:26:07,3534,26.7,95.7
2026-08-26 04:26:12,3536,26.6,95.7
2026-08-26 04:26:17,3534,26.6,95.7
2026-08-26 04:26:23,3540,26.6,95.6
2026-08-26 04:26:28,3539,26.7,95.7
2026-08-26 04:26:33,3538,26.7,95.7
2026-08-26 04:26:44,3536,26.6,95.7
2026-08-26 04:26:49,3538,26.6,95.7
2026-08-26 04:26:54,3537,26.6,95.6
2026-08-26 04:27:00,3536,26.6,95.7
2026-08-26 04:27:05,3538,26.6,95.7
2026-08-26 04:27:15,3540,26.6,95.7
2026-08-26 04:27:21,3543,26.6,95.7
2026-08-26 04:27:26,3541,26.6,95.7
2026-08-26 04:27:37,3540,26.6,95.6
2026-08-26 04:27:42,3541,26.6,95.7
2026-08-26 04:27:47,3539,26.6,95.6
2026-08-26 04:27:53,3541,26.7,95.7
2026-08-26 04:27:58,3538,26.6,95.7
2026-08-26 04:28:03,3537,26.6,95.6
2026-08-26 04:28:08,3538,26.6,95.7
2026-08-26 04:28:14,3537,26.6,95.7
2026-08-26 04:28:19,3536,26.6,95.6
2026-08-26 04:28:24,3538,26.6,95.7
2026-08-26 04:28:29,3536,26.6,95.7
2026-08-26 04:28:40,3533,26.6,95.7
2026-08-26 04:28:45,3535,26.6,95.7
2026-08-26 04:28:51,3534,26.6,95.7
2026-08-26 04:28:56,3537,26.6,95.6
2026-08-26 04:29:01,3538,26.6,95.6
2026-08-26 04:29:06,3537,26.7,95.7
2026-08-26 04:29:17,3538,26.6,95.6
2026-08-26 04:29:22,3536,26.6,95.6
2026-08-26 04:29:28,3538,26.6,95.7
2026-08-26 04:29:38,3539,26.6,95.7
2026-08-26 04:29:43,3540,26.7,95.7
2026-08-26 04:29:49,3545,26.6,95.7
2026-08-26 04:29:54,3550,26.6,95.7
2026-08-26 04:30:04,3548,26.6,95.7
2026-08-26 04:30:10,3545,26.6,95.7
2026-08-26 04:30:15,3544,26.6,95.7
2026-08-26 04:30:20,3543,26.6,95.7
2026-08-26 04:30:26,3544,26.6,95.7
2026-08-26 04:30:41,3546,26.6,95.7
2026-08-26 04:30:47,3545,26.6,95.7
2026-08-26 04:31:02,3542,26.6,95.7
2026-08-26 04:31:08,3543,26.6,95.7
2026-08-26 04:31:13,3542,26.6,95.7
2026-08-26 04:31:18,3543,26.6,95.7
2026-08-26 04:31:39,3542,26.6,95.7
2026-08-26 04:31:44,3543,26.6,95.7
2026-08-26 04:31:50,3539,26.7,95.7
2026-08-26 04:31:55,3542,26.6,95.7
2026-08-26 04:32:00,3539,26.6,95.7
2026-08-26 04:32:06,3537,26.6,95.7
2026-08-26 04:32:11,3539,26.6,95.7
2026-08-26 04:32:16,3537,26.6,95.7
2026-08-26 04:32:21,3535,26.6,95.6
2026-08-26 04:32:37,3537,26.6,95.6
2026-08-26 04:32:42,3543,26.6,95.7
2026-08-26 04:32:48,3544,26.6,95.7
2026-08-26 04:32:53,3546,26.7,95.7
2026-08-26 04:33:04,3548,26.6,95.7
2026-08-26 04:33:14,3547,26.6,95.6
2026-08-26 04:33:19,3551,26.6,95.7
2026-08-26 04:33:24,3552,26.6,95.7
2026-08-26 04:33:30,3551,26.6,95.7
2026-08-26 04:33:40,3552,26.6,95.7
2026-08-26 04:33:51,3551,26.6,95.7
2026-08-26 04:34:01,3553,26.6,95.7
2026-08-26 04:34:06,3551,26.6,95.7
2026-08-26 04:34:22,3548,26.6,95.7
2026-08-26 04:34:27,3547,26.6,95.7
2026-08-26 04:34:33,3544,26.6,95.7
2026-08-26 04:34:38,3545,26.6,95.7
2026-08-26 04:34:43,3546,26.6,95.7
2026-08-26 04:34:54,3544,26.6,95.7
2026-08-26 04:34:59,3543,26.6,95.7
2026-08-26 04:35:09,3541,26.6,95.7
2026-08-26 04:35:15,3539,26.6,95.7
2026-08-26 04:35:20,3540,26.6,95.7
2026-08-26 04:35:25,3544,26.7,95.7
2026-08-26 04:35:30,3543,26.6,95.7
2026-08-26 04:35:41,3541,26.6,95.7
2026-08-26 04:35:46,3543,26.6,95.7
2026-08-26 04:35:57,3542,26.6,95.7
2026-08-26 04:36:02,3545,26.6,95.7
2026-08-26 04:36:07,3546,26.6,95.7
2026-08-26 04:36:13,3550,26.6,95.6
2026-08-26 04:36:18,3553,26.6,95.7
2026-08-26 04:36:23,3554,26.6,95.7
2026-08-26 04:36:28,3556,26.6,95.7
2026-08-26 04:36:39,3552,26.6,95.6
2026-08-26 04:36:44,3553,26.6,95.7
2026-08-26 04:36:49,3551,26.6,95.7
2026-08-26 04:36:55,3552,26.6,95.7
2026-08-26 04:37:00,3549,26.6,95.7
2026-08-26 04:37:05,3545,26.6,95.7
2026-08-26 04:37:16,3543,26.6,95.6
2026-08-26 04:37:21,3544,26.7,95.7
2026-08-26 04:37:26,3543,26.7,95.7
2026-08-26 04:37:32,3539,26.6,95.7
2026-08-26 04:37:47,3540,26.6,95.7
2026-08-26 04:37:53,3541,26.6,95.7
2026-08-26 04:38:19,3543,26.6,95.7
2026-08-26 04:38:24,3546,26.6,95.6
2026-08-26 04:38:30,3547,26.6,95.7
2026-08-26 04:38:35,3546,26.6,95.6
2026-08-26 04:38:45,3543,26.6,95.6
2026-08-26 04:38:50,3542,26.6,95.7
2026-08-26 04:38:56,3540,26.6,95.7
2026-08-26 04:39:06,3537,26.6,95.6
2026-08-26 04:39:11,3538,26.6,95.6
2026-08-26 04:39:17,3539,26.6,95.7
2026-08-26 04:39:22,3536,26.6,95.7
2026-08-26 04:39:32,3535,26.6,95.7
2026-08-26 04:39:38,3538,26.6,95.7
2026-08-26 04:39:43,3540,26.6,95.7
2026-08-26 04:39:54,3542,26.6,95.7
2026-08-26 04:39:59,3540,26.6,95.7
2026-08-26 04:40:04,3541,26.6,95.7
2026-08-26 04:40:09,3540,26.6,95.7
2026-08-26 04:40:14,3538,26.6,95.7
2026-08-26 04:40:20,3535,26.6,95.7
2026-08-26 04:40:25,3534,26.6,95.7
2026-08-26 04:40:35,3530,26.6,95.6
2026-08-26 04:40:41,3528,26.6,95.6
2026-08-26 04:40:51,3525,26.6,95.6
2026-08-26 04:41:02,3519,26.6,95.7
2026-08-26 04:41:07,3521,26.6,95.6
2026-08-26 04:41:12,3524,26.6,95.6
2026-08-26 04:41:17,3522,26.6,95.6
2026-08-26 04:41:23,3523,26.6,95.6
2026-08-26 04:41:33,3521,26.6,95.7
2026-08-26 04:41:38,3522,26.6,95.6
2026-08-26 04:41:44,3524,26.6,95.6
2026-08-26 04:41:49,3523,26.6,95.6
2026-08-26 04:41:54,3525,26.6,95.7
2026-08-26 04:41:59,3528,26.6,95.7
2026-08-26 04:42:04,3524,26.6,95.6
2026-08-26 04:42:15,3525,26.6,95.7
2026-08-26 04:42:20,3523,26.6,95.7
2026-08-26 04:42:31,3520,26.6,95.6
2026-08-26 04:42:41,3519,26.6,95.7
2026-08-26 04:42:47,3520,26.6,95.7
2026-08-26 04:42:57,3517,26.6,95.7
2026-08-26 04:43:02,3519,26.6,95.6
2026-08-26 04:43:08,3516,26.6,95.7
2026-08-26 04:43:13,3519,26.6,95.7
2026-08-26 04:43:24,3516,26.6,95.6
2026-08-26 04:43:39,3517,26.6,95.7
2026-08-26 04:43:45,3515,26.6,95.7
2026-08-26 04:43:55,3518,26.6,95.7
2026-08-26 04:44:00,3517,26.6,95.6
2026-08-26 04:44:11,3516,26.6,95.6
2026-08-26 04:44:16,3517,26.6,95.7
2026-08-26 04:44:21,3518,26.6,95.6
2026-08-26 04:44:27,3519,26.6,95.6
2026-08-26 04:44:32,3521,26.6,95.7
2026-08-26 04:44:37,3522,26.6,95.7
2026-08-26 04:44:43,3521,26.6,95.6
2026-08-26 04:44:48,3518,26.6,95.6
2026-08-26 04:44:53,3520,26.6,95.6
2026-08-26 04:44:58,3521,26.6,95.7
2026-08-26 04:45:04,3522,26.6,95.6
2026-08-26 04:45:09,3525,26.6,95.6
2026-08-26 04:45:14,3524,26.6,95.6
2026-08-26 04:45:19,3523,26.6,95.7
2026-08-26 04:45:25,3521,26.6,95.6
2026-08-26 04:45:35,3520,26.6,95.7
2026-08-26 04:45:41,3518,26.6,95.7
2026-08-26 04:45:46,3516,26.6,95.6
2026-08-26 04:45:51,3517,26.6,95.7
2026-08-26 04:46:07,3520,26.6,95.7
2026-08-26 04:46:12,3521,26.6,95.6
2026-08-26 04:46:18,3524,26.6,95.7
2026-08-26 04:46:23,3523,26.6,95.7
2026-08-26 04:46:28,3521,26.6,95.6
2026-08-26 04:46:34,3524,26.6,95.6
2026-08-26 04:46:39,3525,26.6,95.7
2026-08-26 04:46:44,3528,26.6,95.7
2026-08-26 04:46:49,3529,26.6,95.6
2026-08-26 04:46:55,3526,26.6,95.7
2026-08-26 04:47:00,3525,26.6,95.6
2026-08-26 04:47:05,3524,26.6,95.7
2026-08-26 04:47:10,3522,26.6,95.6
2026-08-26 04:47:21,3523,26.6,95.6
2026-08-26 04:47:26,3521,26.6,95.6
2026-08-26 04:47:31,3520,26.6,95.7
2026-08-26 04:47:36,3524,26.6,95.6
2026-08-26 04:47:42,3527,26.6,95.7
2026-08-26 04:48:08,3529,26.6,95.7
2026-08-26 04:48:13,3532,26.6,95.6
2026-08-26 04:48:18,3533,26.6,95.7
2026-08-26 04:48:24,3529,26.6,95.6
2026-08-26 04:48:29,3531,26.6,95.7
2026-08-26 04:48:34,3530,26.6,95.7
2026-08-26 04:48:39,3532,26.6,95.6
2026-08-26 04:48:45,3531,26.6,95.6
2026-08-26 04:48:50,3532,26.6,95.6
2026-08-26 04:48:55,3531,26.6,95.7
2026-08-26 04:49:00,3530,26.6,95.6
2026-08-26 04:49:06,3531,26.6,95.6
2026-08-26 04:49:11,3526,26.6,95.6
2026-08-26 04:49:16,3524,26.6,95.7
2026-08-26 04:49:21,3525,26.6,95.7
2026-08-26 04:49:27,3526,26.6,95.6
2026-08-26 04:49:37,3528,26.6,95.7
2026-08-26 04:49:43,3526,26.6,95.7
2026-08-26 04:49:48,3525,26.6,95.6
2026-08-26 04:49:53,3523,26.6,95.6
2026-08-26 04:50:04,3521,26.6,95.7
2026-08-26 04:50:09,3524,26.6,95.7
2026-08-26 04:50:14,3526,26.6,95.6
2026-08-26 04:50:20,3528,26.6,95.6
2026-08-26 04:50:25,3525,26.6,95.6
2026-08-26 04:50:30,3524,26.6,95.6
2026-08-26 04:50:35,3527,26.6,95.6
2026-08-26 04:50:46,3530,26.6,95.6
2026-08-26 04:50:51,3531,26.6,95.6
2026-08-26 04:51:02,3530,26.6,95.6
2026-08-26 04:51:12,3527,26.6,95.6
2026-08-26 04:51:17,3530,26.6,95.6
2026-08-26 04:51:23,3529,26.6,95.6
2026-08-26 04:51:28,3528,26.6,95.6
2026-08-26 04:51:33,3529,26.6,95.7
2026-08-26 04:51:39,3528,26.6,95.6
2026-08-26 04:51:49,3531,26.6,95.6
2026-08-26 04:51:54,3529,26.6,95.6
2026-08-26 04:52:00,3527,26.6,95.6
2026-08-26 04:52:10,3529,26.6,95.6
2026-08-26 04:52:15,3533,26.6,95.6
2026-08-26 04:52:21,3530,26.6,95.6
2026-08-26 04:52:26,3532,26.6,95.7
2026-08-26 04:52:36,3528,26.6,95.6
2026-08-26 04:52:47,3527,26.6,95.6
2026-08-26 04:52:52,3526,26.6,95.6
2026-08-26 04:52:57,3528,26.6,95.6
2026-08-26 04:53:03,3530,26.6,95.6
2026-08-26 04:53:08,3531,26.6,95.6
2026-08-26 04:53:13,3530,26.6,95.6
2026-08-26 04:53:19,3532,26.6,95.6
2026-08-26 04:53:24,3531,26.6,95.6
2026-08-26 04:53:29,3533,26.6,95.7
2026-08-26 04:53:34,3536,26.6,95.7
2026-08-26 04:53:40,3535,26.6,95.6
2026-08-26 04:53:45,3534,26.6,95.6
2026-08-26 04:53:50,3536,26.6,95.6
2026-08-26 04:53:55,3538,26.6,95.6
2026-08-26 04:54:01,3535,26.6,95.6
2026-08-26 04:54:06,3534,26.6,95.6
2026-08-26 04:54:16,3536,26.6,95.6
2026-08-26 04:54:22,3531,26.6,95.6
2026-08-26 04:54:27,3533,26.6,95.6
2026-08-26 04:54:32,3534,26.6,95.6
2026-08-26 04:54:37,3537,26.6,95.6
2026-08-26 04:54:43,3539,26.6,95.6
2026-08-26 04:54:48,3540,26.6,95.6
2026-08-26 04:54:53,3539,26.6,95.6
2026-08-26 04:54:58,3535,26.6,95.6
2026-08-26 04:55:04,3534,26.6,95.6
2026-08-26 04:55:19,3537,26.6,95.6
2026-08-26 04:55:25,3534,26.6,95.6
2026-08-26 04:55:30,3535,26.6,95.6
2026-08-26 04:55:35,3539,26.6,95.6
2026-08-26 04:55:46,3537,26.6,95.6
2026-08-26 04:55:51,3535,26.6,95.6
2026-08-26 04:55:56,3531,26.6,95.6
2026-08-26 04:56:02,3530,26.6,95.6
2026-08-26 04:56:07,3531,26.6,95.6
2026-08-26 04:56:12,3529,26.6,95.6
2026-08-26 04:56:23,3528,26.6,95.6
2026-08-26 04:56:33,3530,26.6,95.6
2026-08-26 04:56:38,3528,26.6,95.6
2026-08-26 04:56:44,3527,26.6,95.6
2026-08-26 04:56:54,3529,26.6,95.6
2026-08-26 04:57:00,3526,26.6,95.6
2026-08-26 04:57:05,3525,26.6,95.6
2026-08-26 04:57:10,3524,26.6,95.6
2026-08-26 04:57:15,3525,26.6,95.6
2026-08-26 04:57:20,3526,26.6,95.6
2026-08-26 04:57:26,3525,26.6,95.6
2026-08-26 04:57:36,3528,26.6,95.6
2026-08-26 04:57:42,3529,26.6,95.6
2026-08-26 04:57:47,3526,26.6,95.6
2026-08-26 04:57:52,3524,26.6,95.6
2026-08-26 04:58:03,3522,26.6,95.6
2026-08-26 04:58:08,3523,26.6,95.6
2026-08-26 04:58:13,3525,26.6,95.6
2026-08-26 04:58:19,3524,26.6,95.6
2026-08-26 04:58:29,3526,26.6,95.6
2026-08-26 04:58:34,3528,26.6,95.6
2026-08-26 04:58:40,3527,26.6,95.6
2026-08-26 04:58:45,3524,26.6,95.6
2026-08-26 04:58:50,3523,26.6,95.6
2026-08-26 04:58:55,3522,26.6,95.6
2026-08-26 04:59:01,3520,26.6,95.6
2026-08-26 04:59:06,3524,26.6,95.6
2026-08-26 04:59:11,3526,26.6,95.6
2026-08-26 04:59:17,3525,26.6,95.6
2026-08-26 04:59:22,3523,26.6,95.6
2026-08-26 04:59:27,3521,26.6,95.6
2026-08-26 04:59:32,3520,26.6,95.6
2026-08-26 04:59:38,3524,26.6,95.6
2026-08-26 04:59:48,3522,26.6,95.6
2026-08-26 04:59:53,3521,26.6,95.6
2026-08-26 04:59:59,3523,26.6,95.6
2026-08-26 05:00:04,3519,26.6,95.6
2026-08-26 05:00:09,3518,26.6,95.6
2026-08-26 05:00:14,3519,26.6,95.6
2026-08-26 05:00:19,3520,26.6,95.6
2026-08-26 05:00:25,3522,26.6,95.6
2026-08-26 05:00:35,3521,26.6,95.6
2026-08-26 05:00:41,3520,26.6,95.6
2026-08-26 05:00:46,3517,26.6,95.6
2026-08-26 05:00:51,3518,26.6,95.6
2026-08-26 05:01:02,3520,26.6,95.6
2026-08-26 05:01:07,3519,26.6,95.6
2026-08-26 05:01:12,3521,26.6,95.6
2026-08-26 05:01:17,3522,26.6,95.6
2026-08-26 05:01:28,3521,26.6,95.6
2026-08-26 05:01:38,3520,26.6,95.6
2026-08-26 05:01:44,3514,26.6,95.6
2026-08-26 05:01:49,3516,26.6,95.6
2026-08-26 05:01:59,3514,26.6,95.6
2026-08-26 05:02:05,3513,26.6,95.6
2026-08-26 05:02:15,3511,26.6,95.6
2026-08-26 05:02:20,3510,26.6,95.6
2026-08-26 05:02:26,3511,26.6,95.6
2026-08-26 05:02:36,3513,26.6,95.6
2026-08-26 05:02:41,3517,26.6,95.6
2026-08-26 05:02:47,3513,26.6,95.5
2026-08-26 05:02:52,3514,26.6,95.6
2026-08-26 05:03:03,3515,26.6,95.6
2026-08-26 05:03:08,3517,26.6,95.6
2026-08-26 05:03:13,3514,26.6,95.6
2026-08-26 05:03:18,3512,26.6,95.6
2026-08-26 05:03:29,3508,26.6,95.5
2026-08-26 05:03:34,3506,26.6,95.6
2026-08-26 05:03:40,3507,26.6,95.6
2026-08-26 05:03:45,3508,26.6,95.6
2026-08-26 05:03:55,3509,26.6,95.6
2026-08-26 05:04:01,3511,26.6,95.6
2026-08-26 05:04:06,3510,26.6,95.6
2026-08-26 05:04:11,3509,26.6,95.6
2026-08-26 05:04:17,3511,26.6,95.6
2026-08-26 05:04:27,3515,26.6,95.6
2026-08-26 05:04:32,3517,26.6,95.6
2026-08-26 05:04:38,3519,26.6,95.6
2026-08-26 05:04:43,3520,26.6,95.6
2026-08-26 05:04:53,3517,26.6,95.6
2026-08-26 05:05:04,3515,26.6,95.6
2026-08-26 05:05:15,3516,26.6,95.6
2026-08-26 05:05:25,3514,26.6,95.6
2026-08-26 05:05:30,3512,26.6,95.6
2026-08-26 05:05:36,3513,26.6,95.6
2026-08-26 05:05:41,3515,26.6,95.6
2026-08-26 05:05:46,3513,26.6,95.6
2026-08-26 05:05:57,3516,26.6,95.6
2026-08-26 05:06:02,3515,26.6,95.5
2026-08-26 05:06:12,3519,26.6,95.6
2026-08-26 05:06:23,3520,26.6,95.6
2026-08-26 05:06:28,3519,26.6,95.6
2026-08-26 05:06:33,3521,26.6,95.6
2026-08-26 05:06:44,3522,26.6,95.6
2026-08-26 05:06:49,3523,26.6,95.6
2026-08-26 05:06:55,3526,26.6,95.6
2026-08-26 05:07:00,3524,26.6,95.6
2026-08-26 05:07:05,3526,26.6,95.6
2026-08-26 05:07:10,3524,26.6,95.5
2026-08-26 05:07:21,3520,26.6,95.6
2026-08-26 05:07:26,3515,26.6,95.5
2026-08-26 05:07:32,3514,26.6,95.5
2026-08-26 05:07:37,3512,26.6,95.6
2026-08-26 05:07:47,3514,26.6,95.6
2026-08-26 05:07:53,3515,26.6,95.6
2026-08-26 05:08:03,3517,26.6,95.6
2026-08-26 05:08:09,3515,26.6,95.5
2026-08-26 05:08:14,3517,26.6,95.6
2026-08-26 05:08:19,3522,26.6,95.6
2026-08-26 05:08:30,3521,26.6,95.6
2026-08-26 05:08:40,3518,26.6,95.6
2026-08-26 05:08:46,3523,26.6,95.6
2026-08-26 05:08:51,3526,26.6,95.5
2026-08-26 05:08:56,3528,26.6,95.5
2026-08-26 05:09:02,3527,26.6,95.5
2026-08-26 05:09:07,3526,26.6,95.6
2026-08-26 05:09:12,3525,26.6,95.5
2026-08-26 05:09:17,3526,26.6,95.6
2026-08-26 05:09:28,3523,26.6,95.5
2026-08-26 05:09:33,3524,26.6,95.5
2026-08-26 05:09:39,3526,26.6,95.6
2026-08-26 05:09:44,3527,26.6,95.5
2026-08-26 05:09:54,3528,26.6,95.6
2026-08-26 05:09:59,3526,26.6,95.6
2026-08-26 05:10:05,3523,26.6,95.5
2026-08-26 05:10:10,3524,26.6,95.5
2026-08-26 05:10:15,3520,26.6,95.6
2026-08-26 05:10:20,3518,26.6,95.6
2026-08-26 05:10:36,3517,26.6,95.5
2026-08-26 05:10:41,3518,26.6,95.5
2026-08-26 05:10:47,3514,26.6,95.5
2026-08-26 05:10:52,3516,26.6,95.5
2026-08-26 05:10:57,3518,26.6,95.6
2026-08-26 05:11:03,3516,26.6,95.5
2026-08-26 05:11:08,3517,26.6,95.6
2026-08-26 05:11:18,3516,26.6,95.5
2026-08-26 05:11:24,3517,26.6,95.5
2026-08-26 05:11:29,3512,26.6,95.5
2026-08-26 05:11:34,3509,26.6,95.5
2026-08-26 05:11:39,3510,26.6,95.5
2026-08-26 05:11:44,3509,26.6,95.6
2026-08-26 05:11:55,3510,26.6,95.5
2026-08-26 05:12:11,3509,26.6,95.5
2026-08-26 05:12:16,3507,26.6,95.5
2026-08-26 05:12:21,3508,26.6,95.5
2026-08-26 05:12:32,3504,26.6,95.5
2026-08-26 05:12:37,3503,26.6,95.5
2026-08-26 05:12:53,3502,26.6,95.5
2026-08-26 05:12:58,3505,26.6,95.5
2026-08-26 05:13:04,3506,26.6,95.5
2026-08-26 05:13:14,3507,26.6,95.5
2026-08-26 05:13:19,3506,26.6,95.5
2026-08-26 05:13:25,3507,26.6,95.5
2026-08-26 05:13:30,3506,26.6,95.5
2026-08-26 05:13:35,3505,26.6,95.5
2026-08-26 05:13:40,3506,26.6,95.5
2026-08-26 05:13:46,3501,26.6,95.5
2026-08-26 05:13:51,3503,26.6,95.5
2026-08-26 05:14:01,3505,26.6,95.5
2026-08-26 05:14:07,3502,26.6,95.5
2026-08-26 05:14:17,3505,26.6,95.5
2026-08-26 05:14:23,3508,26.6,95.5
2026-08-26 05:14:28,3506,26.6,95.5
2026-08-26 05:14:39,3509,26.6,95.5
2026-08-26 05:14:44,3513,26.6,95.5
2026-08-26 05:14:49,3510,26.6,95.5
2026-08-26 05:14:54,3512,26.6,95.5
2026-08-26 05:15:05,3516,26.6,95.5
2026-08-26 05:15:10,3515,26.6,95.5
2026-08-26 05:15:21,3517,26.6,95.5
2026-08-26 05:15:26,3522,26.6,95.5
2026-08-26 05:15:31,3521,26.6,95.5
2026-08-26 05:15:36,3522,26.6,95.6
2026-08-26 05:15:42,3519,26.6,95.5
2026-08-26 05:15:47,3517,26.6,95.6
2026-08-26 05:15:52,3520,26.6,95.5
2026-08-26 05:15:57,3519,26.6,95.5
2026-08-26 05:16:03,3518,26.6,95.6
2026-08-26 05:16:08,3519,26.6,95.5
2026-08-26 05:16:13,3518,26.6,95.5
2026-08-26 05:16:18,3516,26.6,95.6
2026-08-26 05:16:29,3518,26.6,95.5
2026-08-26 05:16:39,3519,26.6,95.5
2026-08-26 05:16:50,3520,26.6,95.5
2026-08-26 05:16:55,3519,26.6,95.5
2026-08-26 05:17:00,3517,26.6,95.5
2026-08-26 05:17:06,3516,26.6,95.5
2026-08-26 05:17:11,3519,26.6,95.5
2026-08-26 05:17:16,3518,26.6,95.5
2026-08-26 05:17:26,3517,26.6,95.5
2026-08-26 05:17:32,3515,26.6,95.5
2026-08-26 05:17:37,3512,26.6,95.5
2026-08-26 05:17:48,3510,26.6,95.5
2026-08-26 05:17:53,3512,26.6,95.5
2026-08-26 05:17:58,3510,26.6,95.5
2026-08-26 05:18:04,3511,26.6,95.5
2026-08-26 05:18:09,3510,26.6,95.5
2026-08-26 05:18:14,3511,26.6,95.5
2026-08-26 05:18:25,3512,26.6,95.5
2026-08-26 05:18:35,3511,26.6,95.5
2026-08-26 05:18:45,3512,26.6,95.5
2026-08-26 05:18:51,3511,26.6,95.5
2026-08-26 05:19:01,3510,26.6,95.5
2026-08-26 05:19:12,3506,26.6,95.5
2026-08-26 05:19:17,3503,26.6,95.5
2026-08-26 05:19:22,3501,26.6,95.5
2026-08-26 05:19:27,3499,26.6,95.5
2026-08-26 05:19:33,3497,26.6,95.5
2026-08-26 05:19:38,3496,26.6,95.5
2026-08-26 05:19:43,3497,26.6,95.5
2026-08-26 05:19:48,3499,26.6,95.5
2026-08-26 05:19:54,3500,26.6,95.5
2026-08-26 05:19:59,3499,26.6,95.5
2026-08-26 05:20:04,3501,26.6,95.5
2026-08-26 05:20:10,3502,26.6,95.5
2026-08-26 05:20:15,3501,26.6,95.5
2026-08-26 05:20:20,3499,26.6,95.5
2026-08-26 05:20:31,3498,26.6,95.5
2026-08-26 05:20:36,3500,26.6,95.5
2026-08-26 05:20:46,3502,26.6,95.5
2026-08-26 05:20:57,3504,26.6,95.5
2026-08-26 05:21:02,3501,26.6,95.5
2026-08-26 05:21:07,3499,26.6,95.5
2026-08-26 05:21:13,3498,26.6,95.5
2026-08-26 05:21:18,3495,26.6,95.5
2026-08-26 05:21:50,3497,26.6,95.5
2026-08-26 05:22:00,3495,26.6,95.5
2026-08-26 05:22:05,3493,26.6,95.5
2026-08-26 05:22:10,3494,26.6,95.5
2026-08-26 05:22:16,3491,26.6,95.5
2026-08-26 05:22:21,3493,26.6,95.5
2026-08-26 05:22:26,3495,26.6,95.5
2026-08-26 05:22:31,3492,26.6,95.5
2026-08-26 05:22:37,3489,26.6,95.5
2026-08-26 05:22:42,3494,26.6,95.4
2026-08-26 05:22:47,3495,26.6,95.5
2026-08-26 05:22:53,3496,26.6,95.5
2026-08-26 05:22:58,3498,26.6,95.5
2026-08-26 05:23:03,3496,26.6,95.4
2026-08-26 05:23:13,3494,26.6,95.4
2026-08-26 05:23:19,3491,26.6,95.5
2026-08-26 05:23:24,3494,26.6,95.5
2026-08-26 05:23:35,3489,26.6,95.5
2026-08-26 05:23:40,3488,26.6,95.4
2026-08-26 05:23:45,3487,26.6,95.5
2026-08-26 05:23:50,3492,26.6,95.5
2026-08-26 05:24:01,3491,26.6,95.5
2026-08-26 05:24:17,3493,26.6,95.5
2026-08-26 05:24:27,3492,26.6,95.5
2026-08-26 05:24:32,3493,26.6,95.4
2026-08-26 05:24:38,3492,26.6,95.5
2026-08-26 05:24:43,3493,26.6,95.5
2026-08-26 05:24:48,3494,26.6,95.4
2026-08-26 05:24:53,3491,26.6,95.5
2026-08-26 05:24:59,3488,26.6,95.5
2026-08-26 05:25:04,3487,26.6,95.5
2026-08-26 05:25:25,3484,26.6,95.5
2026-08-26 05:25:30,3481,26.6,95.4
2026-08-26 05:25:36,3482,26.6,95.5
2026-08-26 05:25:41,3480,26.6,95.5
2026-08-26 05:25:46,3479,26.6,95.5
2026-08-26 05:25:51,3478,26.6,95.4
2026-08-26 05:25:57,3480,26.6,95.5
2026-08-26 05:26:02,3477,26.6,95.4
2026-08-26 05:26:12,3478,26.6,95.4
2026-08-26 05:26:18,3477,26.6,95.5
2026-08-26 05:26:28,3472,26.6,95.5
2026-08-26 05:26:39,3473,26.6,95.5
2026-08-26 05:26:44,3474,26.6,95.5
2026-08-26 05:26:49,3472,26.6,95.5
2026-08-26 05:26:54,3469,26.6,95.4
2026-08-26 05:27:00,3465,26.6,95.5
2026-08-26 05:27:05,3467,26.6,95.4
2026-08-26 05:27:10,3466,26.6,95.5
2026-08-26 05:27:16,3463,26.6,95.4
2026-08-26 05:27:21,3462,26.6,95.4
2026-08-26 05:27:26,3466,26.6,95.5
2026-08-26 05:27:31,3464,26.6,95.5
2026-08-26 05:27:42,3466,26.6,95.5
2026-08-26 05:27:47,3467,26.6,95.5
2026-08-26 05:27:52,3468,26.6,95.5
2026-08-26 05:27:58,3466,26.6,95.4
2026-08-26 05:28:03,3468,26.6,95.4
2026-08-26 05:28:13,3469,26.6,95.5
2026-08-26 05:28:19,3473,26.6,95.5
2026-08-26 05:28:24,3474,26.6,95.5
2026-08-26 05:28:29,3475,26.6,95.4
2026-08-26 05:28:34,3472,26.6,95.5
2026-08-26 05:28:50,3470,26.6,95.5
2026-08-26 05:28:56,3469,26.6,95.5
2026-08-26 05:29:01,3471,26.6,95.5
2026-08-26 05:29:06,3467,26.6,95.5
2026-08-26 05:29:11,3471,26.6,95.5
2026-08-26 05:29:17,3470,26.6,95.5
2026-08-26 05:29:22,3471,26.6,95.4
2026-08-26 05:29:32,3472,26.6,95.4
2026-08-26 05:29:38,3470,26.6,95.5
2026-08-26 05:29:43,3472,26.6,95.5
2026-08-26 05:29:48,3470,26.6,95.4
2026-08-26 05:29:53,3469,26.6,95.5
2026-08-26 05:29:59,3471,26.6,95.5
2026-08-26 05:30:04,3469,26.6,95.4
2026-08-26 05:30:09,3471,26.6,95.5
2026-08-26 05:30:15,3470,26.6,95.5
2026-08-26 05:30:20,3471,26.6,95.5
2026-08-26 05:30:30,3469,26.6,95.5
2026-08-26 05:30:36,3471,26.6,95.5
2026-08-26 05:30:41,3473,26.6,95.5
2026-08-26 05:30:46,3472,26.6,95.4
2026-08-26 05:30:52,3476,26.6,95.4
2026-08-26 05:30:57,3477,26.6,95.5
2026-08-26 05:31:02,3478,26.6,95.4
2026-08-26 05:31:13,3479,26.6,95.5
2026-08-26 05:31:23,3475,26.6,95.5
2026-08-26 05:31:34,3477,26.6,95.5
2026-08-26 05:31:44,3473,26.6,95.4
2026-08-26 05:31:55,3474,26.6,95.4
2026-08-26 05:32:00,3475,26.6,95.4
2026-08-26 05:32:05,3473,26.6,95.5
2026-08-26 05:32:11,3477,26.6,95.5
2026-08-26 05:32:26,3480,26.6,95.5
2026-08-26 05:32:32,3482,26.6,95.5
2026-08-26 05:32:37,3483,26.6,95.5
2026-08-26 05:32:42,3480,26.6,95.5
2026-08-26 05:32:47,3479,26.6,95.4
2026-08-26 05:32:53,3480,26.6,95.4
2026-08-26 05:33:08,3483,26.6,95.4
2026-08-26 05:33:14,3481,26.6,95.4
2026-08-26 05:33:24,3478,26.6,95.4
2026-08-26 05:33:29,3476,26.6,95.4
2026-08-26 05:33:34,3474,26.6,95.4
2026-08-26 05:33:40,3473,26.6,95.4
2026-08-26 05:33:45,3471,26.6,95.5
2026-08-26 05:33:50,3474,26.6,95.4
2026-08-26 05:33:56,3475,26.6,95.5
2026-08-26 05:34:06,3474,26.6,95.4
2026-08-26 05:34:11,3475,26.6,95.4
2026-08-26 05:34:17,3477,26.6,95.5
2026-08-26 05:34:22,3475,26.6,95.5
2026-08-26 05:34:27,3476,26.6,95.4
2026-08-26 05:34:33,3477,26.6,95.4
2026-08-26 05:34:38,3479,26.6,95.5
2026-08-26 05:34:43,3480,26.6,95.5
2026-08-26 05:34:48,3479,26.6,95.5
2026-08-26 05:34:53,3480,26.6,95.5
2026-08-26 05:35:04,3479,26.6,95.5
2026-08-26 05:35:14,3481,26.6,95.4
2026-08-26 05:35:20,3482,26.6,95.4
2026-08-26 05:35:25,3483,26.6,95.4
2026-08-26 05:35:30,3485,26.6,95.4
2026-08-26 05:35:35,3484,26.6,95.5
2026-08-26 05:35:41,3487,26.6,95.5
2026-08-26 05:35:46,3485,26.6,95.5
2026-08-26 05:35:51,3483,26.6,95.5
2026-08-26 05:35:57,3486,26.6,95.5
2026-08-26 05:36:02,3485,26.6,95.5
2026-08-26 05:36:07,3483,26.6,95.5
2026-08-26 05:36:18,3480,26.6,95.4
2026-08-26 05:36:23,3479,26.6,95.4
2026-08-26 05:36:28,3482,26.6,95.5
2026-08-26 05:36:33,3480,26.6,95.4
2026-08-26 05:36:39,3478,26.6,95.4
2026-08-26 05:36:44,3479,26.6,95.4
2026-08-26 05:36:49,3477,26.6,95.4
2026-08-26 05:36:55,3478,26.6,95.4
2026-08-26 05:37:00,3479,26.6,95.4
2026-08-26 05:37:05,3476,26.6,95.4
2026-08-26 05:37:21,3475,26.6,95.4
2026-08-26 05:37:26,3476,26.6,95.4
2026-08-26 05:37:31,3477,26.6,95.4
2026-08-26 05:37:36,3475,26.6,95.4
2026-08-26 05:37:42,3472,26.6,95.4
2026-08-26 05:37:57,3471,26.6,95.5
2026-08-26 05:38:03,3469,26.6,95.4
2026-08-26 05:38:08,3472,26.6,95.4
2026-08-26 05:38:13,3473,26.6,95.4
2026-08-26 05:38:19,3471,26.6,95.4
2026-08-26 05:38:24,3470,26.6,95.4
2026-08-26 05:38:29,3467,26.6,95.4
2026-08-26 05:38:39,3470,26.6,95.4
2026-08-26 05:38:45,3468,26.6,95.4
2026-08-26 05:38:50,3467,26.6,95.4
2026-08-26 05:38:55,3469,26.6,95.4
2026-08-26 05:39:06,3472,26.6,95.4
2026-08-26 05:39:11,3471,26.6,95.4
2026-08-26 05:39:16,3469,26.6,95.4
2026-08-26 05:39:22,3467,26.6,95.4
2026-08-26 05:39:27,3466,26.6,95.4
2026-08-26 05:39:32,3468,26.6,95.4
2026-08-26 05:39:38,3467,26.6,95.4
2026-08-26 05:39:43,3466,26.6,95.4
2026-08-26 05:39:48,3467,26.6,95.4
2026-08-26 05:39:53,3463,26.6,95.4
2026-08-26 05:39:59,3464,26.6,95.4
2026-08-26 05:40:04,3463,26.6,95.4
2026-08-26 05:40:09,3462,26.6,95.4
2026-08-26 05:40:15,3465,26.6,95.4
2026-08-26 05:40:25,3468,26.6,95.4
2026-08-26 05:40:30,3467,26.6,95.4
2026-08-26 05:40:36,3469,26.6,95.5
2026-08-26 05:40:41,3471,26.6,95.5
2026-08-26 05:40:46,3472,26.6,95.4
2026-08-26 05:40:51,3471,26.6,95.4
2026-08-26 05:40:56,3472,26.6,95.5
2026-08-26 05:41:07,3473,26.6,95.5
2026-08-26 05:41:12,3474,26.6,95.4
2026-08-26 05:41:23,3478,26.6,95.4
2026-08-26 05:41:28,3476,26.6,95.4
2026-08-26 05:41:34,3475,26.6,95.4
2026-08-26 05:41:39,3474,26.6,95.5
2026-08-26 05:41:44,3475,26.6,95.4
2026-08-26 05:41:49,3471,26.6,95.4
2026-08-26 05:41:55,3470,26.6,95.5
2026-08-26 05:42:00,3472,26.6,95.4
2026-08-26 05:42:05,3471,26.6,95.4
2026-08-26 05:42:10,3472,26.6,95.4
2026-08-26 05:42:16,3468,26.6,95.5
2026-08-26 05:42:31,3470,26.6,95.4
2026-08-26 05:42:42,3469,26.6,95.4
2026-08-26 05:42:58,3470,26.6,95.4
2026-08-26 05:43:03,3467,26.6,95.4
2026-08-26 05:43:08,3466,26.6,95.4
2026-08-26 05:43:13,3464,26.6,95.4
2026-08-26 05:43:24,3463,26.6,95.4
2026-08-26 05:43:29,3464,26.6,95.4
2026-08-26 05:43:35,3467,26.6,95.4
2026-08-26 05:43:40,3469,26.6,95.4
2026-08-26 05:43:56,3470,26.6,95.4
2026-08-26 05:44:01,3472,26.6,95.4
2026-08-26 05:44:06,3474,26.6,95.4
2026-08-26 05:44:11,3472,26.6,95.4
2026-08-26 05:44:16,3471,26.6,95.4
2026-08-26 05:44:22,3469,26.6,95.4
2026-08-26 05:44:27,3467,26.6,95.4
2026-08-26 05:44:32,3463,26.6,95.4
2026-08-26 05:44:38,3462,26.6,95.4
2026-08-26 05:44:43,3465,26.6,95.4
2026-08-26 05:44:48,3467,26.6,95.4
2026-08-26 05:44:54,3470,26.6,95.4
2026-08-26 05:44:59,3468,26.6,95.4
2026-08-26 05:45:04,3469,26.6,95.4
2026-08-26 05:45:09,3467,26.6,95.4
2026-08-26 05:45:15,3463,26.6,95.4
2026-08-26 05:45:20,3462,26.6,95.4
2026-08-26 05:45:25,3466,26.6,95.4
2026-08-26 05:45:30,3464,26.6,95.4
2026-08-26 05:45:36,3465,26.6,95.4
2026-08-26 05:45:41,3467,26.6,95.4
2026-08-26 05:45:46,3468,26.6,95.4
2026-08-26 05:45:51,3464,26.6,95.4
2026-08-26 05:45:57,3466,26.6,95.4
2026-08-26 05:46:02,3467,26.6,95.4
2026-08-26 05:46:07,3465,26.6,95.4
2026-08-26 05:46:12,3464,26.6,95.4
2026-08-26 05:46:33,3462,26.6,95.4
2026-08-26 05:46:39,3461,26.6,95.4
2026-08-26 05:46:44,3462,26.6,95.4
2026-08-26 05:46:54,3464,26.6,95.4
2026-08-26 05:47:00,3463,26.6,95.4
2026-08-26 05:47:05,3461,26.6,95.4
2026-08-26 05:47:15,3463,26.6,95.4
2026-08-26 05:47:21,3462,26.6,95.4
2026-08-26 05:47:31,3463,26.6,95.4
2026-08-26 05:47:36,3465,26.6,95.4
2026-08-26 05:47:41,3463,26.6,95.4
2026-08-26 05:47:47,3465,26.6,95.4
2026-08-26 05:47:57,3466,26.6,95.4
2026-08-26 05:48:02,3467,26.6,95.4
2026-08-26 05:48:07,3465,26.6,95.4
2026-08-26 05:48:13,3466,26.6,95.4
2026-08-26 05:48:18,3469,26.6,95.4
2026-08-26 05:48:24,3466,26.6,95.4
2026-08-26 05:48:29,3464,26.6,95.4
2026-08-26 05:48:34,3466,26.6,95.4
2026-08-26 05:49:00,3465,26.6,95.4
2026-08-26 05:49:06,3466,26.6,95.4
2026-08-26 05:49:11,3470,26.6,95.4
2026-08-26 05:49:16,3467,26.6,95.4
2026-08-26 05:49:27,3466,26.6,95.4
2026-08-26 05:49:32,3465,26.6,95.4
2026-08-26 05:49:42,3463,26.6,95.4
2026-08-26 05:49:48,3465,26.6,95.4
2026-08-26 05:49:53,3464,26.6,95.4
2026-08-26 05:50:04,3465,26.6,95.4
2026-08-26 05:50:09,3466,26.6,95.4
2026-08-26 05:50:19,3470,26.6,95.4
2026-08-26 05:50:25,3469,26.6,95.4
2026-08-26 05:50:30,3467,26.6,95.4
2026-08-26 05:50:35,3465,26.6,95.4
2026-08-26 05:50:40,3462,26.6,95.4
2026-08-26 05:50:46,3465,26.6,95.4
2026-08-26 05:50:56,3462,26.6,95.4
2026-08-26 05:51:01,3464,26.6,95.4
2026-08-26 05:51:07,3463,26.6,95.4
2026-08-26 05:51:12,3464,26.6,95.4
2026-08-26 05:51:22,3465,26.6,95.4
2026-08-26 05:51:28,3466,26.6,95.4
2026-08-26 05:51:33,3467,26.6,95.4
2026-08-26 05:51:39,3471,26.6,95.4
2026-08-26 05:51:44,3469,26.6,95.4
2026-08-26 05:51:49,3468,26.6,95.4
2026-08-26 05:51:54,3469,26.6,95.4
2026-08-26 05:52:00,3470,26.6,95.4
2026-08-26 05:52:05,3467,26.6,95.4
2026-08-26 05:52:10,3469,26.6,95.4
2026-08-26 05:52:15,3468,26.6,95.4
2026-08-26 05:52:21,3467,26.6,95.4
2026-08-26 05:52:26,3471,26.6,95.4
2026-08-26 05:52:36,3473,26.6,95.4
2026-08-26 05:52:42,3470,26.6,95.4
2026-08-26 05:52:47,3473,26.6,95.4
2026-08-26 05:52:52,3475,26.6,95.4
2026-08-26 05:52:57,3478,26.6,95.4
2026-08-26 05:53:03,3476,26.6,95.4
2026-08-26 05:53:13,3473,26.6,95.4
2026-08-26 05:53:18,3474,26.6,95.4
2026-08-26 05:53:24,3471,26.6,95.4
2026-08-26 05:53:29,3473,26.6,95.4
2026-08-26 05:53:34,3472,26.6,95.4
2026-08-26 05:53:39,3474,26.6,95.4
2026-08-26 05:53:45,3473,26.6,95.4
2026-08-26 05:53:55,3476,26.6,95.4
2026-08-26 05:54:00,3474,26.6,95.4
2026-08-26 05:54:06,3480,26.6,95.4
2026-08-26 05:54:11,3481,26.6,95.4
2026-08-26 05:54:21,3483,26.6,95.4
2026-08-26 05:54:27,3486,26.6,95.4
2026-08-26 05:54:32,3487,26.6,95.4
2026-08-26 05:54:37,3490,26.6,95.4
2026-08-26 05:54:42,3489,26.6,95.4
2026-08-26 05:54:53,3488,26.6,95.4
2026-08-26 05:54:58,3484,26.6,95.4
2026-08-26 05:55:09,3485,26.6,95.4
2026-08-26 05:55:14,3484,26.6,95.4
2026-08-26 05:55:19,3486,26.6,95.4
2026-08-26 05:55:25,3489,26.6,95.4
2026-08-26 05:55:30,3492,26.6,95.4
2026-08-26 05:55:40,3488,26.6,95.4
2026-08-26 05:55:46,3489,26.6,95.4
2026-08-26 05:55:56,3487,26.6,95.5
2026-08-26 05:56:07,3488,26.6,95.4
2026-08-26 05:56:12,3486,26.6,95.4
2026-08-26 05:56:22,3487,26.6,95.4
2026-08-26 05:56:28,3489,26.6,95.4
2026-08-26 05:56:38,3488,26.6,95.4
2026-08-26 05:56:43,3489,26.6,95.4
2026-08-26 05:56:49,3486,26.6,95.4
2026-08-26 05:56:54,3485,26.6,95.4
2026-08-26 05:56:59,3484,26.6,95.4
2026-08-26 05:57:09,3483,26.6,95.4
2026-08-26 05:57:15,3484,26.6,95.4
2026-08-26 05:57:20,3482,26.6,95.4
2026-08-26 05:57:25,3481,26.6,95.4
2026-08-26 05:57:41,3479,26.6,95.4
2026-08-26 05:57:52,3478,26.6,95.4
2026-08-26 05:57:57,3479,26.6,95.4
2026-08-26 05:58:02,3478,26.6,95.4
2026-08-26 05:58:18,3481,26.6,95.4
2026-08-26 05:58:23,3479,26.6,95.4
2026-08-26 05:58:28,3480,26.6,95.4
2026-08-26 05:58:39,3482,26.6,95.4
2026-08-26 05:58:44,3481,26.6,95.4
2026-08-26 05:58:49,3479,26.6,95.4
2026-08-26 05:58:55,3482,26.6,95.4
2026-08-26 05:59:00,3483,26.6,95.4
2026-08-26 05:59:16,3485,26.6,95.4
2026-08-26 05:59:21,3484,26.6,95.4
2026-08-26 05:59:26,3483,26.6,95.4
2026-08-26 05:59:32,3485,26.6,95.4
2026-08-26 05:59:37,3484,26.6,95.4
2026-08-26 05:59:42,3485,26.6,95.4
2026-08-26 05:59:47,3482,26.6,95.4
2026-08-26 05:59:53,3481,26.6,95.4
2026-08-26 05:59:58,3482,26.6,95.4
2026-08-26 06:00:03,3480,26.6,95.4
2026-08-26 06:00:09,3482,26.6,95.4
2026-08-26 06:00:14,3483,26.6,95.4
2026-08-26 06:00:19,3484,26.6,95.4
2026-08-26 06:00:30,3483,26.6,95.4
2026-08-26 06:00:35,3480,26.6,95.4
2026-08-26 06:00:40,3484,26.6,95.4
2026-08-26 06:00:45,3483,26.6,95.4
2026-08-26 06:00:51,3484,26.6,95.4
2026-08-26 06:00:56,3485,26.6,95.4
2026-08-26 06:01:06,3484,26.6,95.4
2026-08-26 06:01:12,3487,26.6,95.4
2026-08-26 06:01:17,3486,26.6,95.4
2026-08-26 06:01:22,3487,26.6,95.4
2026-08-26 06:01:27,3484,26.6,95.4
2026-08-26 06:01:38,3483,26.6,95.4
2026-08-26 06:01:43,3482,26.6,95.4
2026-08-26 06:01:48,3483,26.6,95.4
2026-08-26 06:01:54,3480,26.6,95.4
2026-08-26 06:01:59,3484,26.6,95.4
2026-08-26 06:02:04,3483,26.6,95.4
2026-08-26 06:02:10,3481,26.6,95.4
2026-08-26 06:02:15,3484,26.6,95.4
2026-08-26 06:02:20,3481,26.6,95.4
2026-08-26 06:02:26,3479,26.6,95.4
2026-08-26 06:02:31,3481,26.6,95.4
2026-08-26 06:02:36,3484,26.6,95.4
2026-08-26 06:02:41,3485,26.6,95.4
2026-08-26 06:02:47,3488,26.6,95.4
2026-08-26 06:02:52,3489,26.6,95.4
2026-08-26 06:02:57,3491,26.6,95.4
2026-08-26 06:03:02,3489,26.6,95.4
2026-08-26 06:03:13,3491,26.6,95.4
2026-08-26 06:03:18,3489,26.6,95.4
2026-08-26 06:03:29,3490,26.6,95.4
2026-08-26 06:03:39,3492,26.6,95.4
2026-08-26 06:03:44,3493,26.6,95.4
2026-08-26 06:03:50,3495,26.6,95.4
2026-08-26 06:03:55,3492,26.6,95.4
2026-08-26 06:04:05,3494,26.6,95.4
2026-08-26 06:04:16,3493,26.6,95.4
2026-08-26 06:04:21,3494,26.6,95.4
2026-08-26 06:04:32,3499,26.6,95.4
2026-08-26 06:04:37,3500,26.6,95.4
2026-08-26 06:04:42,3498,26.6,95.4
2026-08-26 06:04:47,3497,26.6,95.4
2026-08-26 06:04:53,3496,26.6,95.4
2026-08-26 06:04:58,3497,26.6,95.4
2026-08-26 06:05:03,3499,26.6,95.4
2026-08-26 06:05:08,3494,26.6,95.4
2026-08-26 06:05:24,3496,26.6,95.4
2026-08-26 06:05:29,3498,26.6,95.4
2026-08-26 06:05:40,3503,26.6,95.4
2026-08-26 06:05:51,3504,26.6,95.4
2026-08-26 06:05:56,3503,26.6,95.4
2026-08-26 06:06:01,3504,26.6,95.4
2026-08-26 06:06:07,3505,26.6,95.4
2026-08-26 06:06:12,3504,26.6,95.4
2026-08-26 06:06:17,3505,26.6,95.4
2026-08-26 06:06:22,3507,26.6,95.4
2026-08-26 06:06:28,3509,26.6,95.4
2026-08-26 06:06:33,3508,26.6,95.4
2026-08-26 06:06:38,3509,26.6,95.4
2026-08-26 06:06:59,3510,26.6,95.4
2026-08-26 06:07:04,3509,26.6,95.4
2026-08-26 06:07:09,3508,26.6,95.4
2026-08-26 06:07:15,3509,26.6,95.4
2026-08-26 06:07:20,3510,26.6,95.4
2026-08-26 06:07:30,3509,26.6,95.4
2026-08-26 06:07:36,3507,26.6,95.4
2026-08-26 06:07:41,3506,26.6,95.4
2026-08-26 06:07:46,3507,26.6,95.4
2026-08-26 06:07:51,3508,26.6,95.4
2026-08-26 06:07:57,3509,26.6,95.4
2026-08-26 06:08:02,3507,26.6,95.4
2026-08-26 06:08:07,3508,26.6,95.4
2026-08-26 06:08:13,3509,26.6,95.4
2026-08-26 06:08:18,3506,26.6,95.4
2026-08-26 06:08:23,3510,26.6,95.4
2026-08-26 06:08:28,3508,26.6,95.4
2026-08-26 06:08:34,3506,26.6,95.4
2026-08-26 06:08:39,3502,26.6,95.4
2026-08-26 06:08:49,3504,26.6,95.4
2026-08-26 06:09:05,3503,26.6,95.4
2026-08-26 06:09:10,3499,26.6,95.4
2026-08-26 06:09:16,3500,26.6,95.4
2026-08-26 06:09:21,3502,26.6,95.4
2026-08-26 06:09:26,3504,26.6,95.4
2026-08-26 06:09:32,3505,26.6,95.4
2026-08-26 06:09:58,3510,26.6,95.4
2026-08-26 06:10:04,3512,26.6,95.4
2026-08-26 06:10:14,3513,26.6,95.4
2026-08-26 06:10:25,3509,26.6,95.4
2026-08-26 06:10:30,3510,26.6,95.4
2026-08-26 06:10:35,3509,26.6,95.4
2026-08-26 06:10:40,3508,26.6,95.4
2026-08-26 06:10:45,3509,26.6,95.4
2026-08-26 06:10:51,3508,26.6,95.4
2026-08-26 06:10:56,3510,26.6,95.4
2026-08-26 06:11:01,3509,26.6,95.4
2026-08-26 06:11:06,3514,26.6,95.4
2026-08-26 06:11:12,3515,26.6,95.4
2026-08-26 06:11:17,3516,26.6,95.4
2026-08-26 06:11:22,3520,26.6,95.4
2026-08-26 06:11:33,3519,26.6,95.4
2026-08-26 06:11:38,3518,26.6,95.4
2026-08-26 06:11:49,3519,26.6,95.4
2026-08-26 06:11:59,3522,26.6,95.4
2026-08-26 06:12:10,3520,26.6,95.4
2026-08-26 06:12:15,3517,26.6,95.4
2026-08-26 06:12:20,3518,26.6,95.4
2026-08-26 06:12:30,3520,26.6,95.4
2026-08-26 06:12:36,3519,26.6,95.4
2026-08-26 06:12:41,3522,26.6,95.4
2026-08-26 06:12:46,3524,26.6,95.3
2026-08-26 06:12:51,3525,26.6,95.4
2026-08-26 06:12:57,3527,26.6,95.4
2026-08-26 06:13:07,3526,26.6,95.4
2026-08-26 06:13:13,3523,26.6,95.4
2026-08-26 06:13:18,3527,26.6,95.4
2026-08-26 06:13:23,3526,26.6,95.4
2026-08-26 06:13:29,3525,26.6,95.4
2026-08-26 06:13:34,3527,26.6,95.4
2026-08-26 06:13:39,3530,26.6,95.4
2026-08-26 06:13:44,3533,26.6,95.4
2026-08-26 06:14:05,3534,26.6,95.4
2026-08-26 06:14:11,3533,26.6,95.4
2026-08-26 06:14:16,3536,26.6,95.4
2026-08-26 06:14:21,3533,26.6,95.4
2026-08-26 06:14:26,3535,26.6,95.4
2026-08-26 06:14:31,3534,26.6,95.4
2026-08-26 06:14:37,3536,26.6,95.4
2026-08-26 06:14:47,3535,26.6,95.4
2026-08-26 06:14:52,3534,26.6,95.4
2026-08-26 06:14:58,3533,26.6,95.4
2026-08-26 06:15:03,3536,26.6,95.4
2026-08-26 06:15:08,3537,26.6,95.3
2026-08-26 06:15:14,3536,26.6,95.4
2026-08-26 06:15:19,3534,26.6,95.4
2026-08-26 06:15:29,3532,26.6,95.4
2026-08-26 06:15:35,3531,26.6,95.3
2026-08-26 06:15:40,3529,26.6,95.4
2026-08-26 06:15:50,3527,26.6,95.4
2026-08-26 06:15:56,3526,26.6,95.4
2026-08-26 06:16:11,3525,26.6,95.3
2026-08-26 06:16:16,3524,26.6,95.4
2026-08-26 06:16:22,3522,26.6,95.4
2026-08-26 06:16:27,3526,26.6,95.4
2026-08-26 06:16:32,3525,26.6,95.3
2026-08-26 06:16:43,3526,26.6,95.4
2026-08-26 06:16:48,3527,26.6,95.4
2026-08-26 06:16:54,3523,26.6,95.4
2026-08-26 06:16:59,3520,26.6,95.4
2026-08-26 06:17:04,3519,26.6,95.4
2026-08-26 06:17:09,3517,26.6,95.4
2026-08-26 06:17:15,3518,26.6,95.4
2026-08-26 06:17:25,3519,26.6,95.4
2026-08-26 06:17:30,3520,26.6,95.4
2026-08-26 06:17:36,3517,26.6,95.4
2026-08-26 06:17:46,3521,26.6,95.3
2026-08-26 06:17:51,3517,26.6,95.4
2026-08-26 06:17:56,3515,26.6,95.4
2026-08-26 06:18:02,3516,26.6,95.4
2026-08-26 06:18:07,3518,26.6,95.4
2026-08-26 06:18:12,3520,26.6,95.4
2026-08-26 06:18:23,3518,26.6,95.4
2026-08-26 06:18:28,3519,26.6,95.4
2026-08-26 06:18:38,3520,26.6,95.4
2026-08-26 06:18:44,3516,26.6,95.4
2026-08-26 06:18:49,3514,26.6,95.4
2026-08-26 06:18:54,3512,26.6,95.4
2026-08-26 06:19:00,3517,26.6,95.3
2026-08-26 06:19:05,3513,26.6,95.4
2026-08-26 06:19:10,3516,26.6,95.4
2026-08-26 06:19:15,3515,26.6,95.3
2026-08-26 06:19:21,3514,26.6,95.4
2026-08-26 06:19:26,3513,26.6,95.4
2026-08-26 06:19:31,3511,26.6,95.4
2026-08-26 06:19:36,3515,26.6,95.4
2026-08-26 06:19:42,3513,26.6,95.4
2026-08-26 06:19:52,3512,26.6,95.4
2026-08-26 06:20:03,3509,26.6,95.3
2026-08-26 06:20:08,3508,26.6,95.4
2026-08-26 06:20:13,3507,26.6,95.4
2026-08-26 06:20:24,3506,26.6,95.3
2026-08-26 06:20:29,3508,26.6,95.4
2026-08-26 06:20:34,3507,26.6,95.4
2026-08-26 06:20:40,3508,26.6,95.4
2026-08-26 06:20:45,3509,26.6,95.4
2026-08-26 06:20:50,3510,26.6,95.4
2026-08-26 06:21:01,3516,26.6,95.4
2026-08-26 06:21:06,3513,26.6,95.4
2026-08-26 06:21:11,3515,26.6,95.4
2026-08-26 06:21:17,3513,26.6,95.4
2026-08-26 06:21:22,3512,26.6,95.4
2026-08-26 06:21:27,3509,26.6,95.4
2026-08-26 06:21:32,3505,26.6,95.4
2026-08-26 06:21:43,3508,26.6,95.4
2026-08-26 06:21:53,3506,26.6,95.4
2026-08-26 06:21:58,3504,26.6,95.4
2026-08-26 06:22:04,3503,26.6,95.4
2026-08-26 06:22:09,3501,26.6,95.4
2026-08-26 06:22:14,3499,26.6,95.4
2026-08-26 06:22:20,3502,26.6,95.4
2026-08-26 06:22:25,3503,26.6,95.4
2026-08-26 06:22:30,3500,26.6,95.3
2026-08-26 06:22:36,3498,26.6,95.4
2026-08-26 06:22:41,3495,26.6,95.4
2026-08-26 06:22:46,3496,26.6,95.4
2026-08-26 06:22:51,3498,26.6,95.4
2026-08-26 06:22:57,3497,26.6,95.4
2026-08-26 06:23:02,3496,26.6,95.3
2026-08-26 06:23:07,3497,26.6,95.4
2026-08-26 06:23:12,3498,26.6,95.4
2026-08-26 06:23:18,3496,26.6,95.3
2026-08-26 06:23:23,3489,26.6,95.4
2026-08-26 06:23:28,3488,26.6,95.3
2026-08-26 06:23:33,3487,26.6,95.3
2026-08-26 06:23:44,3488,26.6,95.4
2026-08-26 06:23:54,3490,26.6,95.4
2026-08-26 06:24:00,3489,26.6,95.4
2026-08-26 06:24:05,3488,26.6,95.3
2026-08-26 06:24:10,3489,26.6,95.4
2026-08-26 06:24:16,3491,26.6,95.4
2026-08-26 06:24:21,3489,26.6,95.3
2026-08-26 06:24:26,3491,26.6,95.3
2026-08-26 06:24:31,3492,26.6,95.4
2026-08-26 06:24:37,3491,26.6,95.3
2026-08-26 06:24:42,3490,26.6,95.3
2026-08-26 06:24:47,3487,26.6,95.4
2026-08-26 06:24:52,3486,26.6,95.3
2026-08-26 06:24:57,3487,26.6,95.4
2026-08-26 06:25:03,3485,26.6,95.4
2026-08-26 06:25:08,3489,26.6,95.3
2026-08-26 06:25:24,3488,26.6,95.3
2026-08-26 06:25:29,3490,26.6,95.3
2026-08-26 06:25:34,3494,26.6,95.3
2026-08-26 06:25:39,3495,26.6,95.3
2026-08-26 06:25:45,3500,26.6,95.3
2026-08-26 06:25:55,3498,26.6,95.3
2026-08-26 06:26:06,3499,26.6,95.3
2026-08-26 06:26:11,3494,26.6,95.3
2026-08-26 06:26:16,3496,26.6,95.4
2026-08-26 06:26:22,3498,26.6,95.3
2026-08-26 06:26:32,3500,26.6,95.4
2026-08-26 06:26:38,3496,26.6,95.3
2026-08-26 06:26:43,3495,26.6,95.4
2026-08-26 06:26:48,3492,26.6,95.3
2026-08-26 06:26:53,3491,26.6,95.4
2026-08-26 06:27:04,3493,26.6,95.3
2026-08-26 06:27:09,3492,26.6,95.3
2026-08-26 06:27:14,3491,26.6,95.3
2026-08-26 06:27:20,3490,26.6,95.3
2026-08-26 06:27:30,3492,26.6,95.3
2026-08-26 06:27:36,3493,26.6,95.3
2026-08-26 06:27:46,3494,26.6,95.3
2026-08-26 06:27:52,3492,26.6,95.3
2026-08-26 06:27:57,3494,26.6,95.4
2026-08-26 06:28:07,3491,26.6,95.3
2026-08-26 06:28:13,3492,26.6,95.3
2026-08-26 06:28:18,3493,26.6,95.3
2026-08-26 06:28:23,3492,26.6,95.3
2026-08-26 06:28:28,3494,26.6,95.3
2026-08-26 06:28:44,3496,26.6,95.3
2026-08-26 06:28:49,3499,26.6,95.3
2026-08-26 06:28:55,3502,26.6,95.3
2026-08-26 06:29:16,3500,26.6,95.3
2026-08-26 06:29:26,3499,26.6,95.3
2026-08-26 06:29:32,3500,26.6,95.3
2026-08-26 06:29:37,3503,26.6,95.3
2026-08-26 06:29:42,3501,26.6,95.3
2026-08-26 06:29:47,3503,26.6,95.3
2026-08-26 06:29:53,3502,26.6,95.3
2026-08-26 06:30:03,3505,26.6,95.3
2026-08-26 06:30:13,3503,26.6,95.3
2026-08-26 06:30:19,3504,26.6,95.3
2026-08-26 06:30:24,3503,26.6,95.3
2026-08-26 06:30:29,3501,26.6,95.3
2026-08-26 06:30:34,3498,26.6,95.3
2026-08-26 06:30:40,3499,26.6,95.3
2026-08-26 06:30:50,3497,26.6,95.3
2026-08-26 06:30:56,3500,26.6,95.3
2026-08-26 06:31:06,3495,26.6,95.3
2026-08-26 06:31:11,3494,26.6,95.3
2026-08-26 06:31:22,3492,26.6,95.3
2026-08-26 06:31:28,3493,26.6,95.3
2026-08-26 06:31:34,3496,26.6,95.3
2026-08-26 06:31:39,3495,26.6,95.3
2026-08-26 06:31:44,3496,26.6,95.3
2026-08-26 06:31:55,3497,26.6,95.3
2026-08-26 06:32:00,3496,26.6,95.3
2026-08-26 06:32:05,3498,26.6,95.3
2026-08-26 06:32:10,3494,26.6,95.3
2026-08-26 06:32:16,3498,26.6,95.3
2026-08-26 06:32:21,3499,26.6,95.3
2026-08-26 06:32:31,3496,26.6,95.3
2026-08-26 06:32:37,3493,26.6,95.3
2026-08-26 06:32:42,3492,26.6,95.3
2026-08-26 06:32:47,3495,26.6,95.3
2026-08-26 06:32:52,3493,26.6,95.3
2026-08-26 06:32:58,3495,26.6,95.3
2026-08-26 06:33:03,3493,26.6,95.3
2026-08-26 06:33:19,3491,26.6,95.3
2026-08-26 06:33:24,3490,26.6,95.3
2026-08-26 06:33:29,3491,26.6,95.3
2026-08-26 06:33:34,3489,26.6,95.3
2026-08-26 06:33:40,3486,26.6,95.3
2026-08-26 06:33:45,3484,26.6,95.3
2026-08-26 06:33:50,3485,26.6,95.3
2026-08-26 06:34:01,3484,26.6,95.3
2026-08-26 06:34:06,3485,26.6,95.3
2026-08-26 06:34:11,3483,26.6,95.3
2026-08-26 06:34:17,3484,26.6,95.3
2026-08-26 06:34:22,3489,26.6,95.3
2026-08-26 06:34:32,3487,26.6,95.3
2026-08-26 06:34:38,3488,26.6,95.3
2026-08-26 06:34:48,3484,26.6,95.3
2026-08-26 06:34:53,3485,26.6,95.3
2026-08-26 06:34:58,3483,26.6,95.3
2026-08-26 06:35:09,3484,26.6,95.3
2026-08-26 06:35:25,3485,26.6,95.3
2026-08-26 06:35:30,3488,26.6,95.3
2026-08-26 06:35:35,3489,26.6,95.2
2026-08-26 06:35:40,3486,26.6,95.3
2026-08-26 06:35:51,3487,26.6,95.3
2026-08-26 06:35:56,3488,26.6,95.3
2026-08-26 06:36:02,3485,26.6,95.3
2026-08-26 06:36:12,3484,26.6,95.3
2026-08-26 06:36:18,3482,26.6,95.3
2026-08-26 06:36:23,3483,26.6,95.3
2026-08-26 06:36:33,3484,26.6,95.3
2026-08-26 06:36:39,3486,26.6,95.3
2026-08-26 06:36:44,3484,26.6,95.3
2026-08-26 06:36:49,3486,26.6,95.3
2026-08-26 06:36:55,3484,26.6,95.3
2026-08-26 06:37:05,3481,26.6,95.3
2026-08-26 06:37:10,3482,26.6,95.3
2026-08-26 06:37:16,3479,26.6,95.3
2026-08-26 06:37:21,3481,26.6,95.3
2026-08-26 06:37:26,3480,26.6,95.3
2026-08-26 06:37:32,3483,26.6,95.3
2026-08-26 06:37:53,3481,26.6,95.3
2026-08-26 06:37:58,3482,26.6,95.3
2026-08-26 06:38:03,3480,26.6,95.3
2026-08-26 06:38:09,3479,26.6,95.3
2026-08-26 06:38:19,3480,26.6,95.3
2026-08-26 06:38:24,3478,26.6,95.3
2026-08-26 06:38:30,3477,26.6,95.3
2026-08-26 06:38:35,3474,26.6,95.3
2026-08-26 06:38:56,3477,26.6,95.3
2026-08-26 06:39:02,3480,26.6,95.3
2026-08-26 06:39:07,3478,26.6,95.3
2026-08-26 06:39:12,3481,26.6,95.3
2026-08-26 06:39:18,3482,26.6,95.3
2026-08-26 06:39:23,3483,26.6,95.3
2026-08-26 06:39:34,3480,26.6,95.2
2026-08-26 06:39:44,3481,26.6,95.3
2026-08-26 06:39:49,3479,26.6,95.3
2026-08-26 06:40:00,3478,26.6,95.2
2026-08-26 06:40:05,3481,26.6,95.3
2026-08-26 06:40:11,3476,26.6,95.3
2026-08-26 06:40:16,3475,26.6,95.3
2026-08-26 06:40:21,3477,26.6,95.2
2026-08-26 06:40:27,3476,26.6,95.3
2026-08-26 06:40:32,3474,26.6,95.3
2026-08-26 06:40:37,3471,26.6,95.3
2026-08-26 06:40:43,3472,26.6,95.3
2026-08-26 06:40:48,3469,26.6,95.2
2026-08-26 06:40:53,3468,26.6,95.3
2026-08-26 06:40:58,3470,26.6,95.3
2026-08-26 06:41:04,3467,26.6,95.3
2026-08-26 06:41:09,3465,26.6,95.2
2026-08-26 06:41:14,3466,26.6,95.3
2026-08-26 06:41:19,3465,26.6,95.3
2026-08-26 06:41:25,3464,26.6,95.3
2026-08-26 06:41:30,3462,26.6,95.3
2026-08-26 06:41:35,3463,26.6,95.3
2026-08-26 06:41:41,3466,26.6,95.2
2026-08-26 06:41:46,3467,26.6,95.2
2026-08-26 06:41:51,3468,26.6,95.2
2026-08-26 06:42:02,3466,26.6,95.2
2026-08-26 06:42:12,3468,26.6,95.3
2026-08-26 06:42:18,3469,26.6,95.3
2026-08-26 06:42:23,3470,26.6,95.3
2026-08-26 06:42:28,3471,26.6,95.3
2026-08-26 06:42:44,3474,26.6,95.3
2026-08-26 06:42:54,3476,26.6,95.3
2026-08-26 06:43:00,3479,26.6,95.3
2026-08-26 06:43:05,3481,26.6,95.3
2026-08-26 06:43:10,3479,26.6,95.2
2026-08-26 06:43:15,3480,26.6,95.3
2026-08-26 06:43:21,3482,26.6,95.2
2026-08-26 06:43:26,3484,26.6,95.3
2026-08-26 06:43:31,3483,26.6,95.3
2026-08-26 06:43:36,3481,26.6,95.3
2026-08-26 06:43:42,3480,26.6,95.3
2026-08-26 06:43:47,3482,26.6,95.2
2026-08-26 06:44:08,3484,26.6,95.3
2026-08-26 06:44:14,3483,26.6,95.3
2026-08-26 06:44:19,3484,26.6,95.3
2026-08-26 06:44:24,3483,26.6,95.3
2026-08-26 06:44:29,3484,26.6,95.2
2026-08-26 06:44:35,3482,26.6,95.3
2026-08-26 06:44:40,3481,26.6,95.3
2026-08-26 06:44:45,3479,26.6,95.3
2026-08-26 06:44:51,3482,26.6,95.3
2026-08-26 06:44:56,3480,26.6,95.2
2026-08-26 06:45:11,3481,26.6,95.3
2026-08-26 06:45:17,3482,26.6,95.2
2026-08-26 06:45:27,3480,26.6,95.2
2026-08-26 06:45:33,3476,26.6,95.3
2026-08-26 06:45:38,3477,26.6,95.2
2026-08-26 06:45:59,3475,26.6,95.2
2026-08-26 06:46:04,3478,26.6,95.3
2026-08-26 06:46:09,3473,26.6,95.3
2026-08-26 06:46:15,3478,26.6,95.2
2026-08-26 06:46:36,3477,26.6,95.3
2026-08-26 06:46:46,3473,26.6,95.3
2026-08-26 06:46:56,3472,26.6,95.3
2026-08-26 06:47:18,3471,26.6,95.3
2026-08-26 06:47:23,3468,26.6,95.3
2026-08-26 06:47:28,3469,26.6,95.2
2026-08-26 06:47:34,3468,26.6,95.3
2026-08-26 06:47:39,3469,26.6,95.3
2026-08-26 06:47:49,3471,26.6,95.3
2026-08-26 06:47:55,3469,26.6,95.2
2026-08-26 06:48:00,3468,26.6,95.3
2026-08-26 06:48:05,3469,26.6,95.3
2026-08-26 06:48:16,3468,26.6,95.3
2026-08-26 06:48:21,3463,26.6,95.3
2026-08-26 06:48:43,3467,26.6,95.2
2026-08-26 06:48:53,3470,26.6,95.3
2026-08-26 06:49:09,3469,26.6,95.3
2026-08-26 06:49:14,3470,26.6,95.2
2026-08-26 06:49:19,3469,26.6,95.2
2026-08-26 06:49:25,3467,26.6,95.2
2026-08-26 06:49:30,3466,26.6,95.2
2026-08-26 06:49:35,3464,26.6,95.3
2026-08-26 06:49:40,3465,26.6,95.3
2026-08-26 06:49:46,3463,26.6,95.2
2026-08-26 06:49:51,3466,26.6,95.2
2026-08-26 06:49:56,3469,26.6,95.3
2026-08-26 06:50:01,3470,26.6,95.2
2026-08-26 06:50:07,3469,26.6,95.3
2026-08-26 06:50:17,3467,26.6,95.2
2026-08-26 06:50:28,3464,26.6,95.3
2026-08-26 06:50:33,3463,26.6,95.3
2026-08-26 06:50:44,3462,26.6,95.2
2026-08-26 06:50:49,3464,26.6,95.2
2026-08-26 06:50:54,3465,26.6,95.3
2026-08-26 06:50:59,3463,26.6,95.3
2026-08-26 06:51:04,3460,26.6,95.3
2026-08-26 06:51:10,3461,26.6,95.2
2026-08-26 06:51:15,3463,26.6,95.3
2026-08-26 06:51:20,3462,26.6,95.3
2026-08-26 06:51:25,3463,26.6,95.2
2026-08-26 06:51:31,3464,26.6,95.2
2026-08-26 06:51:36,3466,26.6,95.3
2026-08-26 06:51:41,3468,26.6,95.2
2026-08-26 06:51:52,3469,26.6,95.3
2026-08-26 06:51:57,3472,26.6,95.3
2026-08-26 06:52:02,3473,26.6,95.2
2026-08-26 06:52:13,3474,26.6,95.3
2026-08-26 06:52:18,3475,26.6,95.3
2026-08-26 06:52:23,3476,26.6,95.3
2026-08-26 06:52:28,3478,26.6,95.2
2026-08-26 06:52:34,3475,26.6,95.3
2026-08-26 06:52:49,3477,26.6,95.3
2026-08-26 06:52:55,3475,26.6,95.2
2026-08-26 06:53:00,3474,26.6,95.2
2026-08-26 06:53:10,3475,26.6,95.2
2026-08-26 06:53:16,3472,26.6,95.2
2026-08-26 06:53:21,3474,26.6,95.3
2026-08-26 06:53:26,3473,26.6,95.3
2026-08-26 06:53:37,3475,26.6,95.3
2026-08-26 06:53:42,3476,26.6,95.3
2026-08-26 06:53:47,3475,26.6,95.3
2026-08-26 06:53:58,3473,26.6,95.2
2026-08-26 06:54:03,3475,26.6,95.2
2026-08-26 06:54:08,3476,26.6,95.3
2026-08-26 06:54:13,3477,26.6,95.2
2026-08-26 06:54:29,3475,26.6,95.2
2026-08-26 06:54:34,3473,26.6,95.3
2026-08-26 06:54:40,3474,26.6,95.3
2026-08-26 06:54:50,3475,26.6,95.3
2026-08-26 06:54:55,3476,26.6,95.3
2026-08-26 06:55:01,3478,26.6,95.3
2026-08-26 06:55:06,3475,26.6,95.2
2026-08-26 06:55:16,3478,26.6,95.3
2026-08-26 06:55:27,3477,26.6,95.3
2026-08-26 06:55:37,3480,26.6,95.3
2026-08-26 06:55:43,3479,26.6,95.3
2026-08-26 06:55:48,3477,26.6,95.3
2026-08-26 06:55:53,3478,26.6,95.3
2026-08-26 06:55:58,3479,26.6,95.3
2026-08-26 06:56:04,3480,26.6,95.3
2026-08-26 06:56:09,3478,26.6,95.3
2026-08-26 06:56:14,3481,26.6,95.2
2026-08-26 06:56:25,3479,26.6,95.3
2026-08-26 06:56:30,3478,26.6,95.3
2026-08-26 06:56:35,3477,26.6,95.3
2026-08-26 06:56:46,3475,26.6,95.3
2026-08-26 06:56:51,3476,26.6,95.3
2026-08-26 06:56:56,3478,26.6,95.2
2026-08-26 06:57:07,3480,26.6,95.3
2026-08-26 06:57:12,3481,26.6,95.2
2026-08-26 06:57:17,3479,26.6,95.3
2026-08-26 06:57:23,3483,26.6,95.3
2026-08-26 06:57:28,3481,26.6,95.3
2026-08-26 06:57:33,3482,26.6,95.3
2026-08-26 06:57:38,3480,26.6,95.3
2026-08-26 06:57:44,3482,26.6,95.2
2026-08-26 06:57:49,3484,26.6,95.3
2026-08-26 06:57:54,3486,26.6,95.2
2026-08-26 06:57:59,3485,26.6,95.3
2026-08-26 06:58:05,3484,26.6,95.3
2026-08-26 06:58:10,3485,26.6,95.3
2026-08-26 06:58:15,3487,26.6,95.3
2026-08-26 06:58:20,3490,26.6,95.3
2026-08-26 06:58:26,3489,26.6,95.3
2026-08-26 06:58:31,3492,26.6,95.2
2026-08-26 06:58:36,3490,26.6,95.3
2026-08-26 06:58:42,3489,26.6,95.3
2026-08-26 06:58:52,3485,26.6,95.3
2026-08-26 06:59:02,3487,26.6,95.3
2026-08-26 06:59:13,3488,26.6,95.2
2026-08-26 06:59:24,3486,26.6,95.3
2026-08-26 06:59:29,3487,26.6,95.3
2026-08-26 06:59:34,3490,26.6,95.3
2026-08-26 06:59:39,3489,26.6,95.3
2026-08-26 06:59:50,3493,26.6,95.3
2026-08-26 07:00:06,3495,26.6,95.3
2026-08-26 07:00:11,3494,26.6,95.2
2026-08-26 07:00:16,3493,26.6,95.3
2026-08-26 07:00:27,3491,26.6,95.3
2026-08-26 07:00:32,3493,26.6,95.3
2026-08-26 07:00:37,3492,26.6,95.3
2026-08-26 07:00:42,3493,26.6,95.3
2026-08-26 07:00:48,3494,26.6,95.2
2026-08-26 07:00:58,3491,26.6,95.3
2026-08-26 07:01:09,3487,26.6,95.3
2026-08-26 07:01:14,3486,26.6,95.2
2026-08-26 07:01:45,3485,26.6,95.3
2026-08-26 07:01:51,3488,26.6,95.2
2026-08-26 07:01:56,3487,26.6,95.3
2026-08-26 07:02:02,3486,26.6,95.3
2026-08-26 07:02:12,3484,26.6,95.3
2026-08-26 07:02:18,3485,26.6,95.2
2026-08-26 07:02:34,3483,26.6,95.2
2026-08-26 07:02:44,3482,26.6,95.3
2026-08-26 07:02:49,3483,26.6,95.3
2026-08-26 07:02:55,3480,26.6,95.3
2026-08-26 07:03:00,3483,26.6,95.3
2026-08-26 07:03:05,3484,26.6,95.3
2026-08-26 07:03:10,3485,26.6,95.2
2026-08-26 07:03:16,3482,26.6,95.2
2026-08-26 07:03:21,3483,26.6,95.2
2026-08-26 07:03:42,3481,26.6,95.2
2026-08-26 07:03:47,3482,26.6,95.3
2026-08-26 07:03:58,3481,26.6,95.3
2026-08-26 07:04:03,3480,26.6,95.3
2026-08-26 07:04:14,3484,26.6,95.3
2026-08-26 07:04:19,3486,26.6,95.2
2026-08-26 07:04:35,3489,26.6,95.2
2026-08-26 07:04:40,3487,26.6,95.2
2026-08-26 07:04:45,3485,26.6,95.3
2026-08-26 07:04:51,3487,26.6,95.3
2026-08-26 07:04:56,3486,26.6,95.3
2026-08-26 07:05:07,3483,26.6,95.2
2026-08-26 07:05:12,3484,26.6,95.2
2026-08-26 07:05:17,3485,26.6,95.2
2026-08-26 07:05:22,3483,26.6,95.2
2026-08-26 07:05:28,3484,26.6,95.2
2026-08-26 07:05:33,3482,26.6,95.2
2026-08-26 07:05:38,3484,26.6,95.2
2026-08-26 07:05:44,3485,26.6,95.3
2026-08-26 07:05:49,3484,26.6,95.2
2026-08-26 07:05:59,3485,26.6,95.3
2026-08-26 07:06:05,3484,26.6,95.2
2026-08-26 07:06:10,3485,26.6,95.3
2026-08-26 07:06:15,3484,26.6,95.3
2026-08-26 07:06:20,3486,26.6,95.2
2026-08-26 07:06:26,3485,26.6,95.2
2026-08-26 07:06:31,3483,26.6,95.2
2026-08-26 07:06:36,3484,26.6,95.2
2026-08-26 07:06:52,3483,26.6,95.2
2026-08-26 07:06:57,3485,26.6,95.3
2026-08-26 07:07:03,3483,26.6,95.2
2026-08-26 07:07:08,3486,26.6,95.2
2026-08-26 07:07:18,3485,26.6,95.2
2026-08-26 07:07:24,3486,26.6,95.2
2026-08-26 07:07:29,3491,26.6,95.2
2026-08-26 07:07:34,3492,26.6,95.2
2026-08-26 07:07:39,3490,26.6,95.2
2026-08-26 07:07:45,3492,26.6,95.3
2026-08-26 07:07:50,3491,26.6,95.2
2026-08-26 07:08:06,3490,26.6,95.2
2026-08-26 07:08:11,3488,26.6,95.2
2026-08-26 07:08:16,3487,26.6,95.3
2026-08-26 07:08:27,3488,26.6,95.2
2026-08-26 07:08:32,3487,26.6,95.3
2026-08-26 07:08:38,3488,26.6,95.2
2026-08-26 07:08:43,3491,26.6,95.2
2026-08-26 07:08:48,3489,26.6,95.2
2026-08-26 07:09:04,3490,26.6,95.2
2026-08-26 07:09:15,3489,26.6,95.2
2026-08-26 07:09:20,3490,26.6,95.2
2026-08-26 07:09:25,3487,26.6,95.2
2026-08-26 07:09:36,3485,26.6,95.2
2026-08-26 07:09:41,3484,26.6,95.2
2026-08-26 07:09:46,3481,26.6,95.2
2026-08-26 07:09:51,3483,26.6,95.2
2026-08-26 07:10:02,3481,26.6,95.2
2026-08-26 07:10:07,3482,26.6,95.3
2026-08-26 07:10:13,3481,26.6,95.3
2026-08-26 07:10:18,3479,26.6,95.2
2026-08-26 07:10:23,3478,26.6,95.3
2026-08-26 07:10:28,3479,26.6,95.2
2026-08-26 07:10:34,3477,26.6,95.2
2026-08-26 07:10:39,3478,26.6,95.2
2026-08-26 07:10:44,3479,26.6,95.3
2026-08-26 07:10:49,3482,26.6,95.2
2026-08-26 07:10:55,3483,26.6,95.2
2026-08-26 07:11:00,3485,26.6,95.3
2026-08-26 07:11:05,3486,26.6,95.2
2026-08-26 07:11:10,3488,26.6,95.2
2026-08-26 07:11:26,3486,26.6,95.2
2026-08-26 07:11:31,3487,26.6,95.3
2026-08-26 07:11:36,3484,26.6,95.2
2026-08-26 07:11:42,3485,26.6,95.2
2026-08-26 07:11:47,3489,26.6,95.2
2026-08-26 07:11:52,3487,26.6,95.2
2026-08-26 07:11:58,3489,26.6,95.2
2026-08-26 07:12:03,3492,26.6,95.2
2026-08-26 07:12:08,3490,26.6,95.2
2026-08-26 07:12:14,3488,26.6,95.2
2026-08-26 07:12:19,3489,26.6,95.2
2026-08-26 07:12:24,3487,26.6,95.3
2026-08-26 07:12:29,3485,26.6,95.2
2026-08-26 07:12:35,3487,26.6,95.2
2026-08-26 07:12:40,3490,26.6,95.2
2026-08-26 07:12:45,3492,26.6,95.3
2026-08-26 07:12:50,3490,26.6,95.2
2026-08-26 07:13:01,3487,26.6,95.2
2026-08-26 07:13:06,3488,26.6,95.2
2026-08-26 07:13:11,3486,26.6,95.2
2026-08-26 07:13:17,3485,26.6,95.2
2026-08-26 07:13:22,3483,26.6,95.2
2026-08-26 07:13:38,3485,26.6,95.2
2026-08-26 07:13:48,3484,26.6,95.2
2026-08-26 07:13:59,3485,26.6,95.2
2026-08-26 07:14:04,3487,26.6,95.2
2026-08-26 07:14:09,3493,26.6,95.3
2026-08-26 07:14:14,3490,26.6,95.2
2026-08-26 07:14:20,3489,26.6,95.2
2026-08-26 07:14:25,3491,26.6,95.2
2026-08-26 07:14:30,3492,26.6,95.2
2026-08-26 07:14:41,3491,26.6,95.2
2026-08-26 07:14:46,3490,26.6,95.2
2026-08-26 07:14:51,3492,26.6,95.2
2026-08-26 07:14:56,3490,26.6,95.2
2026-08-26 07:15:02,3489,26.6,95.3
2026-08-26 07:15:07,3486,26.6,95.2
2026-08-26 07:15:18,3487,26.6,95.2
2026-08-26 07:15:23,3490,26.6,95.2
2026-08-26 07:15:28,3492,26.6,95.2
2026-08-26 07:15:44,3490,26.6,95.2
2026-08-26 07:15:49,3489,26.6,95.2
2026-08-26 07:15:55,3488,26.6,95.2
2026-08-26 07:16:00,3487,26.6,95.2
2026-08-26 07:16:05,3485,26.6,95.2
2026-08-26 07:16:10,3482,26.6,95.2
2026-08-26 07:16:15,3483,26.6,95.2
2026-08-26 07:16:21,3486,26.6,95.2
2026-08-26 07:16:26,3487,26.6,95.2
2026-08-26 07:16:36,3488,26.6,95.2
2026-08-26 07:16:42,3483,26.6,95.2
2026-08-26 07:16:58,3485,26.6,95.2
2026-08-26 07:17:14,3486,26.6,95.2
2026-08-26 07:17:24,3484,26.6,95.2
2026-08-26 07:17:30,3485,26.6,95.2
2026-08-26 07:17:35,3482,26.6,95.2
2026-08-26 07:17:40,3480,26.6,95.2
2026-08-26 07:17:45,3477,26.6,95.2
2026-08-26 07:17:51,3476,26.6,95.2
2026-08-26 07:17:56,3478,26.6,95.2
2026-08-26 07:18:07,3481,26.6,95.2
2026-08-26 07:18:12,3483,26.6,95.2
2026-08-26 07:18:17,3482,26.6,95.2
2026-08-26 07:18:23,3483,26.6,95.2
2026-08-26 07:18:33,3480,26.6,95.2
2026-08-26 07:18:44,3479,26.6,95.2
2026-08-26 07:18:54,3481,26.6,95.2
2026-08-26 07:19:00,3478,26.6,95.2
2026-08-26 07:19:05,3477,26.6,95.2
2026-08-26 07:19:16,3474,26.6,95.2
2026-08-26 07:19:21,3472,26.6,95.2
2026-08-26 07:19:31,3474,26.6,95.2
2026-08-26 07:19:37,3477,26.6,95.2
2026-08-26 07:19:52,3476,26.6,95.2
2026-08-26 07:19:57,3475,26.6,95.2
2026-08-26 07:20:03,3477,26.6,95.2
2026-08-26 07:20:13,3479,26.6,95.2
2026-08-26 07:20:19,3480,26.6,95.2
2026-08-26 07:20:24,3478,26.6,95.2
2026-08-26 07:20:29,3480,26.6,95.2
2026-08-26 07:20:34,3476,26.6,95.2
2026-08-26 07:20:40,3477,26.6,95.2
2026-08-26 07:20:45,3476,26.6,95.2
2026-08-26 07:20:50,3477,26.6,95.2
2026-08-26 07:21:01,3475,26.6,95.2
2026-08-26 07:21:06,3474,26.6,95.2
2026-08-26 07:21:11,3473,26.6,95.2
2026-08-26 07:21:16,3475,26.6,95.2
2026-08-26 07:21:22,3472,26.6,95.2
2026-08-26 07:21:27,3471,26.6,95.2
2026-08-26 07:21:37,3472,26.6,95.2
2026-08-26 07:21:48,3474,26.6,95.2
2026-08-26 07:21:53,3473,26.6,95.2
2026-08-26 07:22:04,3469,26.6,95.2
2026-08-26 07:22:09,3472,26.6,95.2
2026-08-26 07:22:15,3474,26.6,95.2
2026-08-26 07:22:20,3473,26.6,95.2
2026-08-26 07:22:25,3475,26.6,95.2
2026-08-26 07:22:36,3472,26.6,95.2
2026-08-26 07:22:41,3471,26.6,95.2
2026-08-26 07:22:46,3473,26.6,95.2
2026-08-26 07:22:51,3472,26.6,95.2
2026-08-26 07:22:57,3474,26.6,95.2
2026-08-26 07:23:02,3472,26.6,95.2
2026-08-26 07:23:07,3475,26.6,95.2
2026-08-26 07:23:18,3479,26.6,95.2
2026-08-26 07:23:23,3480,26.6,95.2
2026-08-26 07:23:28,3482,26.6,95.2
2026-08-26 07:23:39,3484,26.6,95.2
2026-08-26 07:23:44,3483,26.6,95.2
2026-08-26 07:23:55,3479,26.6,95.2
2026-08-26 07:24:00,3482,26.6,95.2
2026-08-26 07:24:05,3484,26.6,95.2
2026-08-26 07:24:11,3486,26.6,95.2
2026-08-26 07:24:21,3485,26.6,95.2
2026-08-26 07:24:32,3486,26.6,95.2
2026-08-26 07:24:37,3484,26.6,95.2
2026-08-26 07:24:42,3482,26.6,95.2
2026-08-26 07:24:47,3479,26.6,95.2
2026-08-26 07:24:58,3482,26.6,95.2
2026-08-26 07:25:03,3485,26.6,95.2
2026-08-26 07:25:14,3487,26.6,95.2
2026-08-26 07:25:19,3485,26.6,95.2
2026-08-26 07:25:24,3483,26.6,95.2
2026-08-26 07:25:29,3482,26.6,95.2
2026-08-26 07:25:35,3483,26.6,95.2
2026-08-26 07:25:40,3485,26.6,95.2
2026-08-26 07:25:45,3490,26.6,95.2
2026-08-26 07:25:56,3487,26.6,95.2
2026-08-26 07:26:01,3492,26.6,95.2
2026-08-26 07:26:06,3491,26.6,95.2
2026-08-26 07:26:11,3487,26.6,95.2
2026-08-26 07:26:17,3486,26.6,95.2
2026-08-26 07:26:22,3485,26.6,95.2
2026-08-26 07:26:27,3486,26.6,95.2
2026-08-26 07:26:32,3483,26.6,95.2
2026-08-26 07:26:38,3485,26.6,95.2
2026-08-26 07:26:43,3479,26.6,95.2
2026-08-26 07:26:48,3477,26.6,95.2
2026-08-26 07:26:53,3476,26.6,95.2
2026-08-26 07:27:04,3474,26.6,95.2
2026-08-26 07:27:15,3473,26.6,95.2
2026-08-26 07:27:20,3474,26.6,95.2
2026-08-26 07:27:25,3478,26.6,95.2
2026-08-26 07:27:30,3479,26.6,95.2
2026-08-26 07:27:41,3480,26.6,95.2
2026-08-26 07:27:46,3478,26.6,95.2
2026-08-26 07:27:51,3479,26.6,95.2
2026-08-26 07:27:57,3480,26.6,95.2
2026-08-26 07:28:02,3481,26.6,95.2
2026-08-26 07:28:07,3485,26.6,95.2
2026-08-26 07:28:18,3482,26.6,95.2
2026-08-26 07:28:23,3479,26.6,95.2
2026-08-26 07:28:28,3478,26.6,95.2
2026-08-26 07:28:34,3480,26.6,95.2
2026-08-26 07:28:39,3481,26.6,95.2
2026-08-26 07:28:44,3480,26.6,95.2
2026-08-26 07:28:49,3479,26.6,95.2
2026-08-26 07:28:55,3478,26.6,95.2
2026-08-26 07:29:00,3477,26.6,95.2
2026-08-26 07:29:05,3476,26.6,95.2
2026-08-26 07:29:11,3479,26.6,95.2
2026-08-26 07:29:32,3485,26.6,95.2
2026-08-26 07:29:37,3487,26.6,95.1
2026-08-26 07:29:47,3486,26.6,95.2
2026-08-26 07:29:53,3487,26.6,95.2
2026-08-26 07:29:58,3485,26.6,95.2
2026-08-26 07:30:03,3488,26.6,95.2
2026-08-26 07:30:14,3483,26.6,95.2
2026-08-26 07:30:19,3484,26.6,95.2
2026-08-26 07:30:29,3485,26.6,95.2
2026-08-26 07:30:35,3482,26.6,95.2
2026-08-26 07:30:40,3480,26.6,95.2
2026-08-26 07:30:45,3482,26.6,95.2
2026-08-26 07:30:51,3481,26.6,95.2
2026-08-26 07:30:56,3479,26.6,95.2
2026-08-26 07:31:01,3478,26.6,95.2
2026-08-26 07:31:17,3476,26.6,95.2
2026-08-26 07:31:22,3471,26.6,95.2
2026-08-26 07:31:28,3473,26.6,95.1
2026-08-26 07:31:33,3474,26.6,95.2
2026-08-26 07:31:38,3476,26.6,95.2
2026-08-26 07:31:43,3474,26.6,95.2
2026-08-26 07:31:49,3476,26.6,95.2
2026-08-26 07:31:54,3478,26.6,95.2
2026-08-26 07:31:59,3479,26.6,95.2
2026-08-26 07:32:04,3481,26.6,95.2
2026-08-26 07:32:10,3477,26.6,95.2
2026-08-26 07:32:15,3479,26.6,95.2
2026-08-26 07:32:20,3481,26.6,95.2
2026-08-26 07:32:31,3483,26.6,95.2
2026-08-26 07:32:36,3482,26.6,95.2
2026-08-26 07:32:46,3478,26.6,95.2
2026-08-26 07:32:57,3479,26.6,95.2
2026-08-26 07:33:02,3480,26.6,95.1
2026-08-26 07:33:08,3479,26.6,95.2
2026-08-26 07:33:13,3477,26.6,95.2
2026-08-26 07:33:18,3480,26.6,95.2
2026-08-26 07:33:23,3482,26.6,95.2
2026-08-26 07:33:29,3483,26.6,95.1
2026-08-26 07:33:34,3481,26.6,95.2
2026-08-26 07:33:44,3479,26.6,95.2
2026-08-26 07:33:50,3476,26.6,95.2
2026-08-26 07:33:55,3477,26.6,95.2
2026-08-26 07:34:01,3471,26.6,95.2
2026-08-26 07:34:06,3470,26.6,95.2
2026-08-26 07:34:11,3473,26.6,95.2
2026-08-26 07:34:16,3469,26.6,95.1
2026-08-26 07:34:22,3471,26.6,95.2
2026-08-26 07:34:37,3468,26.6,95.2
2026-08-26 07:34:43,3466,26.6,95.2
2026-08-26 07:34:48,3468,26.6,95.2
2026-08-26 07:34:58,3469,26.6,95.2
2026-08-26 07:35:04,3467,26.6,95.2
2026-08-26 07:35:09,3468,26.6,95.2
2026-08-26 07:35:14,3467,26.6,95.2
2026-08-26 07:35:19,3471,26.6,95.2
2026-08-26 07:35:30,3470,26.6,95.2
2026-08-26 07:35:35,3472,26.6,95.2
2026-08-26 07:35:40,3473,26.6,95.2
2026-08-26 07:35:46,3477,26.6,95.1
2026-08-26 07:35:56,3476,26.6,95.2
2026-08-26 07:36:02,3479,26.6,95.2
2026-08-26 07:36:07,3481,26.6,95.1
2026-08-26 07:36:12,3479,26.6,95.1
2026-08-26 07:36:17,3482,26.6,95.2
2026-08-26 07:36:23,3481,26.6,95.2
2026-08-26 07:36:28,3484,26.6,95.1
2026-08-26 07:36:33,3481,26.6,95.2
2026-08-26 07:36:44,3483,26.6,95.1
2026-08-26 07:36:54,3479,26.6,95.2
2026-08-26 07:37:00,3480,26.6,95.2
2026-08-26 07:37:05,3479,26.6,95.2
2026-08-26 07:37:15,3481,26.6,95.2
2026-08-26 07:37:20,3479,26.6,95.2
2026-08-26 07:37:31,3482,26.6,95.2
2026-08-26 07:37:36,3480,26.6,95.2
2026-08-26 07:37:42,3479,26.6,95.2
2026-08-26 07:37:47,3481,26.6,95.2
2026-08-26 07:37:52,3478,26.6,95.2
2026-08-26 07:37:57,3477,26.6,95.2
2026-08-26 07:38:03,3478,26.6,95.2
2026-08-26 07:38:08,3477,26.6,95.1
2026-08-26 07:38:29,3473,26.6,95.1
2026-08-26 07:38:34,3472,26.6,95.2
2026-08-26 07:38:39,3475,26.6,95.1
2026-08-26 07:38:44,3474,26.6,95.1
2026-08-26 07:38:50,3471,26.6,95.2
2026-08-26 07:39:00,3470,26.6,95.2
2026-08-26 07:39:11,3471,26.6,95.2
2026-08-26 07:39:21,3468,26.6,95.2
2026-08-26 07:39:27,3465,26.6,95.2
2026-08-26 07:39:32,3464,26.6,95.2
2026-08-26 07:39:37,3463,26.6,95.2
2026-08-26 07:39:48,3462,26.6,95.2
2026-08-26 07:39:53,3464,26.6,95.2
2026-08-26 07:39:58,3469,26.6,95.2
2026-08-26 07:40:03,3468,26.6,95.2
2026-08-26 07:40:09,3469,26.6,95.2
2026-08-26 07:40:14,3465,26.6,95.2
2026-08-26 07:40:24,3466,26.6,95.1
2026-08-26 07:40:35,3467,26.6,95.1
2026-08-26 07:40:40,3468,26.6,95.2
2026-08-26 07:40:45,3470,26.6,95.2
2026-08-26 07:41:01,3471,26.6,95.1
2026-08-26 07:41:07,3472,26.6,95.2
2026-08-26 07:41:17,3477,26.6,95.1
2026-08-26 07:41:23,3475,26.6,95.1
2026-08-26 07:41:28,3474,26.6,95.2
2026-08-26 07:41:33,3477,26.6,95.1
2026-08-26 07:41:38,3470,26.6,95.2
2026-08-26 07:41:43,3472,26.6,95.2
2026-08-26 07:41:49,3471,26.6,95.1
2026-08-26 07:41:54,3474,26.6,95.1
2026-08-26 07:41:59,3479,26.6,95.1
2026-08-26 07:42:05,3482,26.6,95.2
2026-08-26 07:42:20,3484,26.6,95.2
2026-08-26 07:42:26,3483,26.6,95.1
2026-08-26 07:42:31,3485,26.6,95.1
2026-08-26 07:42:36,3488,26.6,95.2
2026-08-26 07:42:42,3489,26.6,95.2
2026-08-26 07:42:47,3488,26.6,95.2
2026-08-26 07:42:52,3486,26.6,95.2
2026-08-26 07:42:57,3483,26.6,95.2
2026-08-26 07:43:13,3486,26.6,95.2
2026-08-26 07:43:18,3484,26.6,95.2
2026-08-26 07:43:24,3483,26.6,95.2
2026-08-26 07:43:29,3485,26.6,95.1
2026-08-26 07:43:39,3484,26.6,95.2
2026-08-26 07:43:50,3482,26.6,95.2
2026-08-26 07:43:55,3479,26.6,95.2
2026-08-26 07:44:00,3475,26.6,95.2
2026-08-26 07:44:05,3476,26.6,95.1
2026-08-26 07:44:16,3477,26.6,95.2
2026-08-26 07:44:27,3479,26.6,95.2
2026-08-26 07:44:32,3476,26.6,95.1
2026-08-26 07:44:48,3475,26.6,95.2
2026-08-26 07:44:58,3473,26.6,95.1
2026-08-26 07:45:04,3476,26.6,95.2
2026-08-26 07:45:09,3475,26.6,95.1
2026-08-26 07:45:14,3476,26.6,95.1
2026-08-26 07:45:19,3474,26.6,95.1
2026-08-26 07:45:25,3473,26.6,95.2
2026-08-26 07:45:30,3472,26.6,95.2
2026-08-26 07:45:35,3473,26.6,95.2
2026-08-26 07:45:46,3472,26.6,95.1
2026-08-26 07:45:51,3470,26.6,95.2
2026-08-26 07:46:02,3469,26.6,95.1
2026-08-26 07:46:07,3473,26.6,95.2
2026-08-26 07:46:12,3475,26.6,95.1
2026-08-26 07:46:17,3477,26.6,95.2
2026-08-26 07:46:23,3475,26.6,95.2
2026-08-26 07:46:39,3476,26.6,95.2
2026-08-26 07:46:49,3479,26.6,95.2
2026-08-26 07:46:54,3478,26.6,95.1
2026-08-26 07:47:10,3477,26.6,95.2
2026-08-26 07:47:21,3478,26.6,95.2
2026-08-26 07:47:31,3479,26.6,95.2
2026-08-26 07:47:37,3478,26.6,95.2
2026-08-26 07:47:42,3482,26.6,95.1
2026-08-26 07:47:47,3485,26.6,95.2
2026-08-26 07:47:53,3488,26.6,95.2
2026-08-26 07:47:58,3487,26.6,95.2
2026-08-26 07:48:03,3488,26.6,95.2
2026-08-26 07:48:08,3487,26.6,95.2
2026-08-26 07:48:13,3488,26.6,95.2
2026-08-26 07:48:19,3491,26.6,95.2
2026-08-26 07:48:24,3493,26.6,95.2
2026-08-26 07:48:29,3494,26.6,95.2
2026-08-26 07:48:34,3491,26.6,95.1
2026-08-26 07:48:40,3492,26.6,95.2
2026-08-26 07:48:50,3490,26.6,95.2
2026-08-26 07:48:56,3489,26.6,95.1
2026-08-26 07:49:06,3488,26.6,95.2
2026-08-26 07:49:12,3490,26.6,95.2
2026-08-26 07:49:17,3487,26.6,95.2
2026-08-26 07:49:23,3488,26.6,95.2
2026-08-26 07:49:28,3485,26.6,95.2
2026-08-26 07:49:33,3486,26.6,95.1
2026-08-26 07:49:38,3489,26.6,95.2
2026-08-26 07:49:49,3486,26.6,95.2
2026-08-26 07:49:54,3488,26.6,95.2
2026-08-26 07:50:00,3485,26.6,95.2
2026-08-26 07:50:05,3484,26.6,95.2
2026-08-26 07:50:15,3485,26.6,95.1
2026-08-26 07:50:21,3484,26.6,95.2
2026-08-26 07:50:31,3483,26.6,95.1
2026-08-26 07:50:36,3482,26.6,95.1
2026-08-26 07:50:42,3480,26.6,95.1
2026-08-26 07:50:47,3478,26.6,95.2
2026-08-26 07:51:03,3474,26.6,95.2
2026-08-26 07:51:13,3472,26.6,95.2
2026-08-26 07:51:18,3476,26.6,95.1
2026-08-26 07:51:24,3474,26.6,95.2
2026-08-26 07:51:29,3473,26.6,95.1
2026-08-26 07:51:34,3471,26.6,95.2
2026-08-26 07:51:39,3473,26.6,95.1
2026-08-26 07:51:45,3472,26.6,95.1
2026-08-26 07:51:50,3473,26.6,95.1
2026-08-26 07:51:55,3472,26.6,95.2
2026-08-26 07:52:00,3471,26.6,95.2
2026-08-26 07:52:16,3474,26.6,95.1
2026-08-26 07:52:21,3472,26.6,95.1
2026-08-26 07:52:26,3473,26.6,95.2
2026-08-26 07:52:32,3472,26.6,95.1
2026-08-26 07:52:37,3474,26.6,95.1
2026-08-26 07:52:43,3472,26.6,95.2
2026-08-26 07:52:58,3476,26.6,95.2
2026-08-26 07:53:04,3474,26.6,95.1
2026-08-26 07:53:09,3472,26.6,95.1
2026-08-26 07:53:14,3473,26.6,95.1
2026-08-26 07:53:24,3474,26.6,95.2
2026-08-26 07:53:30,3472,26.6,95.2
2026-08-26 07:53:46,3471,26.6,95.2
2026-08-26 07:54:01,3474,26.6,95.2
2026-08-26 07:54:07,3477,26.6,95.1
2026-08-26 07:54:17,3478,26.6,95.2
2026-08-26 07:54:28,3479,26.6,95.2
2026-08-26 07:54:33,3476,26.6,95.2
2026-08-26 07:54:38,3475,26.6,95.2
2026-08-26 07:54:43,3474,26.6,95.1
2026-08-26 07:54:49,3475,26.6,95.1
2026-08-26 07:54:54,3477,26.6,95.2
2026-08-26 07:54:59,3475,26.6,95.1
2026-08-26 07:55:04,3473,26.6,95.1
2026-08-26 07:55:09,3474,26.6,95.1
2026-08-26 07:55:15,3476,26.6,95.1
2026-08-26 07:55:20,3478,26.6,95.1
2026-08-26 07:55:25,3477,26.6,95.2
2026-08-26 07:55:31,3478,26.6,95.2
2026-08-26 07:55:36,3480,26.6,95.1
2026-08-26 07:55:46,3481,26.6,95.2
2026-08-26 07:55:51,3480,26.6,95.1
2026-08-26 07:55:57,3478,26.6,95.2
2026-08-26 07:56:02,3482,26.6,95.1
2026-08-26 07:56:07,3481,26.6,95.1
2026-08-26 07:56:18,3479,26.6,95.2
2026-08-26 07:56:23,3481,26.6,95.1
2026-08-26 07:56:29,3484,26.6,95.1
2026-08-26 07:56:34,3483,26.6,95.2
2026-08-26 07:56:39,3487,26.6,95.2
2026-08-26 07:56:55,3488,26.6,95.2
2026-08-26 07:57:00,3487,26.6,95.1
2026-08-26 07:57:16,3486,26.6,95.2
2026-08-26 07:57:21,3485,26.6,95.1
2026-08-26 07:57:26,3483,26.6,95.2
2026-08-26 07:57:37,3482,26.6,95.1
2026-08-26 07:57:48,3480,26.6,95.1
2026-08-26 07:57:53,3481,26.6,95.1
2026-08-26 07:57:58,3482,26.6,95.2
2026-08-26 07:58:04,3479,26.6,95.2
2026-08-26 07:58:09,3471,26.6,95.1
2026-08-26 07:58:24,3470,26.6,95.1
2026-08-26 07:58:30,3471,26.6,95.1
2026-08-26 07:58:35,3472,26.6,95.2
2026-08-26 07:58:40,3476,26.6,95.2
2026-08-26 07:58:45,3473,26.6,95.2
2026-08-26 07:58:51,3472,26.6,95.1
2026-08-26 07:58:56,3469,26.6,95.2
2026-08-26 07:59:01,3474,26.6,95.2
2026-08-26 07:59:06,3472,26.6,95.1
2026-08-26 07:59:11,3475,26.6,95.2
2026-08-26 07:59:17,3477,26.6,95.1
2026-08-26 07:59:22,3478,26.6,95.2
2026-08-26 07:59:32,3479,26.6,95.1
2026-08-26 07:59:38,3480,26.6,95.1
2026-08-26 07:59:54,3477,26.6,95.2
2026-08-26 07:59:59,3475,26.6,95.2
2026-08-26 08:00:04,3477,26.6,95.1
2026-08-26 08:00:10,3473,26.6,95.1
2026-08-26 08:00:15,3477,26.6,95.1
2026-08-26 08:00:26,3479,26.6,95.2
2026-08-26 08:00:31,3477,26.6,95.1
2026-08-26 08:00:36,3480,26.6,95.2
2026-08-26 08:00:41,3482,26.6,95.2
2026-08-26 08:00:52,3483,26.6,95.2
2026-08-26 08:00:57,3485,26.6,95.2
2026-08-26 08:01:08,3484,26.6,95.1
2026-08-26 08:01:13,3485,26.6,95.2
2026-08-26 08:01:18,3488,26.6,95.2
2026-08-26 08:01:23,3489,26.6,95.1
2026-08-26 08:01:29,3490,26.6,95.2
2026-08-26 08:01:39,3489,26.6,95.2
2026-08-26 08:01:55,3490,26.6,95.1
2026-08-26 08:02:00,3489,26.6,95.1
2026-08-26 08:02:06,3491,26.6,95.2
2026-08-26 08:02:11,3489,26.6,95.2
2026-08-26 08:02:16,3491,26.6,95.1
2026-08-26 08:02:22,3490,26.6,95.1
2026-08-26 08:02:32,3488,26.6,95.1
2026-08-26 08:02:37,3485,26.6,95.1
2026-08-26 08:02:43,3488,26.6,95.1
2026-08-26 08:02:48,3489,26.6,95.2
2026-08-26 08:02:53,3488,26.6,95.2
2026-08-26 08:03:15,3486,26.6,95.2
2026-08-26 08:03:20,3487,26.6,95.1
2026-08-26 08:03:25,3486,26.6,95.2
2026-08-26 08:03:35,3487,26.6,95.1
2026-08-26 08:03:41,3489,26.6,95.2
2026-08-26 08:03:51,3490,26.6,95.1
2026-08-26 08:03:56,3489,26.6,95.2
2026-08-26 08:04:02,3487,26.6,95.2
2026-08-26 08:04:07,3484,26.6,95.2
2026-08-26 08:04:17,3487,26.6,95.2
2026-08-26 08:04:23,3490,26.6,95.2
2026-08-26 08:04:28,3491,26.6,95.2
2026-08-26 08:04:33,3488,26.5,95.2
2026-08-26 08:04:38,3490,26.6,95.1
2026-08-26 08:04:44,3491,26.5,95.2
2026-08-26 08:04:49,3494,26.6,95.1
2026-08-26 08:04:54,3491,26.6,95.2
2026-08-26 08:04:59,3494,26.6,95.1
2026-08-26 08:05:05,3493,26.6,95.1
2026-08-26 08:05:10,3494,26.6,95.2
2026-08-26 08:05:15,3498,26.6,95.2
2026-08-26 08:05:20,3497,26.6,95.2
2026-08-26 08:05:26,3496,26.6,95.2
2026-08-26 08:05:31,3495,26.6,95.2
2026-08-26 08:05:36,3497,26.6,95.2
2026-08-26 08:05:41,3498,26.6,95.2
2026-08-26 08:05:47,3497,26.6,95.2
2026-08-26 08:05:52,3496,26.6,95.2
2026-08-26 08:05:57,3497,26.6,95.1
2026-08-26 08:06:13,3496,26.6,95.2
2026-08-26 08:06:18,3495,26.5,95.2
2026-08-26 08:06:23,3497,26.6,95.1
2026-08-26 08:06:39,3499,26.6,95.2
2026-08-26 08:06:44,3496,26.6,95.2
2026-08-26 08:06:55,3499,26.6,95.2
2026-08-26 08:07:00,3502,26.6,95.2
2026-08-26 08:07:05,3505,26.6,95.2
2026-08-26 08:07:10,3506,26.6,95.1
2026-08-26 08:07:16,3504,26.6,95.1
2026-08-26 08:07:21,3505,26.6,95.1
2026-08-26 08:07:26,3510,26.6,95.1
2026-08-26 08:07:37,3512,26.6,95.1
2026-08-26 08:07:42,3513,26.6,95.1
2026-08-26 08:07:47,3511,26.6,95.2
2026-08-26 08:07:52,3509,26.6,95.1
2026-08-26 08:07:58,3512,26.6,95.1
2026-08-26 08:08:03,3510,26.6,95.2
2026-08-26 08:08:08,3509,26.6,95.2
2026-08-26 08:08:13,3505,26.6,95.1
2026-08-26 08:08:18,3506,26.6,95.1
2026-08-26 08:08:24,3507,26.6,95.1
2026-08-26 08:08:29,3508,26.6,95.1
2026-08-26 08:08:34,3509,26.6,95.2
2026-08-26 08:08:45,3512,26.6,95.1
2026-08-26 08:08:50,3513,26.6,95.1
2026-08-26 08:08:55,3517,26.6,95.1
2026-08-26 08:09:01,3515,26.6,95.1
2026-08-26 08:09:06,3514,26.6,95.1
2026-08-26 08:09:27,3516,26.6,95.2
2026-08-26 08:09:32,3517,26.6,95.2
2026-08-26 08:09:37,3516,26.5,95.1
2026-08-26 08:09:43,3517,26.6,95.1
2026-08-26 08:09:48,3515,26.6,95.2
2026-08-26 08:09:53,3513,26.6,95.1
2026-08-26 08:10:04,3512,26.6,95.1
2026-08-26 08:10:14,3509,26.6,95.2
2026-08-26 08:10:20,3511,26.6,95.1
2026-08-26 08:10:25,3510,26.6,95.2
2026-08-26 08:10:30,3512,26.6,95.1
2026-08-26 08:10:36,3513,26.6,95.2
2026-08-26 08:10:41,3509,26.6,95.1
2026-08-26 08:10:46,3508,26.6,95.1
2026-08-26 08:10:57,3506,26.6,95.1
2026-08-26 08:11:02,3507,26.6,95.1
2026-08-26 08:11:07,3504,26.6,95.2
2026-08-26 08:11:12,3505,26.6,95.1
2026-08-26 08:11:17,3503,26.6,95.1
2026-08-26 08:11:23,3502,26.6,95.1
2026-08-26 08:11:28,3500,26.6,95.2
2026-08-26 08:11:33,3501,26.6,95.1
2026-08-26 08:11:49,3503,26.6,95.1
2026-08-26 08:11:59,3505,26.6,95.1
2026-08-26 08:12:05,3506,26.6,95.1
2026-08-26 08:12:10,3505,26.6,95.1
2026-08-26 08:12:15,3509,26.6,95.1
2026-08-26 08:12:20,3510,26.6,95.1
2026-08-26 08:12:26,3509,26.6,95.1
2026-08-26 08:12:31,3510,26.6,95.1
2026-08-26 08:12:36,3508,26.6,95.1
2026-08-26 08:12:41,3512,26.6,95.1
2026-08-26 08:12:52,3514,26.6,95.1
2026-08-26 08:12:57,3512,26.6,95.1
2026-08-26 08:13:03,3511,26.5,95.1
2026-08-26 08:13:08,3509,26.6,95.1
2026-08-26 08:13:18,3507,26.6,95.1
2026-08-26 08:13:24,3509,26.6,95.1
2026-08-26 08:13:29,3510,26.6,95.1
2026-08-26 08:13:34,3508,26.6,95.1
2026-08-26 08:13:39,3511,26.6,95.1
2026-08-26 08:13:45,3508,26.6,95.1
2026-08-26 08:13:50,3504,26.6,95.1
2026-08-26 08:13:56,3505,26.5,95.1
2026-08-26 08:14:01,3507,26.6,95.1
2026-08-26 08:14:06,3506,26.6,95.1
2026-08-26 08:14:11,3508,26.6,95.1
2026-08-26 08:14:22,3510,26.6,95.1
2026-08-26 08:14:27,3511,26.6,95.1
2026-08-26 08:14:32,3509,26.6,95.1
2026-08-26 08:14:43,3508,26.6,95.1
2026-08-26 08:14:48,3506,26.6,95.1
2026-08-26 08:14:53,3509,26.6,95.1
2026-08-26 08:15:04,3510,26.6,95.1
2026-08-26 08:15:09,3512,26.6,95.1
2026-08-26 08:15:14,3511,26.6,95.1
2026-08-26 08:15:20,3507,26.6,95.1
2026-08-26 08:15:35,3509,26.6,95.1
2026-08-26 08:15:40,3510,26.6,95.1
2026-08-26 08:15:51,3509,26.6,95.1
2026-08-26 08:16:02,3507,26.6,95.1
2026-08-26 08:16:18,3504,26.6,95.1
2026-08-26 08:16:23,3505,26.6,95.1
2026-08-26 08:16:33,3502,26.6,95.1
2026-08-26 08:16:39,3500,26.6,95.1
2026-08-26 08:16:44,3502,26.6,95.2
2026-08-26 08:16:49,3500,26.6,95.1
2026-08-26 08:16:55,3498,26.6,95.2
2026-08-26 08:17:05,3495,26.6,95.2
2026-08-26 08:17:10,3494,26.6,95.1
2026-08-26 08:17:15,3493,26.6,95.1
2026-08-26 08:17:21,3496,26.6,95.1
2026-08-26 08:17:31,3492,26.6,95.1
2026-08-26 08:17:42,3490,26.6,95.1
2026-08-26 08:17:47,3492,26.6,95.1
2026-08-26 08:17:53,3490,26.6,95.1
2026-08-26 08:17:58,3488,26.6,95.1
2026-08-26 08:18:03,3487,26.6,95.1
2026-08-26 08:18:08,3486,26.6,95.1
2026-08-26 08:18:14,3487,26.6,95.1
2026-08-26 08:18:19,3492,26.6,95.1
2026-08-26 08:18:24,3493,26.6,95.1
2026-08-26 08:18:29,3489,26.6,95.1
2026-08-26 08:18:35,3486,26.6,95.1
2026-08-26 08:18:40,3487,26.6,95.1
2026-08-26 08:18:45,3486,26.6,95.1
2026-08-26 08:18:56,3485,26.6,95.1
2026-08-26 08:19:01,3487,26.6,95.1
2026-08-26 08:19:06,3492,26.6,95.1
2026-08-26 08:19:11,3490,26.6,95.1
2026-08-26 08:19:16,3491,26.6,95.1
2026-08-26 08:19:27,3489,26.5,95.1
2026-08-26 08:19:32,3488,26.5,95.1
2026-08-26 08:19:38,3489,26.6,95.1
2026-08-26 08:19:43,3486,26.6,95.1
2026-08-26 08:19:53,3484,26.6,95.1
2026-08-26 08:19:59,3487,26.6,95.1
2026-08-26 08:20:09,3485,26.6,95.1
2026-08-26 08:20:14,3486,26.6,95.1
2026-08-26 08:20:19,3490,26.6,95.1
2026-08-26 08:20:30,3488,26.6,95.1
2026-08-26 08:20:41,3486,26.6,95.1
2026-08-26 08:20:51,3487,26.6,95.1
2026-08-26 08:20:56,3490,26.6,95.1
2026-08-26 08:21:07,3488,26.6,95.1
2026-08-26 08:21:12,3487,26.6,95.1
2026-08-26 08:21:17,3486,26.6,95.1
2026-08-26 08:21:23,3485,26.5,95.1
2026-08-26 08:21:28,3487,26.6,95.1
2026-08-26 08:21:33,3489,26.6,95.1
2026-08-26 08:21:38,3490,26.6,95.1
2026-08-26 08:21:43,3488,26.6,95.1
2026-08-26 08:21:49,3486,26.6,95.1
2026-08-26 08:21:54,3488,26.6,95.1
2026-08-26 08:21:59,3489,26.6,95.1
2026-08-26 08:22:05,3492,26.6,95.1
2026-08-26 08:22:10,3489,26.6,95.1
2026-08-26 08:22:15,3488,26.6,95.1
2026-08-26 08:22:20,3487,26.6,95.1
2026-08-26 08:22:26,3486,26.6,95.1
2026-08-26 08:22:36,3484,26.6,95.1
2026-08-26 08:22:42,3482,26.6,95.1
2026-08-26 08:22:47,3486,26.6,95.1
2026-08-26 08:22:52,3487,26.6,95.1
2026-08-26 08:22:57,3490,26.6,95.1
2026-08-26 08:23:03,3488,26.6,95.1
2026-08-26 08:23:08,3487,26.5,95.1
2026-08-26 08:23:24,3484,26.6,95.1
2026-08-26 08:23:34,3482,26.6,95.0
2026-08-26 08:23:40,3481,26.6,95.1
2026-08-26 08:23:45,3480,26.6,95.1
2026-08-26 08:23:50,3483,26.6,95.1
2026-08-26 08:24:06,3481,26.5,95.1
2026-08-26 08:24:11,3479,26.6,95.1
2026-08-26 08:24:32,3482,26.6,95.1
2026-08-26 08:24:37,3481,26.6,95.1
2026-08-26 08:24:48,3485,26.6,95.1
2026-08-26 08:24:53,3482,26.6,95.1
2026-08-26 08:24:59,3486,26.6,95.1
2026-08-26 08:25:04,3487,26.6,95.1
2026-08-26 08:25:09,3486,26.6,95.1
2026-08-26 08:25:14,3487,26.6,95.1
2026-08-26 08:25:20,3488,26.6,95.1
2026-08-26 08:25:25,3487,26.6,95.1
2026-08-26 08:25:41,3489,26.6,95.1
2026-08-26 08:25:51,3487,26.6,95.1
2026-08-26 08:25:56,3489,26.6,95.1
2026-08-26 08:26:07,3490,26.6,95.1
2026-08-26 08:26:17,3491,26.6,95.1
2026-08-26 08:26:23,3493,26.6,95.1
2026-08-26 08:26:39,3495,26.6,95.1
2026-08-26 08:26:44,3496,26.5,95.1
2026-08-26 08:26:49,3497,26.6,95.1
2026-08-26 08:26:54,3496,26.6,95.1
2026-08-26 08:27:00,3494,26.6,95.1
2026-08-26 08:27:05,3496,26.6,95.1
2026-08-26 08:27:10,3498,26.6,95.1
2026-08-26 08:27:21,3499,26.6,95.1
2026-08-26 08:27:26,3500,26.6,95.1
2026-08-26 08:27:31,3501,26.6,95.1
2026-08-26 08:27:36,3502,26.6,95.1
2026-08-26 08:27:42,3503,26.6,95.1
2026-08-26 08:27:47,3504,26.6,95.1
2026-08-26 08:27:52,3506,26.6,95.1
2026-08-26 08:27:57,3509,26.6,95.1
2026-08-26 08:28:03,3510,26.6,95.1
2026-08-26 08:28:08,3511,26.6,95.1
2026-08-26 08:28:13,3508,26.6,95.1
2026-08-26 08:28:19,3507,26.6,95.1
2026-08-26 08:28:24,3508,26.6,95.1
2026-08-26 08:28:34,3509,26.6,95.1
2026-08-26 08:28:40,3510,26.6,95.1
2026-08-26 08:28:50,3509,26.6,95.1
2026-08-26 08:28:55,3508,26.6,95.1
2026-08-26 08:29:01,3506,26.6,95.1
2026-08-26 08:29:06,3503,26.6,95.1
2026-08-26 08:29:11,3505,26.6,95.1
2026-08-26 08:29:16,3508,26.6,95.1
2026-08-26 08:29:22,3509,26.6,95.1
2026-08-26 08:29:27,3507,26.6,95.1
2026-08-26 08:29:32,3506,26.6,95.1
2026-08-26 08:29:38,3505,26.6,95.1
2026-08-26 08:29:43,3507,26.6,95.1
2026-08-26 08:29:48,3508,26.6,95.1
2026-08-26 08:29:54,3509,26.6,95.1
2026-08-26 08:29:59,3508,26.6,95.1
2026-08-26 08:30:04,3507,26.6,95.1
2026-08-26 08:30:10,3504,26.6,95.1
2026-08-26 08:30:15,3507,26.6,95.1
2026-08-26 08:30:20,3511,26.6,95.1
2026-08-26 08:30:25,3510,26.6,95.1
2026-08-26 08:30:31,3509,26.6,95.1
2026-08-26 08:30:41,3508,26.6,95.1
2026-08-26 08:30:47,3509,26.6,95.1
2026-08-26 08:30:52,3508,26.6,95.1
2026-08-26 08:31:08,3510,26.6,95.1
2026-08-26 08:31:13,3508,26.6,95.1
2026-08-26 08:31:18,3509,26.6,95.1
2026-08-26 08:31:24,3510,26.5,95.1
2026-08-26 08:31:29,3511,26.6,95.1
2026-08-26 08:31:39,3510,26.6,95.1
2026-08-26 08:31:45,3507,26.6,95.1
2026-08-26 08:31:55,3508,26.6,95.1
2026-08-26 08:32:01,3507,26.6,95.1
2026-08-26 08:32:06,3508,26.6,95.1
2026-08-26 08:32:11,3512,26.6,95.1
2026-08-26 08:32:16,3510,26.6,95.1
2026-08-26 08:32:27,3509,26.6,95.1
2026-08-26 08:32:32,3510,26.6,95.1
2026-08-26 08:32:37,3508,26.6,95.1
2026-08-26 08:32:43,3511,26.6,95.1
2026-08-26 08:32:53,3512,26.6,95.1
2026-08-26 08:32:58,3509,26.6,95.1
2026-08-26 08:33:04,3506,26.6,95.1
2026-08-26 08:33:09,3508,26.6,95.1
2026-08-26 08:33:14,3506,26.6,95.1
2026-08-26 08:33:20,3507,26.6,95.1
2026-08-26 08:33:25,3509,26.6,95.1
2026-08-26 08:33:30,3510,26.6,95.1
2026-08-26 08:33:35,3509,26.6,95.1
2026-08-26 08:33:41,3512,26.6,95.1
2026-08-26 08:33:46,3515,26.6,95.1
2026-08-26 08:33:51,3512,26.6,95.1
2026-08-26 08:33:57,3511,26.6,95.1
2026-08-26 08:34:02,3508,26.6,95.1
2026-08-26 08:34:12,3510,26.6,95.1
2026-08-26 08:34:18,3508,26.6,95.1
2026-08-26 08:34:23,3505,26.6,95.1
2026-08-26 08:34:28,3508,26.6,95.1
2026-08-26 08:34:33,3509,26.6,95.1
2026-08-26 08:34:44,3513,26.6,95.1
2026-08-26 08:34:49,3515,26.6,95.1
2026-08-26 08:34:55,3516,26.6,95.1
2026-08-26 08:35:05,3517,26.6,95.1
2026-08-26 08:35:11,3516,26.6,95.1
2026-08-26 08:35:16,3517,26.6,95.1
2026-08-26 08:35:21,3518,26.6,95.1
2026-08-26 08:35:32,3519,26.6,95.1
2026-08-26 08:35:37,3518,26.6,95.1
2026-08-26 08:35:42,3517,26.6,95.1
2026-08-26 08:35:48,3516,26.6,95.1
2026-08-26 08:35:53,3514,26.5,95.1
2026-08-26 08:36:03,3510,26.6,95.1
2026-08-26 08:36:14,3511,26.6,95.1
2026-08-26 08:36:30,3512,26.6,95.1
2026-08-26 08:36:51,3509,26.6,95.1
2026-08-26 08:36:56,3510,26.6,95.1
2026-08-26 08:37:07,3514,26.6,95.1
2026-08-26 08:37:12,3516,26.6,95.1
2026-08-26 08:37:17,3519,26.6,95.1
2026-08-26 08:37:33,3517,26.6,95.1
2026-08-26 08:37:38,3519,26.6,95.1
2026-08-26 08:37:44,3517,26.6,95.1
2026-08-26 08:37:54,3516,26.6,95.1
2026-08-26 08:38:00,3517,26.6,95.1
2026-08-26 08:38:10,3516,26.6,95.1
2026-08-26 08:38:21,3517,26.6,95.1
2026-08-26 08:38:26,3518,26.6,95.1
2026-08-26 08:38:31,3520,26.6,95.2
2026-08-26 08:38:37,3519,26.6,95.1
2026-08-26 08:38:42,3520,26.6,95.1
2026-08-26 08:38:47,3521,26.6,95.1
2026-08-26 08:39:03,3519,26.6,95.1
2026-08-26 08:39:08,3517,26.6,95.1
2026-08-26 08:39:13,3520,26.6,95.1
2026-08-26 08:39:18,3521,26.6,95.1
2026-08-26 08:39:29,3519,26.6,95.1
2026-08-26 08:39:35,3521,26.6,95.1
2026-08-26 08:39:40,3519,26.6,95.1
2026-08-26 08:39:45,3521,26.6,95.1
2026-08-26 08:39:56,3522,26.6,95.1
2026-08-26 08:40:01,3523,26.6,95.1
2026-08-26 08:40:06,3521,26.6,95.1
2026-08-26 08:40:11,3525,26.6,95.1
2026-08-26 08:40:22,3527,26.6,95.1
2026-08-26 08:40:27,3529,26.6,95.1
2026-08-26 08:40:38,3531,26.6,95.1
2026-08-26 08:40:43,3529,26.6,95.1
2026-08-26 08:40:48,3527,26.6,95.1
2026-08-26 08:40:54,3530,26.6,95.1
2026-08-26 08:40:59,3531,26.6,95.1
2026-08-26 08:41:15,3528,26.6,95.1
2026-08-26 08:41:25,3531,26.6,95.1
2026-08-26 08:41:36,3530,26.6,95.1
2026-08-26 08:41:41,3531,26.5,95.1
2026-08-26 08:41:46,3526,26.6,95.1
2026-08-26 08:41:52,3525,26.6,95.1
2026-08-26 08:41:57,3526,26.6,95.1
2026-08-26 08:42:02,3525,26.6,95.1
2026-08-26 08:42:07,3529,26.6,95.1
2026-08-26 08:42:13,3527,26.6,95.1
2026-08-26 08:42:18,3525,26.6,95.2
2026-08-26 08:42:23,3523,26.6,95.1
2026-08-26 08:42:28,3526,26.6,95.1
2026-08-26 08:42:34,3527,26.5,95.1
2026-08-26 08:42:44,3528,26.6,95.1
2026-08-26 08:43:00,3526,26.6,95.1
2026-08-26 08:43:05,3524,26.6,95.1
2026-08-26 08:43:10,3527,26.6,95.1
2026-08-26 08:43:15,3529,26.6,95.2
2026-08-26 08:43:21,3528,26.6,95.1
2026-08-26 08:43:26,3526,26.6,95.2
2026-08-26 08:43:31,3527,26.6,95.1
2026-08-26 08:43:42,3526,26.6,95.1
2026-08-26 08:43:47,3528,26.6,95.1
2026-08-26 08:43:52,3526,26.6,95.1
2026-08-26 08:43:58,3523,26.6,95.1
2026-08-26 08:44:03,3527,26.6,95.1
2026-08-26 08:44:08,3528,26.6,95.1
2026-08-26 08:44:24,3529,26.6,95.2
2026-08-26 08:44:29,3526,26.6,95.1
2026-08-26 08:44:35,3527,26.6,95.1
2026-08-26 08:44:40,3526,26.6,95.1
2026-08-26 08:44:45,3527,26.6,95.1
2026-08-26 08:44:51,3524,26.6,95.2
2026-08-26 08:44:56,3520,26.6,95.1
2026-08-26 08:45:01,3521,26.6,95.1
2026-08-26 08:45:06,3520,26.6,95.1
2026-08-26 08:45:12,3521,26.6,95.2
2026-08-26 08:45:27,3522,26.6,95.1
2026-08-26 08:45:33,3521,26.6,95.2
2026-08-26 08:45:38,3518,26.6,95.2
2026-08-26 08:45:43,3517,26.6,95.2
2026-08-26 08:45:48,3518,26.6,95.2
2026-08-26 08:45:53,3517,26.6,95.1
2026-08-26 08:45:59,3521,26.6,95.2
2026-08-26 08:46:04,3520,26.6,95.2
2026-08-26 08:46:09,3519,26.6,95.2
2026-08-26 08:46:20,3522,26.6,95.2
2026-08-26 08:46:25,3521,26.6,95.1
2026-08-26 08:46:30,3522,26.6,95.2
2026-08-26 08:46:41,3523,26.6,95.2
2026-08-26 08:46:46,3525,26.6,95.2
2026-08-26 08:46:52,3523,26.6,95.2
2026-08-26 08:46:57,3526,26.6,95.2
2026-08-26 08:47:08,3531,26.6,95.2
2026-08-26 08:47:13,3529,26.6,95.2
2026-08-26 08:47:18,3530,26.6,95.2
2026-08-26 08:47:23,3532,26.6,95.2
2026-08-26 08:47:29,3537,26.6,95.2
2026-08-26 08:47:39,3535,26.6,95.2
2026-08-26 08:47:44,3532,26.6,95.2
2026-08-26 08:47:50,3530,26.6,95.2
2026-08-26 08:47:55,3528,26.6,95.2
2026-08-26 08:48:00,3529,26.6,95.2
2026-08-26 08:48:11,3534,26.6,95.2
2026-08-26 08:48:16,3535,26.6,95.2
2026-08-26 08:48:27,3537,26.6,95.2
2026-08-26 08:48:32,3535,26.6,95.2
2026-08-26 08:48:37,3536,26.6,95.2
2026-08-26 08:48:43,3533,26.6,95.2
2026-08-26 08:48:53,3532,26.6,95.2
2026-08-26 08:49:04,3531,26.6,95.2
2026-08-26 08:49:09,3526,26.6,95.2
2026-08-26 08:49:14,3527,26.6,95.2
2026-08-26 08:49:20,3529,26.6,95.2
2026-08-26 08:49:25,3527,26.6,95.2
2026-08-26 08:49:30,3532,26.6,95.2
2026-08-26 08:49:41,3529,26.6,95.2
2026-08-26 08:49:46,3530,26.6,95.2
2026-08-26 08:49:51,3533,26.6,95.2
2026-08-26 08:49:56,3534,26.6,95.2
2026-08-26 08:50:02,3533,26.6,95.2
2026-08-26 08:50:07,3534,26.6,95.2
2026-08-26 08:50:12,3535,26.6,95.2
2026-08-26 08:50:23,3533,26.6,95.2
2026-08-26 08:50:28,3527,26.6,95.2
2026-08-26 08:50:39,3526,26.6,95.2
2026-08-26 08:50:44,3528,26.6,95.2
2026-08-26 08:50:49,3530,26.6,95.2
2026-08-26 08:50:54,3532,26.6,95.2
2026-08-26 08:51:10,3529,26.6,95.2
2026-08-26 08:51:21,3531,26.6,95.2
2026-08-26 08:51:32,3532,26.6,95.2
2026-08-26 08:51:37,3531,26.6,95.2
2026-08-26 08:51:42,3533,26.6,95.2
2026-08-26 08:51:48,3534,26.6,95.2
2026-08-26 08:51:53,3536,26.6,95.2
2026-08-26 08:51:58,3534,26.6,95.2
2026-08-26 08:52:08,3532,26.6,95.2
2026-08-26 08:52:14,3531,26.6,95.2
2026-08-26 08:52:19,3530,26.6,95.2
2026-08-26 08:52:29,3531,26.6,95.2
2026-08-26 08:52:35,3529,26.6,95.2
2026-08-26 08:52:40,3532,26.6,95.2
2026-08-26 08:52:46,3530,26.6,95.2
2026-08-26 08:53:02,3531,26.6,95.2
2026-08-26 08:53:07,3534,26.6,95.2
2026-08-26 08:53:12,3533,26.5,95.2
2026-08-26 08:53:18,3538,26.6,95.2
2026-08-26 08:53:23,3534,26.6,95.2
2026-08-26 08:53:28,3532,26.6,95.2
2026-08-26 08:53:39,3530,26.6,95.2
2026-08-26 08:53:44,3528,26.6,95.2
2026-08-26 08:53:49,3530,26.6,95.2
2026-08-26 08:53:55,3528,26.6,95.2
2026-08-26 08:54:05,3529,26.6,95.2
2026-08-26 08:54:11,3528,26.6,95.2
2026-08-26 08:54:16,3527,26.6,95.2
2026-08-26 08:54:21,3526,26.6,95.2
2026-08-26 08:54:32,3528,26.6,95.2
2026-08-26 08:54:37,3525,26.6,95.2
2026-08-26 08:54:42,3529,26.6,95.2
2026-08-26 08:54:47,3530,26.6,95.2
2026-08-26 08:54:53,3533,26.6,95.2
2026-08-26 08:54:58,3532,26.6,95.2
2026-08-26 08:55:14,3531,26.6,95.2
2026-08-26 08:55:19,3530,26.6,95.2
2026-08-26 08:55:30,3527,26.6,95.2
2026-08-26 08:55:36,3525,26.6,95.2
2026-08-26 08:55:41,3526,26.6,95.2
2026-08-26 08:55:46,3525,26.6,95.2
2026-08-26 08:55:52,3529,26.6,95.2
2026-08-26 08:55:57,3525,26.6,95.2
2026-08-26 08:56:02,3527,26.6,95.2
2026-08-26 08:56:08,3525,26.6,95.2
2026-08-26 08:56:13,3524,26.6,95.2
2026-08-26 08:56:18,3525,26.6,95.2
2026-08-26 08:56:29,3528,26.6,95.2
2026-08-26 08:56:34,3529,26.6,95.2
2026-08-26 08:56:39,3532,26.6,95.2
2026-08-26 08:56:45,3530,26.6,95.2
2026-08-26 08:56:50,3531,26.6,95.2
2026-08-26 08:56:55,3533,26.6,95.2
2026-08-26 08:57:01,3530,26.6,95.2
2026-08-26 08:57:06,3527,26.6,95.2
2026-08-26 08:57:11,3525,26.6,95.2
2026-08-26 08:57:17,3526,26.6,95.2
2026-08-26 08:57:27,3525,26.6,95.2
2026-08-26 08:57:33,3523,26.6,95.2
2026-08-26 08:57:38,3519,26.6,95.0
2026-08-26 08:57:43,3516,26.5,94.5
2026-08-26 08:57:49,3512,26.5,93.9
2026-08-26 08:57:54,3484,25.6,93.9
2026-08-26 08:57:59,3336,24.8,96.0
2026-08-26 08:58:04,3207,24.3,97.4
2026-08-26 08:58:10,3136,23.9,98.5
2026-08-26 08:58:15,3101,23.6,99.2
2026-08-26 08:58:20,3100,23.4,99.8
2026-08-26 08:58:26,2995,23.1,100.0
2026-08-26 08:58:31,2915,23.0,100.0
2026-08-26 08:58:36,2912,22.9,100.0
2026-08-26 08:58:42,2849,22.8,100.0
2026-08-26 08:58:47,2837,22.8,100.0
2026-08-26 08:58:53,2782,22.8,100.0
2026-08-26 08:58:58,2777,22.8,100.0
2026-08-26 08:59:03,2775,22.8,100.0
2026-08-26 08:59:09,2771,22.8,100.0
2026-08-26 08:59:14,2770,22.9,100.0
2026-08-26 08:59:19,2748,22.9,100.0
2026-08-26 08:59:24,2747,22.9,100.0
2026-08-26 08:59:35,2744,23.0,100.0
2026-08-26 08:59:40,2743,23.1,100.0
2026-08-26 08:59:45,2738,23.1,100.0
2026-08-26 08:59:51,2736,23.1,100.0
2026-08-26 08:59:56,2734,23.2,100.0
2026-08-26 09:00:01,2733,23.2,100.0
2026-08-26 09:00:12,2734,23.3,100.0
2026-08-26 09:00:17,2738,23.4,100.0
2026-08-26 09:00:22,2737,23.5,100.0
2026-08-26 09:00:28,2739,23.5,100.0
2026-08-26 09:00:38,2740,23.6,100.0
2026-08-26 09:00:43,2743,23.6,100.0
2026-08-26 09:00:49,2745,23.6,100.0
2026-08-26 09:00:54,2748,23.7,100.0
2026-08-26 09:01:10,2750,23.7,100.0
2026-08-26 09:01:15,2756,23.8,100.0
2026-08-26 09:01:20,2758,23.8,100.0
2026-08-26 09:01:26,2772,23.8,100.0
2026-08-26 09:01:31,2775,23.8,100.0
2026-08-26 09:01:36,2776,23.9,100.0
2026-08-26 09:01:47,2778,23.9,100.0
2026-08-26 09:01:52,2783,23.9,100.0
2026-08-26 09:01:57,2785,24.0,100.0
2026-08-26 09:02:02,2788,24.0,100.0
2026-08-26 09:02:08,2790,24.0,100.0
2026-08-26 09:02:13,2798,24.0,100.0
2026-08-26 09:02:18,2806,24.1,100.0
2026-08-26 09:02:24,2807,24.1,100.0
2026-08-26 09:02:29,2809,24.1,100.0
2026-08-26 09:02:34,2812,24.1,100.0
2026-08-26 09:02:40,2813,24.1,100.0
2026-08-26 09:02:45,2815,24.1,100.0
2026-08-26 09:02:50,2818,24.1,100.0
2026-08-26 09:02:55,2820,24.1,100.0
2026-08-26 09:03:01,2824,24.2,100.0
2026-08-26 09:03:06,2822,24.1,100.0
2026-08-26 09:03:11,2825,24.2,100.0
2026-08-26 09:03:21,2828,24.2,100.0
2026-08-26 09:03:27,2827,24.2,100.0
2026-08-26 09:03:32,2824,24.2,100.0
2026-08-26 09:03:37,2825,24.2,100.0
2026-08-26 09:03:42,2823,24.2,100.0
2026-08-26 09:03:48,2822,24.2,100.0
2026-08-26 09:03:58,2819,24.3,100.0
2026-08-26 09:04:04,2817,24.3,100.0
2026-08-26 09:04:09,2813,24.3,100.0
2026-08-26 09:04:14,2810,24.3,100.0
2026-08-26 09:04:20,2807,24.3,100.0
2026-08-26 09:04:35,2803,24.3,100.0
2026-08-26 09:04:40,2801,24.3,100.0
2026-08-26 09:04:51,2796,24.3,100.0
2026-08-26 09:05:01,2798,24.3,100.0
2026-08-26 09:05:12,2794,24.4,100.0
2026-08-26 09:05:17,2793,24.4,100.0
2026-08-26 09:05:22,2794,24.4,100.0
2026-08-26 09:05:28,2792,24.4,100.0
2026-08-26 09:05:33,2789,24.4,100.0
2026-08-26 09:05:38,2782,24.4,100.0
2026-08-26 09:05:51,2785,24.4,100.0
2026-08-26 09:05:57,2786,24.4,100.0
2026-08-26 09:06:02,2787,24.4,100.0
2026-08-26 09:06:08,2786,24.4,100.0
2026-08-26 09:06:13,2787,24.5,100.0
2026-08-26 09:06:18,2785,24.5,100.0
2026-08-26 09:06:23,2786,24.5,100.0
2026-08-26 09:06:29,2789,24.5,100.0
2026-08-26 09:06:34,2791,24.5,100.0
2026-08-26 09:06:39,2794,24.5,100.0
2026-08-26 09:06:45,2795,24.5,100.0
2026-08-26 09:06:50,2797,24.5,100.0
2026-08-26 09:06:55,2800,24.5,100.0
2026-08-26 09:07:00,2801,24.5,100.0
2026-08-26 09:07:06,2802,24.5,100.0
2026-08-26 09:07:11,2801,24.6,100.0
2026-08-26 09:07:16,2799,24.5,100.0
2026-08-26 09:07:22,2804,24.6,100.0
2026-08-26 09:07:27,2802,24.6,100.0
2026-08-26 09:07:35,2808,24.6,100.0
2026-08-26 09:07:40,2809,24.6,100.0
2026-08-26 09:07:48,2814,24.6,100.0
2026-08-26 09:07:55,2821,24.6,100.0
2026-08-26 09:08:03,2857,24.6,100.0
2026-08-26 09:08:08,2860,24.6,100.0
2026-08-26 09:08:15,2864,24.7,100.0
2026-08-26 09:08:21,2865,24.7,100.0
2026-08-26 09:08:26,2867,24.7,100.0
2026-08-26 09:08:31,2871,24.7,100.0
2026-08-26 09:08:42,2879,24.7,100.0
2026-08-26 09:08:53,2884,24.7,100.0
2026-08-26 09:08:58,2885,24.8,100.0
2026-08-26 09:09:03,2892,24.8,100.0
2026-08-26 09:09:08,2901,24.8,100.0
2026-08-26 09:09:14,2904,24.8,100.0
2026-08-26 09:09:19,2906,24.8,100.0
2026-08-26 09:09:24,2917,24.8,100.0
2026-08-26 09:09:29,2934,24.8,100.0
2026-08-26 09:09:40,2953,24.9,100.0
2026-08-26 09:09:45,2956,24.9,100.0
2026-08-26 09:09:51,2958,24.9,100.0
2026-08-26 09:09:56,2973,24.9,100.0
2026-08-26 09:10:06,2977,24.9,100.0
2026-08-26 09:10:12,2979,24.9,100.0
2026-08-26 09:10:17,2981,24.9,100.0
2026-08-26 09:10:22,2986,25.0,100.0
2026-08-26 09:10:27,2989,25.0,100.0
2026-08-26 09:10:33,3018,25.0,100.0
2026-08-26 09:10:38,3020,25.0,100.0
2026-08-26 09:10:43,3023,25.0,100.0
2026-08-26 09:10:48,3026,25.0,100.0
2026-08-26 09:10:53,3041,25.1,100.0
2026-08-26 09:10:59,3043,25.1,100.0
2026-08-26 09:11:04,3042,25.1,100.0
2026-08-26 09:11:10,3046,25.1,100.0
2026-08-26 09:11:15,3049,25.1,100.0
2026-08-26 09:11:20,3054,25.1,100.0
2026-08-26 09:11:25,3057,25.1,100.0
2026-08-26 09:11:31,3072,25.1,100.0
2026-08-26 09:11:36,3097,25.2,100.0
2026-08-26 09:11:41,3099,25.1,100.0
2026-08-26 09:11:47,3103,25.2,100.0
2026-08-26 09:11:52,3106,25.2,100.0
2026-08-26 09:11:57,3110,25.2,100.0
2026-08-26 09:12:02,3113,25.2,100.0
2026-08-26 09:12:08,3112,25.3,100.0
2026-08-26 09:12:13,3114,25.3,100.0
2026-08-26 09:12:18,3116,25.3,100.0
2026-08-26 09:12:23,3129,25.3,100.0
2026-08-26 09:12:29,3162,25.3,100.0
2026-08-26 09:12:34,3165,25.3,100.0
2026-08-26 09:12:39,3168,25.3,100.0
2026-08-26 09:12:45,3172,25.4,100.0
2026-08-26 09:12:50,3173,25.4,100.0
2026-08-26 09:12:55,3177,25.4,100.0
2026-08-26 09:13:00,3180,25.4,100.0
2026-08-26 09:13:06,3185,25.4,100.0
2026-08-26 09:13:11,3187,25.4,100.0
2026-08-26 09:13:16,3189,25.5,100.0
2026-08-26 09:13:21,3193,25.5,100.0
2026-08-26 09:13:27,3195,25.5,99.9
2026-08-26 09:13:32,3198,25.5,99.9
2026-08-26 09:13:37,3199,25.5,99.8
2026-08-26 09:13:42,3203,25.6,99.8
2026-08-26 09:13:47,3206,25.5,99.8
2026-08-26 09:13:53,3204,25.6,99.8
2026-08-26 09:13:58,3211,25.5,99.7
2026-08-26 09:14:03,3212,25.6,99.7
2026-08-26 09:14:09,3217,25.6,99.6
2026-08-26 09:14:14,3225,25.6,99.6
2026-08-26 09:14:19,3237,25.6,99.5
2026-08-26 09:14:25,3282,25.6,99.5
2026-08-26 09:14:30,3284,25.6,99.5
2026-08-26 09:14:35,3286,25.6,99.5
2026-08-26 09:14:40,3288,25.7,99.4
2026-08-26 09:14:46,3290,25.7,99.4
2026-08-26 09:14:51,3292,25.7,99.4
2026-08-26 09:14:56,3293,25.7,99.3
2026-08-26 09:15:01,3295,25.7,99.3
2026-08-26 09:15:06,3297,25.7,99.3
2026-08-26 09:15:12,3299,25.7,99.3
2026-08-26 09:15:17,3300,25.7,99.2
2026-08-26 09:15:22,3301,25.7,99.2
2026-08-26 09:15:27,3304,25.8,99.2
2026-08-26 09:15:38,3307,25.8,99.1
2026-08-26 09:15:43,3306,25.7,99.1
2026-08-26 09:15:48,3305,25.8,99.1
2026-08-26 09:15:54,3307,25.8,99.0
2026-08-26 09:15:59,3309,25.8,99.0
2026-08-26 09:16:04,3314,25.8,99.0
2026-08-26 09:16:09,3318,25.8,99.0
2026-08-26 09:16:20,3321,25.8,98.9
2026-08-26 09:16:25,3324,25.8,98.9
2026-08-26 09:16:31,3323,25.9,98.8
2026-08-26 09:16:36,3324,25.9,98.8
2026-08-26 09:16:41,3325,25.9,98.8
2026-08-26 09:16:46,3330,25.9,98.8
2026-08-26 09:16:52,3335,25.9,98.8
2026-08-26 09:17:02,3336,25.9,98.7
2026-08-26 09:17:07,3337,25.9,98.7
2026-08-26 09:17:13,3341,25.9,98.7
2026-08-26 09:17:18,3342,25.9,98.6
2026-08-26 09:17:28,3344,26.0,98.6
2026-08-26 09:17:34,3348,26.0,98.5
2026-08-26 09:17:39,3351,26.0,98.5
2026-08-26 09:17:44,3352,26.0,98.5
2026-08-26 09:17:49,3356,26.0,98.5
2026-08-26 09:17:55,3359,26.0,98.5
2026-08-26 09:18:00,3357,26.0,98.4
2026-08-26 09:18:05,3358,26.0,98.4
2026-08-26 09:18:11,3360,26.0,98.4
2026-08-26 09:18:16,3361,26.1,98.4
2026-08-26 09:18:21,3364,26.1,98.4
2026-08-26 09:18:26,3367,26.1,98.3
2026-08-26 09:18:32,3369,26.1,98.3
2026-08-26 09:18:37,3370,26.1,98.3
2026-08-26 09:18:42,3371,26.1,98.3
2026-08-26 09:18:47,3374,26.1,98.2
2026-08-26 09:18:53,3377,26.1,98.2
2026-08-26 09:18:58,3379,26.1,98.1
2026-08-26 09:19:03,3380,26.1,98.2
2026-08-26 09:19:09,3383,26.1,98.2
2026-08-26 09:19:14,3385,26.1,98.1
2026-08-26 09:19:19,3386,26.1,98.1
2026-08-26 09:19:30,3390,26.2,98.1
2026-08-26 09:19:35,3389,26.2,98.0
2026-08-26 09:19:46,3390,26.2,98.0
2026-08-26 09:19:57,3393,26.2,97.9
2026-08-26 09:20:02,3392,26.2,97.9
2026-08-26 09:20:08,3396,26.2,97.9
2026-08-26 09:20:13,3400,26.2,97.9
2026-08-26 09:20:24,3403,26.2,97.8
2026-08-26 09:20:30,3404,26.2,97.8
2026-08-26 09:20:35,3407,26.2,97.8
2026-08-26 09:20:40,3409,26.2,97.8
2026-08-26 09:20:46,3410,26.3,97.8
2026-08-26 09:20:51,3409,26.2,97.8
2026-08-26 09:20:57,3411,26.3,97.8
2026-08-26 09:21:02,3414,26.3,97.8
2026-08-26 09:21:08,3415,26.3,97.7
2026-08-26 09:21:13,3413,26.3,97.7
2026-08-26 09:21:18,3414,26.3,97.7
2026-08-26 09:21:24,3416,26.3,97.7
2026-08-26 09:21:29,3421,26.3,97.6
2026-08-26 09:21:35,3426,26.3,97.7
2026-08-26 09:21:40,3428,26.3,97.7
2026-08-26 09:21:46,3430,26.3,97.7
2026-08-26 09:21:51,3432,26.3,97.6
2026-08-26 09:21:56,3435,26.3,97.6
2026-08-26 09:22:01,3436,26.3,97.6
2026-08-26 09:22:07,3440,26.3,97.6
2026-08-26 09:22:12,3441,26.3,97.6
2026-08-26 09:22:17,3442,26.3,97.6
2026-08-26 09:22:28,3445,26.3,97.5
2026-08-26 09:22:33,3448,26.3,97.5
2026-08-26 09:22:38,3453,26.3,97.5
2026-08-26 09:22:43,3452,26.3,97.5
2026-08-26 09:22:49,3453,26.3,97.5
2026-08-26 09:22:54,3456,26.4,97.5
2026-08-26 09:22:59,3455,26.3,97.5
2026-08-26 09:23:04,3457,26.3,97.5
2026-08-26 09:23:10,3456,26.4,97.5
2026-08-26 09:23:15,3460,26.4,97.5
2026-08-26 09:23:20,3463,26.4,97.5
2026-08-26 09:23:25,3464,26.4,97.5
2026-08-26 09:23:36,3463,26.4,97.4
2026-08-26 09:23:41,3462,26.4,97.5
2026-08-26 09:23:47,3463,26.4,97.4
2026-08-26 09:23:52,3465,26.4,97.4
2026-08-26 09:23:57,3467,26.4,97.4
2026-08-26 09:24:02,3470,26.4,97.4
2026-08-26 09:24:08,3475,26.4,97.4
2026-08-26 09:24:13,3479,26.4,97.4
2026-08-26 09:24:18,3482,26.4,97.4
2026-08-26 09:24:23,3483,26.4,97.3
2026-08-26 09:24:29,3486,26.4,97.4
2026-08-26 09:24:34,3488,26.4,97.3
2026-08-26 09:24:39,3492,26.4,97.3
2026-08-26 09:24:45,3496,26.4,97.3
2026-08-26 09:24:50,3498,26.4,97.4
2026-08-26 09:24:55,3512,26.4,97.3
2026-08-26 09:25:00,3514,26.4,97.3
2026-08-26 09:25:11,3517,26.4,97.3
2026-08-26 09:25:16,3527,26.4,97.3
2026-08-26 09:25:26,3528,26.4,97.3
2026-08-26 09:25:32,3533,26.4,97.3
2026-08-26 09:25:37,3535,26.4,97.3
2026-08-26 09:25:42,3537,26.4,97.3
2026-08-26 09:25:47,3538,26.4,97.3
2026-08-26 09:25:53,3540,26.4,97.3
2026-08-26 09:25:58,3538,26.4,97.3
2026-08-26 09:26:03,3541,26.4,97.3
2026-08-26 09:26:14,3543,26.4,97.3
2026-08-26 09:26:19,3542,26.4,97.3
2026-08-26 09:26:24,3548,26.5,97.3
2026-08-26 09:26:29,3551,26.5,97.3
2026-08-26 09:26:35,3552,26.5,97.2
2026-08-26 09:26:40,3550,26.5,97.3
2026-08-26 09:26:45,3554,26.4,97.2
2026-08-26 09:26:51,3556,26.5,97.3
2026-08-26 09:26:56,3562,26.5,97.2
2026-08-26 09:27:01,3564,26.5,97.2
2026-08-26 09:27:06,3566,26.5,97.3
2026-08-26 09:27:11,3561,26.5,97.2
2026-08-26 09:27:17,3562,26.5,97.3
2026-08-26 09:27:22,3564,26.5,97.2
2026-08-26 09:27:28,3566,26.5,97.2
2026-08-26 09:27:33,3573,26.5,97.2
2026-08-26 09:27:38,3574,26.5,97.2
2026-08-26 09:27:49,3576,26.5,97.2
2026-08-26 09:27:54,3577,26.5,97.2
2026-08-26 09:27:59,3578,26.5,97.2
2026-08-26 09:28:04,3581,26.5,97.2
2026-08-26 09:28:10,3582,26.5,97.2
2026-08-26 09:28:15,3585,26.5,97.2
2026-08-26 09:28:20,3586,26.5,97.2
2026-08-26 09:28:26,3584,26.5,97.2
2026-08-26 09:28:31,3587,26.5,97.2
2026-08-26 09:28:36,3589,26.5,97.2
2026-08-26 09:28:41,3592,26.5,97.2
2026-08-26 09:28:46,3593,26.5,97.2
2026-08-26 09:28:52,3596,26.5,97.2
2026-08-26 09:29:07,3599,26.5,97.2
2026-08-26 09:29:13,3600,26.5,97.2
2026-08-26 09:29:18,3602,26.5,97.2
2026-08-26 09:29:23,3605,26.5,97.2
2026-08-26 09:29:29,3603,26.5,97.2
2026-08-26 09:29:34,3604,26.5,97.1
2026-08-26 09:29:44,3612,26.5,97.2
2026-08-26 09:30:00,3613,26.5,97.2
2026-08-26 09:30:11,3614,26.5,97.2
2026-08-26 09:30:16,3615,26.5,97.2
2026-08-26 09:30:21,3616,26.5,97.2
2026-08-26 09:30:37,3617,26.5,97.1
2026-08-26 09:30:43,3618,26.6,97.2
2026-08-26 09:30:48,3620,26.6,97.1
2026-08-26 09:30:53,3619,26.5,97.1
2026-08-26 09:30:58,3624,26.5,97.1
2026-08-26 09:31:04,3625,26.5,97.1
2026-08-26 09:31:09,3629,26.6,97.1
2026-08-26 09:31:14,3634,26.6,97.1
2026-08-26 09:31:19,3637,26.5,97.1
2026-08-26 09:31:25,3636,26.5,97.1
2026-08-26 09:31:30,3640,26.6,97.1
2026-08-26 09:31:36,3642,26.5,97.1
2026-08-26 09:31:41,3643,26.6,97.1
2026-08-26 09:31:51,3648,26.6,97.1
2026-08-26 09:32:02,3647,26.6,97.1
2026-08-26 09:32:07,3650,26.6,97.1
2026-08-26 09:32:13,3651,26.6,97.1
2026-08-26 09:32:18,3653,26.6,97.0
2026-08-26 09:32:23,3654,26.6,97.1
2026-08-26 09:32:28,3655,26.6,97.1
2026-08-26 09:32:34,3657,26.6,97.1
2026-08-26 09:32:39,3660,26.6,97.1
2026-08-26 09:32:44,3659,26.6,97.0
2026-08-26 09:32:49,3658,26.6,97.0
2026-08-26 09:32:55,3660,26.6,97.0
2026-08-26 09:33:00,3662,26.6,97.0
2026-08-26 09:33:05,3665,26.6,97.0
2026-08-26 09:33:16,3667,26.6,97.0
2026-08-26 09:33:21,3669,26.6,97.0
2026-08-26 09:33:26,3668,26.6,97.0
2026-08-26 09:33:31,3671,26.6,97.0
2026-08-26 09:33:37,3670,26.6,97.0
2026-08-26 09:33:42,3672,26.6,97.0
2026-08-26 09:33:58,3674,26.6,97.0
2026-08-26 09:34:03,3677,26.6,97.0
2026-08-26 09:34:08,3679,26.6,97.0
2026-08-26 09:34:14,3689,26.6,97.0
2026-08-26 09:34:19,3691,26.6,97.0
2026-08-26 09:34:24,3694,26.6,97.0
2026-08-26 09:34:29,3698,26.6,97.0
2026-08-26 09:34:35,3699,26.6,97.0
2026-08-26 09:34:40,3704,26.6,97.0
2026-08-26 09:34:45,3705,26.6,97.0
2026-08-26 09:34:50,3706,26.6,97.0
2026-08-26 09:34:56,3709,26.6,97.0
2026-08-26 09:35:01,3713,26.6,97.0
2026-08-26 09:35:06,3714,26.6,97.0
2026-08-26 09:35:12,3715,26.6,97.0
2026-08-26 09:35:17,3718,26.6,97.0
2026-08-26 09:35:28,3719,26.7,97.0
2026-08-26 09:35:33,3725,26.7,97.0
2026-08-26 09:35:38,3728,26.6,97.0
2026-08-26 09:35:44,3727,26.6,97.0
2026-08-26 09:35:49,3730,26.6,96.9
2026-08-26 09:35:54,3731,26.6,97.0
2026-08-26 09:35:59,3734,26.7,97.0
2026-08-26 09:36:04,3736,26.7,97.0
2026-08-26 09:36:10,3738,26.7,97.0
2026-08-26 09:36:15,3741,26.7,97.0
2026-08-26 09:36:20,3750,26.7,97.0
2026-08-26 09:36:26,3751,26.7,96.9
2026-08-26 09:36:31,3753,26.7,96.9
2026-08-26 09:36:36,3755,26.7,97.0
2026-08-26 09:36:42,3756,26.7,96.9
2026-08-26 09:36:47,3757,26.7,96.9
2026-08-26 09:36:52,3761,26.7,97.0
2026-08-26 09:36:58,3763,26.7,97.0
2026-08-26 09:37:03,3761,26.7,97.0
2026-08-26 09:37:09,3763,26.7,96.9
2026-08-26 09:37:14,3762,26.6,96.9
2026-08-26 09:37:20,3764,26.7,97.0
2026-08-26 09:37:25,3770,26.7,96.9
2026-08-26 09:37:30,3775,26.7,96.9
2026-08-26 09:37:36,3778,26.7,96.9
2026-08-26 09:37:41,3779,26.7,97.0
2026-08-26 09:37:46,3778,26.7,96.9
2026-08-26 09:37:51,3779,26.7,97.0
2026-08-26 09:37:56,3780,26.7,96.9
2026-08-26 09:38:02,3778,26.7,97.0
2026-08-26 09:38:07,3779,26.7,97.0
2026-08-26 09:38:18,3782,26.7,97.0
2026-08-26 09:38:23,3781,26.7,96.9
2026-08-26 09:38:28,3782,26.7,96.9
2026-08-26 09:38:33,3784,26.7,96.9
2026-08-26 09:38:39,3782,26.7,97.0
2026-08-26 09:38:44,3785,26.7,97.0
2026-08-26 09:38:49,3787,26.7,97.0
2026-08-26 09:38:54,3788,26.7,97.0
2026-08-26 09:39:10,3791,26.7,97.0
2026-08-26 09:39:16,3793,26.7,96.9
2026-08-26 09:39:21,3794,26.7,96.9
2026-08-26 09:39:31,3797,26.7,96.9
2026-08-26 09:39:37,3799,26.7,97.0
2026-08-26 09:39:42,3800,26.7,97.0
2026-08-26 09:39:47,3804,26.7,96.9
2026-08-26 09:39:52,3803,26.7,96.9
2026-08-26 09:40:03,3804,26.7,96.9
2026-08-26 09:40:08,3803,26.7,96.6
2026-08-26 09:40:13,3799,26.7,96.2
2026-08-26 09:40:19,3795,26.7,95.8
2026-08-26 09:40:24,3772,26.6,95.2
2026-08-26 09:40:29,3631,26.6,94.5
2026-08-26 09:40:34,3572,26.6,94.1
2026-08-26 09:40:40,3485,26.6,93.8
2026-08-26 09:40:45,3428,26.6,93.8
2026-08-26 09:40:50,3269,26.6,93.7
2026-08-26 09:40:55,3210,26.6,93.9
2026-08-26 09:41:01,3205,26.6,93.9
2026-08-26 09:41:06,3154,26.6,93.9
2026-08-26 09:41:11,3070,26.6,94.0
2026-08-26 09:41:16,3065,26.6,94.1
2026-08-26 09:41:22,3046,26.6,94.1
2026-08-26 09:41:27,3006,26.6,94.2
2026-08-26 09:41:32,2984,26.6,94.2
2026-08-26 09:41:37,2964,26.6,94.4
2026-08-26 09:41:43,2941,26.6,94.4
2026-08-26 09:41:48,2899,26.6,94.5
2026-08-26 09:41:53,2872,26.6,94.7
2026-08-26 09:41:58,2870,26.6,94.8
2026-08-26 09:42:04,2868,26.6,94.9
2026-08-26 09:42:09,2867,26.6,95.0
2026-08-26 09:42:14,2866,26.6,95.0
2026-08-26 09:42:19,2863,26.6,95.1
2026-08-26 09:42:25,2860,26.6,95.2
2026-08-26 09:42:30,2859,26.6,95.2
2026-08-26 09:42:35,2854,26.6,95.4
2026-08-26 09:42:41,2841,26.6,95.5
2026-08-26 09:42:57,2839,26.7,95.6
2026-08-26 09:43:02,2837,26.7,95.7
2026-08-26 09:43:07,2836,26.7,95.7
2026-08-26 09:43:12,2835,26.7,95.8
2026-08-26 09:43:23,2838,26.7,95.8
2026-08-26 09:43:28,2839,26.7,95.9
2026-08-26 09:43:34,2836,26.7,95.9
2026-08-26 09:43:39,2838,26.7,96.0
2026-08-26 09:43:44,2839,26.7,96.0
2026-08-26 09:43:49,2838,26.7,96.0
2026-08-26 09:44:10,2841,26.7,96.1
2026-08-26 09:44:26,2843,26.7,96.2
2026-08-26 09:44:32,2839,26.7,96.2
2026-08-26 09:44:42,2841,26.7,96.3
2026-08-26 09:44:47,2845,26.7,96.2
2026-08-26 09:44:53,2844,26.7,96.3
2026-08-26 09:44:58,2847,26.8,96.3
2026-08-26 09:45:03,2849,26.7,96.3
2026-08-26 09:45:09,2855,26.8,96.3
2026-08-26 09:45:14,2857,26.8,96.4
2026-08-26 09:45:19,2862,26.8,96.4
2026-08-26 09:45:30,2865,26.8,96.4
2026-08-26 09:45:35,2867,26.8,96.4
2026-08-26 09:45:46,2871,26.8,96.4
2026-08-26 09:45:51,2872,26.8,96.4
2026-08-26 09:45:56,2874,26.8,96.4
2026-08-26 09:46:02,2880,26.8,96.4
2026-08-26 09:46:12,2889,26.8,96.4
2026-08-26 09:46:17,2892,26.8,96.4
2026-08-26 09:46:23,2898,26.8,96.4
2026-08-26 09:46:28,2901,26.8,96.5
2026-08-26 09:46:33,2904,26.8,96.4
2026-08-26 09:46:39,2912,26.8,96.4
2026-08-26 09:46:44,2914,26.8,96.4
2026-08-26 09:46:49,2933,26.8,96.4
2026-08-26 09:46:54,2941,26.8,96.4
2026-08-26 09:47:00,2999,26.8,96.4
2026-08-26 09:47:05,3001,26.8,96.4
2026-08-26 09:47:10,3002,26.8,96.4
2026-08-26 09:47:16,3006,26.9,96.4
2026-08-26 09:47:21,3010,26.9,96.4
2026-08-26 09:47:26,3026,26.9,96.5
2026-08-26 09:47:31,3029,26.9,96.5
2026-08-26 09:47:37,3033,26.9,96.5
2026-08-26 09:47:47,3043,26.9,96.5
2026-08-26 09:47:52,3045,26.9,96.5
2026-08-26 09:47:58,3049,26.9,96.5
2026-08-26 09:48:03,3051,26.9,96.5
2026-08-26 09:48:08,3054,26.9,96.5
2026-08-26 09:48:13,3075,26.9,96.5
2026-08-26 09:48:19,3084,26.9,96.5
2026-08-26 09:48:24,3085,26.9,96.5
2026-08-26 09:48:29,3089,26.9,96.5
2026-08-26 09:48:35,3094,26.9,96.5
2026-08-26 09:48:40,3095,26.9,96.5
2026-08-26 09:48:45,3098,26.9,96.5
2026-08-26 09:48:51,3100,26.9,96.5
2026-08-26 09:48:56,3107,26.9,96.5
2026-08-26 09:49:01,3119,26.9,96.5
2026-08-26 09:49:06,3124,26.9,96.5
2026-08-26 09:49:12,3126,26.9,96.5
2026-08-26 09:49:17,3130,27.0,96.5
2026-08-26 09:49:23,3132,26.9,96.5
2026-08-26 09:49:28,3135,26.9,96.5
2026-08-26 09:49:33,3166,27.0,96.4
2026-08-26 09:49:38,3182,27.0,96.5
2026-08-26 09:49:44,3194,27.0,96.5
2026-08-26 09:49:49,3196,27.0,96.5
2026-08-26 09:49:59,3200,27.0,96.5
2026-08-26 09:50:05,3202,27.0,96.5
2026-08-26 09:50:10,3206,27.0,96.5
2026-08-26 09:50:15,3219,27.0,96.5
2026-08-26 09:50:20,3222,27.0,96.5
2026-08-26 09:50:26,3225,27.0,96.5
2026-08-26 09:50:31,3240,27.0,96.5
2026-08-26 09:50:36,3250,27.0,96.5
2026-08-26 09:50:41,3254,27.0,96.4
2026-08-26 09:50:47,3255,27.0,96.5
2026-08-26 09:50:52,3257,27.0,96.5
2026-08-26 09:50:57,3259,27.0,96.5
2026-08-26 09:51:02,3260,27.0,96.5
2026-08-26 09:51:08,3264,27.0,96.5
2026-08-26 09:51:13,3269,27.0,96.5
2026-08-26 09:51:18,3279,27.0,96.5
2026-08-26 09:51:24,3282,27.0,96.5
2026-08-26 09:51:29,3285,27.0,96.5
2026-08-26 09:51:34,3286,27.0,96.5
2026-08-26 09:51:39,3289,27.0,96.5
2026-08-26 09:51:45,3292,27.0,96.5
2026-08-26 09:51:50,3294,27.0,96.4
2026-08-26 09:51:55,3298,27.0,96.5
2026-08-26 09:52:00,3299,27.0,96.5
2026-08-26 09:52:06,3304,27.0,96.5
2026-08-26 09:52:11,3312,27.0,96.5
2026-08-26 09:52:16,3314,27.0,96.4
2026-08-26 09:52:21,3331,27.0,96.4
2026-08-26 09:52:27,3349,27.0,96.5
2026-08-26 09:52:32,3352,27.0,96.5
2026-08-26 09:52:37,3360,27.0,96.4
2026-08-26 09:52:42,3361,27.1,96.5
2026-08-26 09:52:48,3365,27.1,96.5
2026-08-26 09:52:53,3369,27.1,96.5
2026-08-26 09:52:58,3370,27.1,96.4
2026-08-26 09:53:03,3374,27.0,96.5
2026-08-26 09:53:09,3378,27.1,96.5
2026-08-26 09:53:19,3382,27.1,96.4
2026-08-26 09:53:24,3386,27.1,96.4
2026-08-26 09:53:30,3389,27.1,96.4
2026-08-26 09:53:35,3391,27.1,96.4
2026-08-26 09:53:40,3394,27.1,96.4
2026-08-26 09:53:51,3400,27.1,96.4
2026-08-26 09:53:56,3406,27.1,96.4
2026-08-26 09:54:01,3452,27.1,96.4
2026-08-26 09:54:06,3454,27.1,96.4
2026-08-26 09:54:12,3455,27.1,96.4
2026-08-26 09:54:17,3457,27.1,96.4
2026-08-26 09:54:22,3458,27.1,96.4
2026-08-26 09:54:27,3460,27.1,96.4
2026-08-26 09:54:33,3463,27.1,96.4
2026-08-26 09:54:38,3465,27.1,96.4
2026-08-26 09:54:43,3469,27.1,96.4
2026-08-26 09:54:54,3471,27.1,96.4
2026-08-26 09:54:59,3472,27.1,96.4
2026-08-26 09:55:04,3475,27.1,96.4
2026-08-26 09:55:10,3477,27.1,96.4
2026-08-26 09:55:15,3479,27.1,96.4
2026-08-26 09:55:21,3482,27.1,96.3
2026-08-26 09:55:26,3486,27.1,96.3
2026-08-26 09:55:31,3488,27.1,96.3
2026-08-26 09:55:37,3491,27.1,96.3
2026-08-26 09:55:42,3497,27.1,96.4
2026-08-26 09:55:47,3509,27.1,96.3
2026-08-26 09:55:52,3513,27.1,96.4
2026-08-26 09:55:58,3514,27.1,96.4
2026-08-26 09:56:03,3517,27.1,96.3
2026-08-26 09:56:08,3522,27.2,96.3
2026-08-26 09:56:13,3526,27.2,96.3
2026-08-26 09:56:19,3547,27.1,96.3
2026-08-26 09:56:24,3558,27.2,96.3
2026-08-26 09:56:29,3560,27.2,96.3
2026-08-26 09:56:34,3561,27.1,96.3
2026-08-26 09:56:40,3562,27.2,96.3
2026-08-26 09:56:45,3565,27.2,96.3
2026-08-26 09:56:50,3566,27.1,96.3
2026-08-26 09:56:56,3568,27.2,96.3
2026-08-26 09:57:01,3567,27.2,96.3
2026-08-26 09:57:06,3569,27.1,96.3
2026-08-26 09:57:11,3568,27.2,96.3
2026-08-26 09:57:16,3571,27.2,96.3
2026-08-26 09:57:22,3579,27.2,96.3
2026-08-26 09:57:27,3581,27.2,96.3
2026-08-26 09:57:32,3585,27.2,96.3
2026-08-26 09:57:37,3597,27.2,96.3
2026-08-26 09:57:43,3612,27.2,96.3
2026-08-26 09:57:48,3615,27.2,96.3
2026-08-26 09:57:53,3614,27.2,96.2
2026-08-26 09:58:09,3613,27.2,96.3
2026-08-26 09:58:14,3616,27.2,96.3
2026-08-26 09:58:19,3619,27.2,96.3
2026-08-26 09:58:25,3621,27.2,96.2
2026-08-26 09:58:30,3626,27.2,96.3
2026-08-26 09:58:35,3625,27.2,96.2
2026-08-26 09:58:41,3628,27.2,96.3
2026-08-26 09:58:46,3631,27.2,96.2
2026-08-26 09:58:51,3634,27.2,96.2
2026-08-26 09:59:02,3637,27.2,96.2
2026-08-26 09:59:07,3641,27.2,96.2
2026-08-26 09:59:12,3647,27.2,96.2
2026-08-26 09:59:18,3655,27.2,96.2
2026-08-26 09:59:23,3659,27.2,96.2
2026-08-26 09:59:28,3663,27.2,96.2
2026-08-26 09:59:34,3670,27.2,96.2
2026-08-26 09:59:39,3675,27.2,96.2
2026-08-26 09:59:44,3674,27.2,96.2
2026-08-26 09:59:50,3675,27.2,96.2
2026-08-26 09:59:55,3674,27.2,96.2
2026-08-26 10:00:00,3678,27.2,96.2
2026-08-26 10:00:05,3679,27.2,96.2
2026-08-26 10:00:11,3678,27.2,96.2
2026-08-26 10:00:16,3681,27.2,96.2
2026-08-26 10:00:21,3684,27.2,96.2
2026-08-26 10:00:26,3687,27.2,96.2
2026-08-26 10:00:32,3691,27.2,96.2
2026-08-26 10:00:37,3702,27.2,96.1
2026-08-26 10:00:42,3715,27.2,96.2
2026-08-26 10:00:48,3716,27.2,96.2
2026-08-26 10:00:53,3717,27.2,96.2
2026-08-26 10:00:59,3718,27.2,96.2
2026-08-26 10:01:04,3722,27.2,96.2
2026-08-26 10:01:09,3721,27.2,96.2
2026-08-26 10:01:15,3726,27.2,96.1
2026-08-26 10:01:25,3727,27.3,96.2
2026-08-26 10:01:31,3725,27.3,96.2
2026-08-26 10:01:36,3726,27.2,96.1
2026-08-26 10:01:41,3729,27.3,96.2
2026-08-26 10:01:46,3730,27.3,96.1
2026-08-26 10:01:52,3731,27.3,96.1
2026-08-26 10:01:57,3734,27.2,96.1
2026-08-26 10:02:02,3735,27.2,96.1
2026-08-26 10:02:07,3732,27.3,96.1
2026-08-26 10:02:13,3734,27.3,96.1
2026-08-26 10:02:18,3735,27.3,96.1
2026-08-26 10:02:23,3736,27.3,96.1
2026-08-26 10:02:28,3738,27.2,96.1
2026-08-26 10:02:34,3741,27.3,96.1
2026-08-26 10:02:39,3743,27.3,96.2
2026-08-26 10:02:44,3746,27.3,96.1
2026-08-26 10:02:55,3748,27.3,96.1
2026-08-26 10:03:00,3752,27.3,96.1
2026-08-26 10:03:05,3751,27.3,96.1
2026-08-26 10:03:11,3754,27.3,96.1
2026-08-26 10:03:16,3758,27.3,96.1
2026-08-26 10:03:21,3762,27.3,96.1
2026-08-26 10:03:32,3767,27.3,96.1
2026-08-26 10:03:37,3765,27.3,96.1
2026-08-26 10:03:42,3768,27.3,96.1
2026-08-26 10:03:48,3767,27.3,96.1
2026-08-26 10:03:53,3773,27.3,96.1
2026-08-26 10:03:58,3778,27.3,96.1
2026-08-26 10:04:04,3780,27.3,96.1
2026-08-26 10:04:09,3779,27.3,96.1
2026-08-26 10:04:14,3781,27.3,96.1
2026-08-26 10:04:19,3783,27.3,96.1
2026-08-26 10:04:25,3787,27.3,96.1
2026-08-26 10:04:30,3790,27.3,96.1
2026-08-26 10:04:35,3796,27.3,96.1
2026-08-26 10:04:40,3799,27.3,96.1
2026-08-26 10:04:46,3812,27.3,96.1
2026-08-26 10:04:51,3811,27.3,96.1
2026-08-26 10:04:56,3816,27.3,96.1
2026-08-26 10:05:01,3812,27.3,96.1
2026-08-26 10:05:07,3814,27.3,96.1
2026-08-26 10:05:17,3818,27.3,96.1
2026-08-26 10:05:22,3822,27.3,96.1
2026-08-26 10:05:28,3823,27.3,96.1
2026-08-26 10:05:33,3822,27.3,96.1
2026-08-26 10:05:43,3823,27.3,96.1
2026-08-26 10:05:49,3824,27.3,96.1
2026-08-26 10:05:54,3826,27.3,96.1
2026-08-26 10:06:05,3827,27.3,96.1
2026-08-26 10:06:10,3830,27.3,96.1
2026-08-26 10:06:15,3835,27.3,96.1
2026-08-26 10:06:20,3840,27.3,96.1
2026-08-26 10:06:26,3843,27.3,96.1
2026-08-26 10:06:31,3844,27.3,96.1
2026-08-26 10:06:42,3846,27.3,96.1
2026-08-26 10:06:47,3847,27.3,96.1
2026-08-26 10:06:52,3850,27.3,96.1
2026-08-26 10:06:57,3847,27.3,96.1
2026-08-26 10:07:03,3855,27.3,96.1
2026-08-26 10:07:08,3858,27.3,96.1
2026-08-26 10:07:13,3859,27.3,96.1
2026-08-26 10:07:18,3861,27.3,96.1
2026-08-26 10:07:23,3862,27.3,96.1
2026-08-26 10:07:34,3866,27.3,96.0
2026-08-26 10:07:39,3865,27.3,96.1
2026-08-26 10:07:50,3864,27.3,96.1
2026-08-26 10:07:55,3867,27.3,96.1
2026-08-26 10:08:00,3868,27.3,96.1
2026-08-26 10:08:06,3867,27.3,96.1
2026-08-26 10:08:11,3871,27.3,96.1
2026-08-26 10:08:21,3874,27.3,96.1
2026-08-26 10:08:27,3878,27.3,96.1
2026-08-26 10:08:32,3881,27.4,96.1
2026-08-26 10:08:37,3882,27.4,96.1
2026-08-26 10:08:42,3885,27.3,96.1
2026-08-26 10:08:48,3886,27.4,96.1
2026-08-26 10:08:58,3891,27.3,96.1
2026-08-26 10:09:09,3894,27.4,96.1
2026-08-26 10:09:14,3897,27.3,96.1
2026-08-26 10:09:19,3896,27.4,96.0
2026-08-26 10:09:25,3897,27.4,96.1
2026-08-26 10:09:30,3898,27.3,96.1
2026-08-26 10:09:35,3901,27.3,96.1
2026-08-26 10:09:41,3900,27.3,96.1
2026-08-26 10:09:46,3899,27.3,96.1
2026-08-26 10:09:51,3903,27.4,96.1
2026-08-26 10:09:56,3905,27.4,96.0
2026-08-26 10:10:02,3906,27.3,96.1
2026-08-26 10:10:07,3907,27.3,96.1
2026-08-26 10:10:17,3906,27.3,96.0
2026-08-26 10:10:23,3907,27.4,96.1
2026-08-26 10:10:28,3909,27.3,96.0
2026-08-26 10:10:33,3911,27.4,96.1
2026-08-26 10:10:38,3914,27.4,96.0
2026-08-26 10:10:44,3917,27.4,96.1
2026-08-26 10:10:49,3919,27.4,96.0
2026-08-26 10:10:54,3921,27.4,96.1
2026-08-26 10:11:00,3919,27.4,96.0
2026-08-26 10:11:05,3920,27.4,96.0
2026-08-26 10:11:10,3922,27.4,96.0
2026-08-26 10:11:16,3925,27.3,96.0
2026-08-26 10:11:21,3923,27.4,96.0
2026-08-26 10:11:31,3924,27.4,96.1
2026-08-26 10:11:37,3923,27.4,96.0
2026-08-26 10:11:42,3922,27.4,96.1
2026-08-26 10:11:52,3924,27.4,96.0
2026-08-26 10:11:58,3927,27.4,96.0
2026-08-26 10:12:03,3919,27.4,96.0
2026-08-26 10:12:08,3923,27.4,96.0
2026-08-26 10:12:13,3922,27.4,96.0
2026-08-26 10:12:19,3927,27.4,96.0
2026-08-26 10:12:29,3930,27.4,96.0
2026-08-26 10:12:40,3931,27.4,96.0
2026-08-26 10:12:45,3934,27.4,96.0
2026-08-26 10:12:55,3931,27.4,96.0
2026-08-26 10:13:01,3933,27.4,96.0
2026-08-26 10:13:06,3938,27.4,96.0
2026-08-26 10:13:11,3939,27.4,96.0
2026-08-26 10:13:16,3937,27.4,96.0
2026-08-26 10:13:22,3934,27.4,96.0
2026-08-26 10:13:32,3935,27.4,96.0
2026-08-26 10:13:37,3937,27.4,96.0
2026-08-26 10:13:43,3935,27.4,96.0
2026-08-26 10:13:48,3939,27.4,96.0
2026-08-26 10:13:53,3942,27.4,96.0
2026-08-26 10:13:59,3940,27.4,96.0
2026-08-26 10:14:04,3942,27.4,96.0
2026-08-26 10:14:31,3943,27.4,96.0
2026-08-26 10:14:41,3946,27.4,96.0
2026-08-26 10:14:46,3945,27.4,96.0
2026-08-26 10:14:52,3947,27.4,96.0
2026-08-26 10:15:02,3945,27.4,96.0
2026-08-26 10:15:07,3948,27.4,96.0
2026-08-26 10:15:13,3953,27.4,96.0
2026-08-26 10:15:23,3954,27.4,96.0
2026-08-26 10:15:28,3959,27.4,96.0
2026-08-26 10:15:34,3961,27.4,96.0
2026-08-26 10:15:39,3962,27.4,96.0
2026-08-26 10:15:55,3963,27.4,96.0
2026-08-26 10:16:01,3961,27.4,96.0
2026-08-26 10:16:06,3960,27.4,96.0
2026-08-26 10:16:11,3963,27.4,96.0
2026-08-26 10:16:22,3962,27.4,95.9
2026-08-26 10:16:27,3963,27.4,96.0
2026-08-26 10:16:37,3962,27.4,95.9
2026-08-26 10:16:43,3959,27.4,95.4
2026-08-26 10:16:48,3941,27.3,93.7
2026-08-26 10:16:53,3938,27.0,93.2
2026-08-26 10:16:59,3736,25.5,94.2
2026-08-26 10:17:04,3605,24.7,96.8
2026-08-26 10:17:09,3561,24.2,98.6
2026-08-26 10:17:14,3186,23.4,100.0
2026-08-26 10:17:20,3066,23.2,100.0
2026-08-26 10:17:25,2913,23.1,100.0
2026-08-26 10:17:30,2807,23.0,100.0
2026-08-26 10:17:35,2690,23.0,100.0
2026-08-26 10:17:41,2609,23.0,100.0
2026-08-26 10:17:46,2499,23.0,100.0
2026-08-26 10:17:51,2429,23.0,100.0
2026-08-26 10:17:57,2341,23.0,100.0
2026-08-26 10:18:02,2316,23.0,100.0
2026-08-26 10:18:07,2284,23.1,100.0
2026-08-26 10:18:12,2157,23.1,100.0
2026-08-26 10:18:18,2152,23.2,100.0
2026-08-26 10:18:23,2062,23.3,100.0
2026-08-26 10:18:28,2001,23.4,100.0
2026-08-26 10:18:33,1927,23.5,100.0
2026-08-26 10:18:39,1905,23.5,100.0
2026-08-26 10:18:44,1903,23.6,100.0
2026-08-26 10:18:49,1885,23.7,100.0
2026-08-26 10:18:54,1843,23.7,100.0
2026-08-26 10:19:00,1839,23.8,100.0
2026-08-26 10:19:05,1837,23.8,100.0
2026-08-26 10:19:10,1833,23.9,100.0
2026-08-26 10:19:15,1808,24.0,100.0
2026-08-26 10:19:21,1800,24.0,100.0
2026-08-26 10:19:26,1786,24.1,100.0
2026-08-26 10:19:31,1782,24.1,100.0
2026-08-26 10:19:37,1773,24.2,100.0
2026-08-26 10:19:42,1752,24.2,100.0
2026-08-26 10:19:47,1739,24.3,100.0
2026-08-26 10:19:52,1730,24.3,100.0
2026-08-26 10:19:58,1726,24.4,100.0
2026-08-26 10:20:03,1715,24.4,100.0
2026-08-26 10:20:08,1713,24.4,100.0
2026-08-26 10:20:13,1705,24.5,100.0
2026-08-26 10:20:18,1703,24.5,100.0
2026-08-26 10:20:24,1701,24.6,100.0
2026-08-26 10:20:29,1699,24.6,100.0
2026-08-26 10:20:34,1698,24.6,100.0
2026-08-26 10:20:39,1696,24.7,100.0
2026-08-26 10:20:45,1693,24.7,100.0
2026-08-26 10:20:55,1691,24.7,100.0
2026-08-26 10:21:00,1690,24.8,100.0
2026-08-26 10:21:06,1688,24.8,100.0
2026-08-26 10:21:11,1687,24.8,100.0
2026-08-26 10:21:17,1685,24.9,100.0
2026-08-26 10:21:22,1686,24.9,100.0
2026-08-26 10:21:27,1685,24.9,100.0
2026-08-26 10:21:43,1684,25.0,100.0
2026-08-26 10:21:48,1686,25.0,100.0
2026-08-26 10:21:54,1687,25.0,100.0
2026-08-26 10:21:59,1688,25.1,100.0
2026-08-26 10:22:04,1690,25.1,100.0
2026-08-26 10:22:09,1692,25.1,100.0
2026-08-26 10:22:15,1693,25.1,100.0
2026-08-26 10:22:25,1696,25.2,100.0
2026-08-26 10:22:30,1699,25.2,100.0
2026-08-26 10:22:36,1701,25.2,100.0
2026-08-26 10:22:46,1710,25.2,100.0
2026-08-26 10:22:51,1712,25.2,100.0
2026-08-26 10:22:57,1714,25.2,100.0
2026-08-26 10:23:02,1717,25.3,100.0
2026-08-26 10:23:07,1722,25.3,100.0
2026-08-26 10:23:12,1727,25.3,100.0
2026-08-26 10:23:18,1729,25.3,100.0
2026-08-26 10:23:23,1767,25.3,100.0
2026-08-26 10:23:28,1771,25.3,100.0
2026-08-26 10:23:33,1782,25.4,100.0
2026-08-26 10:23:39,1783,25.4,100.0
2026-08-26 10:23:44,1785,25.4,100.0
2026-08-26 10:23:49,1798,25.4,100.0
2026-08-26 10:23:54,1801,25.4,100.0
2026-08-26 10:24:00,1832,25.4,100.0
2026-08-26 10:24:05,1848,25.5,100.0
2026-08-26 10:24:10,1850,25.5,100.0
2026-08-26 10:24:16,1870,25.5,100.0
2026-08-26 10:24:21,1872,25.5,100.0
2026-08-26 10:24:26,1875,25.5,100.0
2026-08-26 10:24:31,1877,25.5,100.0
2026-08-26 10:24:37,1879,25.5,100.0
2026-08-26 10:24:42,1883,25.5,100.0
2026-08-26 10:24:47,1885,25.6,100.0
2026-08-26 10:24:52,1887,25.6,100.0
2026-08-26 10:24:58,1894,25.6,100.0
2026-08-26 10:25:03,1924,25.6,100.0
2026-08-26 10:25:08,1958,25.6,100.0
2026-08-26 10:25:13,1986,25.6,100.0
2026-08-26 10:25:19,1988,25.7,100.0
2026-08-26 10:25:24,1991,25.7,100.0
2026-08-26 10:25:29,1994,25.7,100.0
2026-08-26 10:25:34,1997,25.7,100.0
2026-08-26 10:25:39,1998,25.7,100.0
2026-08-26 10:25:45,2000,25.7,100.0
2026-08-26 10:25:50,2001,25.7,100.0
2026-08-26 10:25:55,2004,25.7,100.0
2026-08-26 10:26:01,2006,25.7,100.0
2026-08-26 10:26:06,2015,25.8,100.0
2026-08-26 10:26:11,2018,25.8,100.0
2026-08-26 10:26:16,2077,25.8,100.0
2026-08-26 10:26:22,2079,25.8,100.0
2026-08-26 10:26:27,2083,25.8,100.0
2026-08-26 10:26:32,2085,25.8,100.0
2026-08-26 10:26:37,2089,25.8,100.0
2026-08-26 10:26:43,2095,25.8,100.0
2026-08-26 10:26:48,2105,25.8,100.0
2026-08-26 10:26:54,2121,25.9,100.0
2026-08-26 10:26:59,2126,25.9,100.0
2026-08-26 10:27:04,2127,25.9,100.0
2026-08-26 10:27:09,2134,25.9,100.0
2026-08-26 10:27:15,2146,25.9,100.0
2026-08-26 10:27:20,2149,25.9,100.0
2026-08-26 10:27:25,2170,25.9,100.0
2026-08-26 10:27:31,2173,25.9,100.0
2026-08-26 10:27:36,2186,25.9,100.0
2026-08-26 10:27:41,2189,26.0,100.0
2026-08-26 10:27:46,2193,26.0,100.0
2026-08-26 10:27:52,2195,26.0,100.0
2026-08-26 10:27:57,2198,26.0,100.0
2026-08-26 10:28:02,2200,26.0,100.0
2026-08-26 10:28:07,2204,26.0,100.0
2026-08-26 10:28:13,2225,26.0,100.0
2026-08-26 10:28:18,2236,26.0,100.0
2026-08-26 10:28:24,2241,26.0,100.0
2026-08-26 10:28:29,2244,26.1,100.0
2026-08-26 10:28:34,2270,26.1,100.0
2026-08-26 10:28:39,2276,26.1,100.0
2026-08-26 10:28:45,2279,26.1,100.0
2026-08-26 10:28:50,2281,26.1,100.0
2026-08-26 10:28:55,2284,26.1,100.0
2026-08-26 10:29:00,2288,26.1,100.0
2026-08-26 10:29:06,2289,26.1,100.0
2026-08-26 10:29:11,2293,26.1,100.0
2026-08-26 10:29:16,2297,26.1,100.0
2026-08-26 10:29:21,2314,26.1,100.0
2026-08-26 10:29:27,2318,26.2,100.0
2026-08-26 10:29:32,2321,26.2,100.0
2026-08-26 10:29:37,2324,26.2,100.0
2026-08-26 10:29:43,2325,26.2,100.0
2026-08-26 10:29:48,2341,26.2,100.0
2026-08-26 10:29:54,2353,26.2,100.0
2026-08-26 10:29:59,2355,26.2,100.0
2026-08-26 10:30:04,2359,26.2,100.0
2026-08-26 10:30:09,2361,26.2,100.0
2026-08-26 10:30:15,2365,26.2,100.0
2026-08-26 10:30:20,2367,26.2,100.0
2026-08-26 10:30:25,2370,26.2,100.0
2026-08-26 10:30:30,2375,26.3,100.0
2026-08-26 10:30:36,2378,26.3,100.0
2026-08-26 10:30:41,2382,26.3,100.0
2026-08-26 10:30:46,2385,26.3,100.0
2026-08-26 10:30:51,2386,26.3,100.0
2026-08-26 10:30:57,2397,26.3,100.0
2026-08-26 10:31:02,2409,26.3,100.0
2026-08-26 10:31:07,2410,26.3,100.0
2026-08-26 10:31:13,2413,26.3,100.0
2026-08-26 10:31:18,2414,26.3,100.0
2026-08-26 10:31:23,2417,26.3,100.0
2026-08-26 10:31:28,2421,26.3,100.0
2026-08-26 10:31:34,2424,26.3,100.0
2026-08-26 10:31:39,2464,26.4,100.0
2026-08-26 10:31:44,2466,26.4,100.0
2026-08-26 10:31:50,2470,26.4,100.0
2026-08-26 10:31:55,2474,26.4,100.0
2026-08-26 10:32:00,2510,26.4,100.0
2026-08-26 10:32:05,2512,26.4,100.0
2026-08-26 10:32:11,2522,26.4,100.0
2026-08-26 10:32:16,2523,26.4,100.0
2026-08-26 10:32:32,2522,26.4,100.0
2026-08-26 10:32:37,2523,26.4,100.0
2026-08-26 10:32:42,2527,26.4,100.0
2026-08-26 10:32:47,2530,26.5,100.0
2026-08-26 10:32:53,2534,26.5,100.0
2026-08-26 10:32:58,2537,26.5,100.0
2026-08-26 10:33:03,2541,26.5,100.0
2026-08-26 10:33:09,2545,26.5,100.0
2026-08-26 10:33:14,2576,26.5,100.0
2026-08-26 10:33:19,2589,26.5,100.0
2026-08-26 10:33:30,2586,26.5,100.0
2026-08-26 10:33:41,2591,26.5,100.0
2026-08-26 10:33:46,2592,26.5,100.0
2026-08-26 10:33:56,2594,26.5,100.0
2026-08-26 10:34:02,2595,26.6,100.0
2026-08-26 10:34:07,2596,26.6,100.0
2026-08-26 10:34:12,2599,26.5,100.0
2026-08-26 10:34:17,2598,26.6,100.0
2026-08-26 10:34:23,2600,26.6,100.0
2026-08-26 10:34:28,2602,26.6,100.0
2026-08-26 10:34:33,2604,26.6,100.0
2026-08-26 10:34:38,2609,26.6,100.0
2026-08-26 10:34:44,2610,26.6,100.0
2026-08-26 10:34:49,2612,26.6,100.0
2026-08-26 10:34:54,2614,26.6,100.0
2026-08-26 10:34:59,2618,26.6,100.0
2026-08-26 10:35:05,2622,26.6,100.0
2026-08-26 10:35:10,2625,26.6,100.0
2026-08-26 10:35:21,2629,26.7,100.0
2026-08-26 10:35:26,2633,26.6,100.0
2026-08-26 10:35:31,2636,26.6,100.0
2026-08-26 10:35:36,2659,26.7,100.0
2026-08-26 10:35:41,2662,26.7,100.0
2026-08-26 10:35:47,2664,26.7,100.0
2026-08-26 10:35:52,2665,26.7,100.0
2026-08-26 10:35:57,2673,26.7,100.0
2026-08-26 10:36:02,2674,26.7,100.0
2026-08-26 10:36:08,2678,26.7,100.0
2026-08-26 10:36:13,2682,26.7,100.0
2026-08-26 10:36:23,2685,26.7,100.0
2026-08-26 10:36:34,2690,26.7,100.0
2026-08-26 10:36:44,2695,26.7,100.0
2026-08-26 10:36:50,2699,26.7,100.0
2026-08-26 10:36:55,2698,26.7,100.0
2026-08-26 10:37:00,2702,26.7,100.0
2026-08-26 10:37:06,2707,26.7,100.0
2026-08-26 10:37:11,2710,26.8,100.0
2026-08-26 10:37:16,2713,26.7,100.0
2026-08-26 10:37:22,2714,26.8,100.0
2026-08-26 10:37:27,2718,26.8,100.0
2026-08-26 10:37:32,2719,26.8,100.0
2026-08-26 10:37:37,2722,26.8,100.0
2026-08-26 10:37:43,2723,26.8,100.0
2026-08-26 10:37:53,2730,26.8,100.0
2026-08-26 10:37:58,2735,26.8,100.0
2026-08-26 10:38:03,2746,26.8,100.0
2026-08-26 10:38:09,2763,26.8,100.0
2026-08-26 10:38:14,2771,26.8,100.0
2026-08-26 10:38:19,2773,26.8,100.0
2026-08-26 10:38:29,2776,26.8,100.0
2026-08-26 10:38:35,2775,26.8,100.0
2026-08-26 10:38:40,2777,26.8,100.0
2026-08-26 10:38:45,2782,26.8,100.0
2026-08-26 10:38:51,2784,26.8,100.0
2026-08-26 10:38:56,2787,26.9,100.0
2026-08-26 10:39:01,2792,26.9,100.0
2026-08-26 10:39:06,2796,26.9,100.0
2026-08-26 10:39:12,2805,26.9,100.0
2026-08-26 10:39:22,2808,26.9,100.0
2026-08-26 10:39:28,2809,26.9,100.0
2026-08-26 10:39:33,2810,26.9,100.0
2026-08-26 10:39:38,2811,26.9,100.0
2026-08-26 10:39:43,2810,26.9,100.0
2026-08-26 10:39:49,2813,26.9,100.0
2026-08-26 10:39:54,2817,26.9,100.0
2026-08-26 10:40:04,2820,26.9,100.0
2026-08-26 10:40:10,2827,26.9,100.0
2026-08-26 10:40:15,2831,26.9,100.0
2026-08-26 10:40:20,2834,26.9,100.0
2026-08-26 10:40:31,2839,27.0,100.0
2026-08-26 10:40:36,2838,26.9,100.0
2026-08-26 10:40:42,2839,26.9,100.0
2026-08-26 10:41:02,2842,27.0,100.0
2026-08-26 10:41:08,2845,27.0,100.0
2026-08-26 10:41:13,2847,27.0,100.0
2026-08-26 10:41:18,2849,27.0,100.0
2026-08-26 10:41:23,2855,27.0,100.0
2026-08-26 10:41:29,2856,27.0,100.0
2026-08-26 10:41:34,2857,27.0,100.0
2026-08-26 10:41:39,2860,27.0,100.0
2026-08-26 10:41:44,2862,27.0,100.0
2026-08-26 10:41:49,2866,27.0,100.0
2026-08-26 10:41:55,2876,27.0,100.0
2026-08-26 10:42:00,2877,27.0,100.0
2026-08-26 10:42:05,2882,27.0,100.0
2026-08-26 10:42:10,2884,27.0,100.0
2026-08-26 10:42:16,2903,27.0,100.0
2026-08-26 10:42:21,2905,27.0,100.0
2026-08-26 10:42:27,2906,27.0,100.0
2026-08-26 10:42:32,2908,27.1,100.0
2026-08-26 10:42:37,2910,27.0,100.0
2026-08-26 10:42:42,2912,27.0,100.0
2026-08-26 10:42:48,2914,27.1,100.0
2026-08-26 10:42:53,2916,27.0,100.0
2026-08-26 10:42:58,2918,27.1,100.0
2026-08-26 10:43:03,2922,27.1,100.0
2026-08-26 10:43:09,2923,27.1,100.0
2026-08-26 10:43:14,2926,27.1,100.0
2026-08-26 10:43:19,2927,27.1,100.0
2026-08-26 10:43:24,2932,27.1,100.0
2026-08-26 10:43:29,2936,27.1,100.0
2026-08-26 10:43:35,2938,27.1,100.0
2026-08-26 10:43:40,2941,27.1,100.0
2026-08-26 10:43:50,2944,27.1,100.0
2026-08-26 10:43:56,2946,27.1,100.0
2026-08-26 10:44:01,2950,27.1,100.0
2026-08-26 10:44:06,2955,27.1,100.0
2026-08-26 10:44:12,2961,27.1,100.0
2026-08-26 10:44:17,2964,27.1,100.0
2026-08-26 10:44:22,2981,27.1,100.0
2026-08-26 10:44:27,2983,27.1,100.0
2026-08-26 10:44:32,2984,27.1,100.0
2026-08-26 10:44:38,2989,27.2,100.0
2026-08-26 10:44:43,2992,27.1,100.0
2026-08-26 10:44:48,2995,27.2,100.0
2026-08-26 10:44:53,3001,27.1,100.0
2026-08-26 10:44:59,3000,27.2,100.0
2026-08-26 10:45:04,3002,27.2,100.0
2026-08-26 10:45:09,3004,27.2,100.0
2026-08-26 10:45:20,3007,27.2,100.0
2026-08-26 10:45:25,3009,27.2,100.0
2026-08-26 10:45:31,3015,27.2,100.0
2026-08-26 10:45:36,3017,27.2,100.0
2026-08-26 10:45:41,3018,27.2,100.0
2026-08-26 10:45:46,3020,27.2,100.0
2026-08-26 10:45:51,3022,27.2,100.0
2026-08-26 10:45:57,3026,27.2,100.0
2026-08-26 10:46:02,3030,27.2,100.0
2026-08-26 10:46:07,3031,27.2,100.0
2026-08-26 10:46:13,3033,27.2,100.0
2026-08-26 10:46:18,3034,27.2,100.0
2026-08-26 10:46:23,3035,27.2,100.0
2026-08-26 10:46:28,3038,27.2,100.0
2026-08-26 10:46:34,3043,27.2,100.0
2026-08-26 10:46:39,3045,27.3,100.0
2026-08-26 10:46:44,3047,27.2,100.0
2026-08-26 10:46:49,3049,27.3,100.0
2026-08-26 10:46:55,3054,27.3,100.0
2026-08-26 10:47:00,3063,27.3,100.0
2026-08-26 10:47:11,3066,27.3,100.0
2026-08-26 10:47:16,3069,27.3,100.0
2026-08-26 10:47:21,3073,27.3,100.0
2026-08-26 10:47:26,3076,27.3,100.0
2026-08-26 10:47:31,3077,27.3,100.0
2026-08-26 10:47:37,3087,27.3,100.0
2026-08-26 10:47:42,3088,27.3,100.0
2026-08-26 10:47:48,3091,27.3,100.0
2026-08-26 10:48:09,3096,27.3,100.0
2026-08-26 10:48:14,3098,27.3,100.0
2026-08-26 10:48:19,3102,27.4,100.0
2026-08-26 10:48:24,3104,27.3,100.0
2026-08-26 10:48:30,3106,27.4,100.0
2026-08-26 10:48:35,3108,27.4,100.0
2026-08-26 10:48:40,3110,27.4,100.0
2026-08-26 10:48:45,3115,27.3,100.0
2026-08-26 10:48:56,3116,27.4,100.0
2026-08-26 10:49:07,3119,27.4,100.0
2026-08-26 10:49:17,3121,27.4,100.0
2026-08-26 10:49:22,3123,27.4,100.0
2026-08-26 10:49:28,3122,27.4,100.0
2026-08-26 10:49:33,3125,27.4,100.0
2026-08-26 10:49:38,3129,27.4,100.0
2026-08-26 10:49:43,3130,27.4,100.0
2026-08-26 10:49:49,3131,27.4,100.0
2026-08-26 10:49:59,3136,27.4,100.0
2026-08-26 10:50:05,3137,27.4,100.0
2026-08-26 10:50:10,3141,27.4,100.0
2026-08-26 10:50:20,3142,27.4,100.0
2026-08-26 10:50:25,3145,27.5,100.0
2026-08-26 10:50:31,3149,27.5,100.0
2026-08-26 10:50:36,3152,27.5,100.0
2026-08-26 10:50:41,3155,27.5,100.0
2026-08-26 10:50:47,3165,27.5,100.0
2026-08-26 10:50:57,3171,27.5,100.0
2026-08-26 10:51:08,3173,27.5,100.0
2026-08-26 10:51:13,3175,27.5,100.0
2026-08-26 10:51:18,3177,27.5,100.0
2026-08-26 10:51:24,3178,27.5,100.0
2026-08-26 10:51:29,3179,27.5,100.0
2026-08-26 10:51:34,3181,27.6,100.0
2026-08-26 10:51:39,3184,27.6,100.0
2026-08-26 10:51:45,3186,27.6,100.0
2026-08-26 10:51:50,3190,27.6,100.0
2026-08-26 10:51:55,3194,27.6,100.0
2026-08-26 10:52:00,3207,27.6,100.0
2026-08-26 10:52:06,3208,27.6,100.0
2026-08-26 10:52:11,3213,27.6,100.0
2026-08-26 10:52:16,3216,27.6,100.0
2026-08-26 10:52:22,3218,27.6,100.0
2026-08-26 10:52:27,3216,27.6,100.0
2026-08-26 10:52:32,3214,27.7,100.0
2026-08-26 10:52:42,3215,27.7,100.0
2026-08-26 10:52:48,3217,27.7,100.0
2026-08-26 10:52:53,3219,27.7,100.0
2026-08-26 10:52:59,3223,27.7,100.0
2026-08-26 10:53:04,3226,27.7,100.0
2026-08-26 10:53:09,3228,27.7,100.0
2026-08-26 10:53:14,3230,27.7,100.0
2026-08-26 10:53:19,3233,27.8,100.0
2026-08-26 10:53:25,3235,27.8,100.0
2026-08-26 10:53:30,3239,27.8,100.0
2026-08-26 10:53:35,3240,27.8,100.0
2026-08-26 10:53:46,3241,27.8,100.0
2026-08-26 10:53:51,3242,27.8,100.0
2026-08-26 10:53:56,3245,27.8,100.0
2026-08-26 10:54:02,3242,27.8,100.0
2026-08-26 10:54:07,3245,27.8,100.0
2026-08-26 10:54:12,3247,27.8,100.0
2026-08-26 10:54:17,3252,27.8,100.0
2026-08-26 10:54:23,3258,27.9,100.0
2026-08-26 10:54:33,3259,27.9,100.0
2026-08-26 10:54:39,3260,27.9,100.0
2026-08-26 10:54:44,3261,27.9,100.0
2026-08-26 10:54:49,3262,27.9,100.0
2026-08-26 10:54:54,3265,27.9,100.0
2026-08-26 10:55:00,3267,27.9,100.0
2026-08-26 10:55:05,3269,27.9,100.0
2026-08-26 10:55:10,3270,27.9,100.0
2026-08-26 10:55:26,3271,28.0,100.0
2026-08-26 10:55:31,3278,28.0,100.0
2026-08-26 10:55:36,3279,28.0,100.0
2026-08-26 10:55:42,3282,28.0,100.0
2026-08-26 10:55:47,3286,28.0,100.0
2026-08-26 10:55:52,3293,28.0,100.0
2026-08-26 10:55:57,3296,28.0,100.0
2026-08-26 10:56:03,3294,28.0,100.0
2026-08-26 10:56:08,3297,28.1,100.0
2026-08-26 10:56:13,3300,28.0,100.0
2026-08-26 10:56:19,3301,28.1,100.0
2026-08-26 10:56:24,3302,28.1,100.0
2026-08-26 10:56:29,3303,28.1,100.0
2026-08-26 10:56:34,3305,28.1,100.0
2026-08-26 10:56:40,3307,28.1,99.9
2026-08-26 10:56:45,3309,28.1,99.9
2026-08-26 10:56:55,3310,28.1,99.8
2026-08-26 10:57:01,3308,28.1,99.8
2026-08-26 10:57:06,3312,28.1,99.7
2026-08-26 10:57:11,3311,28.2,99.7
2026-08-26 10:57:16,3312,28.2,99.7
2026-08-26 10:57:22,3315,28.2,99.7
2026-08-26 10:57:27,3314,28.2,99.7
2026-08-26 10:57:32,3315,28.2,99.6
2026-08-26 10:57:37,3316,28.2,99.6
2026-08-26 10:57:43,3321,28.2,99.5
2026-08-26 10:57:48,3323,28.2,99.5
2026-08-26 10:57:53,3328,28.2,99.5
2026-08-26 10:57:59,3326,28.2,99.4
2026-08-26 10:58:04,3325,28.3,99.4
2026-08-26 10:58:09,3328,28.2,99.4
2026-08-26 10:58:14,3325,28.3,99.3
2026-08-26 10:58:25,3327,28.3,99.3
2026-08-26 10:58:30,3329,28.3,99.3
2026-08-26 10:58:41,3328,28.3,99.2
2026-08-26 10:58:46,3330,28.3,99.2
2026-08-26 10:58:51,3331,28.3,99.1
2026-08-26 10:58:56,3334,28.3,99.1
2026-08-26 10:59:01,3336,28.3,99.1
2026-08-26 10:59:07,3337,28.4,99.1
2026-08-26 10:59:12,3339,28.4,99.1
2026-08-26 10:59:17,3345,28.3,99.0
2026-08-26 10:59:23,3347,28.4,99.0
2026-08-26 10:59:28,3348,28.4,99.0
2026-08-26 10:59:33,3350,28.4,99.0
2026-08-26 10:59:38,3349,28.4,98.9
2026-08-26 10:59:44,3347,28.4,98.9
2026-08-26 10:59:54,3348,28.4,98.8
2026-08-26 11:00:00,3346,28.4,98.8
2026-08-26 11:00:05,3344,28.4,98.8
2026-08-26 11:00:10,3346,28.4,98.8
2026-08-26 11:00:15,3347,28.4,98.8
2026-08-26 11:00:26,3345,28.5,98.7
2026-08-26 11:00:31,3346,28.5,98.7
2026-08-26 11:00:36,3349,28.5,98.7
2026-08-26 11:00:52,3350,28.5,98.6
2026-08-26 11:00:57,3347,28.5,98.5
2026-08-26 11:01:03,3348,28.6,98.4
2026-08-26 11:01:08,3351,28.6,98.3
2026-08-26 11:01:13,3348,28.6,98.2
2026-08-26 11:01:24,3346,28.6,98.2
2026-08-26 11:01:29,3345,28.6,98.1
2026-08-26 11:01:34,3346,28.6,98.1
2026-08-26 11:01:40,3344,28.6,98.1
2026-08-26 11:01:45,3346,28.6,98.0
2026-08-26 11:01:50,3347,28.7,97.9
2026-08-26 11:01:56,3349,28.7,97.9
2026-08-26 11:02:01,3352,28.7,97.9
2026-08-26 11:02:06,3348,28.7,97.9
2026-08-26 11:02:17,3349,28.7,97.8
2026-08-26 11:02:22,3351,28.7,97.7
2026-08-26 11:02:43,3355,28.8,97.6
2026-08-26 11:02:48,3356,28.8,97.6
2026-08-26 11:02:53,3360,28.8,97.5
2026-08-26 11:02:59,3358,28.8,97.5
2026-08-26 11:03:04,3359,28.8,97.4
2026-08-26 11:03:09,3361,28.8,97.4
2026-08-26 11:03:15,3362,28.8,97.4
2026-08-26 11:03:20,3365,28.9,97.3
2026-08-26 11:03:25,3368,28.8,97.3
2026-08-26 11:03:30,3372,28.9,97.3
2026-08-26 11:03:35,3374,28.8,97.2
2026-08-26 11:03:41,3376,28.9,97.2
2026-08-26 11:03:46,3374,28.9,97.2
2026-08-26 11:03:52,3376,28.9,97.1
2026-08-26 11:03:57,3378,28.9,97.1
2026-08-26 11:04:02,3379,28.9,97.1
2026-08-26 11:04:07,3380,28.9,97.1
2026-08-26 11:04:18,3382,29.0,96.9
2026-08-26 11:04:23,3380,29.0,96.8
2026-08-26 11:04:28,3378,29.0,96.8
2026-08-26 11:04:39,3382,29.0,96.7
2026-08-26 11:04:44,3384,29.1,96.7
2026-08-26 11:04:55,3383,29.1,96.6
2026-08-26 11:05:00,3385,29.1,96.6
2026-08-26 11:05:06,3386,29.1,96.5
2026-08-26 11:05:11,3385,29.1,96.4
2026-08-26 11:05:16,3386,29.1,96.4
2026-08-26 11:05:21,3390,29.1,96.4
2026-08-26 11:05:26,3392,29.2,96.3
2026-08-26 11:05:32,3388,29.2,96.3
2026-08-26 11:05:37,3387,29.2,96.2
2026-08-26 11:05:47,3390,29.2,96.2
2026-08-26 11:05:53,3387,29.2,96.1
2026-08-26 11:05:58,3389,29.2,96.0
2026-08-26 11:06:03,3390,29.3,96.0
2026-08-26 11:06:08,3392,29.3,96.0
2026-08-26 11:06:14,3391,29.3,95.9
2026-08-26 11:06:19,3390,29.3,95.9
2026-08-26 11:06:29,3391,29.3,95.8
2026-08-26 11:06:35,3388,29.3,95.7
2026-08-26 11:06:40,3392,29.3,95.7
2026-08-26 11:06:45,3393,29.4,95.7
2026-08-26 11:06:50,3394,29.4,95.6
2026-08-26 11:06:56,3396,29.4,95.6
2026-08-26 11:07:01,3397,29.4,95.6
2026-08-26 11:07:06,3399,29.4,95.6
2026-08-26 11:07:17,3398,29.4,95.4
2026-08-26 11:07:22,3401,29.4,95.4
2026-08-26 11:07:27,3406,29.4,95.4
2026-08-26 11:07:33,3405,29.4,95.3
2026-08-26 11:07:38,3406,29.4,95.3
2026-08-26 11:07:43,3414,29.5,95.2
2026-08-26 11:07:54,3417,29.5,95.2
2026-08-26 11:07:59,3418,29.5,95.2
2026-08-26 11:08:04,3420,29.5,95.1
2026-08-26 11:08:15,3419,29.5,95.1
2026-08-26 11:08:20,3418,29.5,95.1
2026-08-26 11:08:26,3420,29.5,95.0
2026-08-26 11:08:36,3422,29.5,95.0
2026-08-26 11:08:41,3421,29.5,94.9
2026-08-26 11:08:47,3426,29.5,95.0
2026-08-26 11:08:52,3425,29.6,94.9
2026-08-26 11:08:57,3424,29.6,94.9
2026-08-26 11:09:02,3427,29.6,94.9
2026-08-26 11:09:08,3426,29.6,94.8
2026-08-26 11:09:13,3427,29.6,94.8
2026-08-26 11:09:18,3429,29.6,94.7
2026-08-26 11:09:29,3432,29.6,94.7
2026-08-26 11:09:50,3429,29.6,94.6
2026-08-26 11:10:11,3427,29.6,94.5
2026-08-26 11:10:22,3426,29.6,94.5
2026-08-26 11:10:27,3427,29.6,94.5
2026-08-26 11:10:37,3426,29.7,94.5
2026-08-26 11:10:43,3427,29.6,94.5
2026-08-26 11:10:53,3428,29.7,94.5
2026-08-26 11:10:58,3429,29.7,94.4
2026-08-26 11:11:14,3428,29.7,94.3
2026-08-26 11:11:19,3430,29.7,94.3
2026-08-26 11:11:30,3429,29.7,94.3
2026-08-26 11:11:46,3427,29.7,94.2
2026-08-26 11:11:51,3429,29.7,94.2
2026-08-26 11:11:56,3431,29.7,94.2
2026-08-26 11:12:02,3427,29.7,94.2
2026-08-26 11:12:12,3425,29.7,94.2
2026-08-26 11:12:17,3426,29.7,94.2
2026-08-26 11:12:22,3424,29.7,94.2
2026-08-26 11:12:28,3422,29.7,94.2
2026-08-26 11:12:33,3425,29.7,94.2
2026-08-26 11:12:38,3430,29.7,94.1
2026-08-26 11:12:44,3429,29.7,94.1
2026-08-26 11:12:49,3430,29.7,94.1
2026-08-26 11:12:54,3433,29.7,94.1
2026-08-26 11:13:05,3434,29.7,94.1
2026-08-26 11:13:10,3435,29.7,94.0
2026-08-26 11:13:15,3434,29.7,94.0
2026-08-26 11:13:26,3433,29.7,94.0
2026-08-26 11:13:31,3431,29.7,94.0
2026-08-26 11:13:36,3434,29.7,94.0
2026-08-26 11:13:42,3433,29.7,94.0
2026-08-26 11:13:52,3435,29.7,93.9
2026-08-26 11:13:57,3434,29.7,94.0
2026-08-26 11:14:03,3435,29.7,94.0
2026-08-26 11:14:19,3429,29.8,93.9
2026-08-26 11:14:29,3430,29.7,93.9
2026-08-26 11:14:35,3431,29.8,93.9
2026-08-26 11:14:40,3430,29.8,93.9
2026-08-26 11:14:45,3432,29.8,93.9
2026-08-26 11:14:50,3433,29.8,93.9
2026-08-26 11:15:17,3430,29.8,93.8
2026-08-26 11:15:22,3432,29.8,93.8
2026-08-26 11:15:33,3435,29.8,93.8
2026-08-26 11:15:43,3437,29.8,93.8
2026-08-26 11:15:49,3442,29.8,93.8
2026-08-26 11:15:59,3441,29.8,93.7
2026-08-26 11:16:04,3443,29.8,93.7
2026-08-26 11:16:09,3442,29.8,93.7
2026-08-26 11:16:15,3446,29.8,93.7
2026-08-26 11:16:20,3442,29.8,93.7
2026-08-26 11:16:25,3443,29.8,93.7
2026-08-26 11:16:30,3448,29.8,93.7
2026-08-26 11:16:36,3446,29.8,93.7
2026-08-26 11:16:41,3443,29.8,93.7
2026-08-26 11:16:46,3442,29.8,93.7
2026-08-26 11:16:51,3443,29.8,93.7
2026-08-26 11:16:57,3445,29.8,93.7
2026-08-26 11:17:02,3446,29.8,93.6
2026-08-26 11:17:08,3448,29.8,93.7
2026-08-26 11:17:13,3450,29.8,93.7
2026-08-26 11:17:18,3449,29.8,93.6
2026-08-26 11:17:23,3447,29.8,93.7
2026-08-26 11:17:28,3451,29.8,93.6
2026-08-26 11:17:34,3450,29.8,93.6
2026-08-26 11:17:39,3454,29.8,93.6
2026-08-26 11:17:44,3457,29.8,93.6
2026-08-26 11:17:50,3458,29.9,93.6
2026-08-26 11:18:06,3457,29.8,93.6
2026-08-26 11:18:11,3459,29.8,93.6
2026-08-26 11:18:16,3457,29.8,93.6
2026-08-26 11:18:27,3460,29.9,93.6
2026-08-26 11:18:37,3459,29.8,93.5
2026-08-26 11:18:53,3460,29.9,93.5
2026-08-26 11:18:58,3459,29.9,93.5
2026-08-26 11:19:04,3461,29.9,93.5
2026-08-26 11:19:09,3464,29.8,93.5
2026-08-26 11:19:14,3467,29.9,93.5
2026-08-26 11:19:19,3469,29.9,93.5
2026-08-26 11:19:30,3470,29.9,93.5
2026-08-26 11:19:46,3474,29.9,93.5
2026-08-26 11:19:51,3473,29.9,93.5
2026-08-26 11:20:01,3476,29.9,93.5
2026-08-26 11:20:07,3475,29.9,93.4
2026-08-26 11:20:12,3476,29.9,93.4
2026-08-26 11:20:17,3477,29.9,93.5
2026-08-26 11:20:23,3479,29.9,93.4
2026-08-26 11:20:28,3480,29.9,93.4
2026-08-26 11:20:33,3481,29.9,93.4
2026-08-26 11:20:39,3480,29.9,93.4
2026-08-26 11:20:44,3481,29.9,93.4
2026-08-26 11:20:49,3480,29.9,93.4
2026-08-26 11:20:54,3482,29.9,93.4
2026-08-26 11:21:05,3484,29.9,93.5
2026-08-26 11:21:10,3483,29.9,93.5
2026-08-26 11:21:15,3482,29.9,93.5
2026-08-26 11:21:26,3481,29.9,93.5
2026-08-26 11:21:36,3483,29.9,93.5
2026-08-26 11:21:42,3487,29.9,93.5
2026-08-26 11:21:57,3492,29.9,93.6
2026-08-26 11:22:08,3496,29.9,93.3
2026-08-26 11:22:13,3490,29.4,93.4
2026-08-26 11:22:18,3482,28.5,95.0
2026-08-26 11:22:24,3301,27.9,96.5
2026-08-26 11:22:29,3122,27.4,97.4
2026-08-26 11:22:34,2886,26.0,99.6
2026-08-26 11:22:40,2809,25.6,100.0
2026-08-26 11:22:45,2688,25.4,100.0
2026-08-26 11:22:50,2684,25.2,100.0
2026-08-26 11:22:55,2541,25.1,100.0
2026-08-26 11:23:00,2431,25.0,100.0
2026-08-26 11:23:06,2326,25.0,100.0
2026-08-26 11:23:11,2221,24.9,100.0
2026-08-26 11:23:16,2145,24.8,100.0
2026-08-26 11:23:21,2101,24.6,100.0
2026-08-26 11:23:27,2022,24.5,100.0
2026-08-26 11:23:32,2019,24.3,100.0
2026-08-26 11:23:37,2016,24.2,100.0
2026-08-26 11:23:42,2012,24.1,100.0
2026-08-26 11:23:48,2011,24.1,100.0
2026-08-26 11:23:53,2010,24.1,100.0
2026-08-26 11:23:58,2009,24.2,100.0
2026-08-26 11:24:04,2008,24.2,100.0
2026-08-26 11:24:09,2009,24.3,100.0
2026-08-26 11:24:14,2015,24.5,100.0
2026-08-26 11:24:19,2016,24.6,100.0
2026-08-26 11:24:25,2018,24.6,100.0
2026-08-26 11:24:30,2020,24.7,100.0
2026-08-26 11:24:35,2021,24.8,100.0
2026-08-26 11:24:40,2024,24.9,100.0
2026-08-26 11:24:51,2027,25.0,100.0
2026-08-26 11:24:56,2028,25.1,100.0
2026-08-26 11:25:01,2031,25.2,100.0
2026-08-26 11:25:07,2036,25.2,100.0
2026-08-26 11:25:12,2047,25.3,100.0
2026-08-26 11:25:17,2079,25.4,100.0
2026-08-26 11:25:22,2094,25.5,100.0
2026-08-26 11:25:28,2101,25.6,100.0
2026-08-26 11:25:33,2105,25.6,100.0
2026-08-26 11:25:38,2111,25.7,100.0
2026-08-26 11:25:43,2144,25.7,100.0
2026-08-26 11:25:49,2230,25.8,100.0
2026-08-26 11:25:54,2231,25.8,100.0
2026-08-26 11:25:59,2235,25.9,100.0
2026-08-26 11:26:05,2240,25.9,100.0
2026-08-26 11:26:10,2252,26.0,100.0
2026-08-26 11:26:15,2256,26.0,100.0
2026-08-26 11:26:21,2257,26.0,100.0
2026-08-26 11:26:26,2261,26.1,100.0
2026-08-26 11:26:31,2289,26.1,100.0
2026-08-26 11:26:36,2310,26.2,100.0
2026-08-26 11:26:42,2311,26.2,100.0
2026-08-26 11:26:47,2314,26.2,100.0
2026-08-26 11:26:52,2360,26.3,100.0
2026-08-26 11:26:57,2364,26.3,100.0
2026-08-26 11:27:03,2367,26.3,100.0
2026-08-26 11:27:08,2377,26.3,100.0
2026-08-26 11:27:13,2379,26.4,100.0
2026-08-26 11:27:18,2383,26.4,100.0
2026-08-26 11:27:24,2394,26.4,100.0
2026-08-26 11:27:29,2420,26.4,100.0
2026-08-26 11:27:34,2451,26.5,100.0
2026-08-26 11:27:40,2456,26.5,100.0
2026-08-26 11:27:45,2504,26.5,100.0
2026-08-26 11:27:50,2507,26.5,100.0
2026-08-26 11:27:55,2528,26.6,100.0
2026-08-26 11:28:01,2530,26.6,100.0
2026-08-26 11:28:06,2531,26.6,100.0
2026-08-26 11:28:11,2534,26.6,100.0
2026-08-26 11:28:16,2536,26.6,100.0
2026-08-26 11:28:22,2537,26.6,100.0
2026-08-26 11:28:27,2541,26.6,100.0
2026-08-26 11:28:32,2547,26.7,100.0
2026-08-26 11:28:37,2557,26.7,100.0
2026-08-26 11:28:43,2588,26.7,100.0
2026-08-26 11:28:48,2589,26.7,100.0
2026-08-26 11:28:53,2606,26.7,100.0
2026-08-26 11:28:59,2610,26.7,100.0
2026-08-26 11:29:04,2629,26.8,100.0
2026-08-26 11:29:09,2651,26.7,100.0
2026-08-26 11:29:15,2692,26.8,100.0
2026-08-26 11:29:20,2696,26.8,100.0
2026-08-26 11:29:25,2700,26.8,100.0
2026-08-26 11:29:30,2715,26.8,100.0
2026-08-26 11:29:36,2714,26.8,100.0
2026-08-26 11:29:41,2716,26.9,100.0
2026-08-26 11:29:46,2719,26.9,100.0
2026-08-26 11:29:51,2722,26.9,100.0
2026-08-26 11:29:57,2727,26.9,100.0
2026-08-26 11:30:02,2729,26.9,100.0
2026-08-26 11:30:07,2738,26.9,100.0
2026-08-26 11:30:13,2740,26.9,100.0
2026-08-26 11:30:18,2744,27.0,100.0
2026-08-26 11:30:23,2758,26.9,100.0
2026-08-26 11:30:28,2818,26.9,100.0
2026-08-26 11:30:33,2820,27.0,100.0
2026-08-26 11:30:39,2823,27.0,100.0
2026-08-26 11:30:44,2837,27.0,100.0
2026-08-26 11:30:49,2840,27.0,100.0
2026-08-26 11:30:55,2865,27.0,100.0
2026-08-26 11:31:00,2872,27.0,100.0
2026-08-26 11:31:05,2876,27.1,100.0
2026-08-26 11:31:11,2883,27.1,100.0
2026-08-26 11:31:16,2899,27.1,100.0
2026-08-26 11:31:21,2909,27.1,100.0
2026-08-26 11:31:26,2926,27.1,100.0
2026-08-26 11:31:32,2929,27.1,100.0
2026-08-26 11:31:42,2932,27.1,100.0
2026-08-26 11:31:47,2936,27.1,100.0
2026-08-26 11:31:53,2939,27.1,100.0
2026-08-26 11:31:58,2942,27.1,100.0
2026-08-26 11:32:03,2945,27.1,100.0
2026-08-26 11:32:08,2968,27.1,100.0
2026-08-26 11:32:14,2969,27.1,100.0
2026-08-26 11:32:19,2972,27.1,100.0
2026-08-26 11:32:24,2974,27.2,100.0
2026-08-26 11:32:30,2979,27.2,100.0
2026-08-26 11:32:35,3005,27.2,100.0
2026-08-26 11:32:40,3007,27.2,100.0
2026-08-26 11:32:46,3040,27.2,100.0
2026-08-26 11:32:51,3043,27.2,100.0
2026-08-26 11:32:56,3046,27.2,100.0
2026-08-26 11:33:01,3050,27.2,100.0
2026-08-26 11:33:07,3054,27.2,100.0
2026-08-26 11:33:12,3056,27.3,100.0
2026-08-26 11:33:17,3060,27.3,100.0
2026-08-26 11:33:22,3081,27.3,100.0
2026-08-26 11:33:28,3098,27.3,100.0
2026-08-26 11:33:33,3100,27.3,100.0
2026-08-26 11:33:38,3101,27.3,100.0
2026-08-26 11:33:43,3103,27.3,100.0
2026-08-26 11:33:49,3104,27.3,100.0
2026-08-26 11:33:54,3109,27.3,100.0
2026-08-26 11:33:59,3110,27.3,100.0
2026-08-26 11:34:04,3111,27.3,100.0
2026-08-26 11:34:10,3117,27.3,100.0
2026-08-26 11:34:15,3121,27.3,100.0
2026-08-26 11:34:21,3155,27.3,100.0
2026-08-26 11:34:26,3158,27.3,100.0
2026-08-26 11:34:31,3187,27.4,100.0
2026-08-26 11:34:36,3190,27.3,100.0
2026-08-26 11:34:42,3192,27.3,100.0
2026-08-26 11:34:47,3194,27.4,100.0
2026-08-26 11:34:52,3197,27.4,100.0
2026-08-26 11:34:57,3195,27.4,100.0
2026-08-26 11:35:13,3198,27.4,100.0
2026-08-26 11:35:18,3202,27.4,100.0
2026-08-26 11:35:24,3204,27.4,100.0
2026-08-26 11:35:29,3216,27.4,100.0
2026-08-26 11:35:34,3218,27.4,100.0
2026-08-26 11:35:39,3220,27.4,100.0
2026-08-26 11:35:45,3224,27.4,100.0
2026-08-26 11:35:50,3226,27.4,100.0
2026-08-26 11:35:55,3229,27.4,100.0
2026-08-26 11:36:00,3247,27.5,100.0
2026-08-26 11:36:06,3250,27.5,100.0
2026-08-26 11:36:11,3255,27.5,100.0
2026-08-26 11:36:16,3258,27.5,100.0
2026-08-26 11:36:22,3273,27.5,100.0
2026-08-26 11:36:27,3275,27.5,100.0
2026-08-26 11:36:37,3278,27.5,100.0
2026-08-26 11:36:43,3311,27.5,100.0
2026-08-26 11:36:48,3310,27.6,100.0
2026-08-26 11:36:53,3313,27.6,100.0
2026-08-26 11:36:58,3316,27.6,100.0
2026-08-26 11:37:09,3317,27.6,100.0
2026-08-26 11:37:14,3320,27.6,100.0
2026-08-26 11:37:19,3324,27.6,100.0
2026-08-26 11:37:25,3327,27.6,100.0
2026-08-26 11:37:30,3326,27.6,100.0
2026-08-26 11:37:35,3329,27.6,100.0
2026-08-26 11:37:46,3334,27.7,100.0
2026-08-26 11:37:51,3335,27.7,100.0
2026-08-26 11:37:56,3333,27.7,100.0
2026-08-26 11:38:02,3335,27.7,100.0
2026-08-26 11:38:07,3336,27.7,100.0
2026-08-26 11:38:18,3339,27.7,100.0
2026-08-26 11:38:23,3344,27.7,100.0
2026-08-26 11:38:28,3347,27.7,100.0
2026-08-26 11:38:33,3349,27.8,100.0
2026-08-26 11:38:44,3352,27.8,100.0
2026-08-26 11:38:49,3355,27.8,100.0
2026-08-26 11:38:54,3358,27.8,100.0
2026-08-26 11:38:59,3359,27.8,100.0
2026-08-26 11:39:05,3364,27.8,100.0
2026-08-26 11:39:10,3368,27.8,100.0
2026-08-26 11:39:15,3387,27.8,100.0
2026-08-26 11:39:20,3389,27.8,100.0
2026-08-26 11:39:26,3396,27.9,100.0
2026-08-26 11:39:31,3399,27.9,100.0
2026-08-26 11:39:36,3404,27.9,100.0
2026-08-26 11:39:42,3406,27.9,100.0
2026-08-26 11:39:47,3405,27.9,100.0
2026-08-26 11:39:57,3409,28.0,100.0
2026-08-26 11:40:03,3413,28.0,100.0
2026-08-26 11:40:13,3411,28.0,100.0
2026-08-26 11:40:18,3409,28.0,100.0
2026-08-26 11:40:24,3415,28.0,100.0
2026-08-26 11:40:29,3416,28.0,100.0
2026-08-26 11:40:34,3420,28.1,100.0
2026-08-26 11:40:39,3422,28.1,100.0
2026-08-26 11:40:50,3431,28.1,100.0
2026-08-26 11:40:55,3432,28.1,100.0
2026-08-26 11:41:00,3433,28.2,100.0
2026-08-26 11:41:06,3435,28.2,100.0
2026-08-26 11:41:11,3437,28.2,100.0
2026-08-26 11:41:16,3440,28.2,100.0
2026-08-26 11:41:21,3442,28.3,100.0
2026-08-26 11:41:27,3443,28.3,100.0
2026-08-26 11:41:32,3445,28.3,100.0
2026-08-26 11:41:37,3447,28.3,100.0
2026-08-26 11:41:42,3449,28.3,100.0
2026-08-26 11:41:48,3450,28.4,100.0
2026-08-26 11:41:53,3454,28.4,100.0
2026-08-26 11:41:58,3471,28.4,100.0
2026-08-26 11:42:03,3473,28.5,100.0
2026-08-26 11:42:09,3474,28.5,100.0
2026-08-26 11:42:14,3478,28.5,100.0
2026-08-26 11:42:19,3481,28.5,100.0
2026-08-26 11:42:25,3485,28.5,100.0
2026-08-26 11:42:30,3500,28.5,100.0
2026-08-26 11:42:35,3502,28.5,100.0
2026-08-26 11:42:40,3508,28.5,99.9
2026-08-26 11:42:46,3525,28.6,99.9
2026-08-26 11:42:51,3526,28.6,99.8
2026-08-26 11:42:56,3527,28.7,99.8
2026-08-26 11:43:01,3531,28.7,99.7
2026-08-26 11:43:07,3540,28.7,99.6
2026-08-26 11:43:12,3541,28.7,99.5
2026-08-26 11:43:18,3542,28.7,99.5
2026-08-26 11:43:23,3545,28.7,99.4
2026-08-26 11:43:28,3546,28.8,99.4
2026-08-26 11:43:33,3548,28.8,99.3
2026-08-26 11:43:44,3553,28.8,99.2
2026-08-26 11:43:49,3554,28.8,99.2
2026-08-26 11:43:54,3557,28.9,99.1
2026-08-26 11:44:00,3561,28.9,99.0
2026-08-26 11:44:05,3562,28.9,99.0
2026-08-26 11:44:10,3569,28.9,98.9
2026-08-26 11:44:15,3572,28.9,98.8
2026-08-26 11:44:21,3579,28.9,98.8
2026-08-26 11:44:26,3581,29.0,98.7
2026-08-26 11:44:31,3582,29.0,98.6
2026-08-26 11:44:36,3585,29.0,98.6
2026-08-26 11:44:42,3586,29.0,98.5
2026-08-26 11:44:47,3587,29.0,98.5
2026-08-26 11:44:53,3591,29.1,98.4
2026-08-26 11:44:58,3602,29.1,98.4
2026-08-26 11:45:03,3601,29.1,98.4
2026-08-26 11:45:08,3603,29.1,98.3
2026-08-26 11:45:13,3605,29.1,98.3
2026-08-26 11:45:19,3606,29.1,98.2
2026-08-26 11:45:24,3604,29.1,98.1
2026-08-26 11:45:29,3605,29.1,98.1
2026-08-26 11:45:34,3608,29.2,98.1
2026-08-26 11:45:40,3612,29.1,98.0
2026-08-26 11:45:45,3614,29.2,97.9
2026-08-26 11:45:50,3615,29.2,97.9
2026-08-26 11:46:01,3616,29.2,97.8
2026-08-26 11:46:06,3620,29.2,97.7
2026-08-26 11:46:11,3624,29.3,97.6
2026-08-26 11:46:17,3628,29.3,97.6
2026-08-26 11:46:22,3648,29.3,97.6
2026-08-26 11:46:32,3650,29.3,97.4
2026-08-26 11:46:38,3653,29.3,97.4
2026-08-26 11:46:43,3658,29.3,97.4
2026-08-26 11:46:48,3661,29.4,97.3
2026-08-26 11:46:59,3662,29.4,97.2
2026-08-26 11:47:04,3661,29.4,97.2
2026-08-26 11:47:09,3663,29.4,97.1
2026-08-26 11:47:15,3666,29.4,97.1
2026-08-26 11:47:20,3671,29.4,97.0
2026-08-26 11:47:25,3675,29.5,97.0
2026-08-26 11:47:30,3680,29.5,96.9
2026-08-26 11:47:36,3679,29.5,96.9
2026-08-26 11:47:41,3687,29.5,96.8
2026-08-26 11:47:46,3688,29.5,96.8
2026-08-26 11:47:51,3692,29.5,96.7
2026-08-26 11:48:02,3695,29.5,96.7
2026-08-26 11:48:07,3698,29.6,96.6
2026-08-26 11:48:12,3700,29.6,96.6
2026-08-26 11:48:18,3706,29.6,96.6
2026-08-26 11:48:23,3766,29.6,96.5
2026-08-26 11:48:28,3767,29.6,96.4
2026-08-26 11:48:33,3766,29.6,96.4
2026-08-26 11:48:39,3769,29.6,96.3
2026-08-26 11:49:00,3773,29.7,96.1
2026-08-26 11:49:05,3772,29.7,96.1
2026-08-26 11:49:10,3773,29.7,96.0
2026-08-26 11:49:21,3772,29.7,96.0
2026-08-26 11:49:26,3774,29.7,95.9
2026-08-26 11:49:31,3776,29.7,95.8
2026-08-26 11:49:37,3779,29.7,95.8
2026-08-26 11:49:42,3780,29.8,95.7
2026-08-26 11:49:53,3779,29.8,95.7
2026-08-26 11:49:58,3780,29.8,95.6
2026-08-26 11:50:03,3779,29.8,95.6
2026-08-26 11:50:10,3786,29.8,95.6
2026-08-26 11:50:15,3789,29.8,95.5
2026-08-26 11:50:20,3788,29.8,95.5
2026-08-26 11:50:26,3790,29.8,95.5
2026-08-26 11:50:31,3794,29.8,95.4
2026-08-26 11:50:36,3791,29.8,95.4
2026-08-26 11:50:41,3792,29.8,95.4
2026-08-26 11:50:47,3793,29.8,95.3
2026-08-26 11:51:03,3792,29.9,95.2
2026-08-26 11:51:08,3796,29.9,95.2
2026-08-26 11:51:13,3798,29.9,95.2
2026-08-26 11:51:18,3796,29.9,95.2
2026-08-26 11:51:24,3799,29.9,95.2
2026-08-26 11:51:34,3796,29.9,95.1
2026-08-26 11:51:40,3797,29.9,95.1
2026-08-26 11:51:45,3796,29.9,95.1
2026-08-26 11:51:50,3795,29.9,95.0
2026-08-26 11:51:55,3800,29.9,95.0
2026-08-26 11:52:01,3802,29.9,95.0
2026-08-26 11:52:11,3804,29.9,94.9
2026-08-26 11:52:16,3805,29.9,94.9
2026-08-26 11:52:22,3807,29.9,94.9
2026-08-26 11:52:27,3808,30.0,94.8
2026-08-26 11:52:32,3813,30.0,94.8
2026-08-26 11:52:38,3814,30.0,94.8
2026-08-26 11:52:43,3812,30.0,94.8
2026-08-26 11:52:54,3813,30.0,94.8
2026-08-26 11:52:59,3815,30.0,94.7
2026-08-26 11:53:04,3817,30.0,94.7
2026-08-26 11:53:15,3819,30.0,94.7
2026-08-26 11:53:20,3823,30.0,94.7
2026-08-26 11:53:30,3825,30.0,94.6
2026-08-26 11:53:35,3826,30.0,94.6
2026-08-26 11:53:41,3828,30.0,94.6
2026-08-26 11:53:51,3834,30.0,94.6
2026-08-26 11:53:57,3837,30.0,94.5
2026-08-26 11:54:02,3839,30.0,94.6
2026-08-26 11:54:07,3843,30.0,94.5
2026-08-26 11:54:12,3845,30.0,94.5
2026-08-26 11:54:18,3847,30.0,94.5
2026-08-26 11:54:23,3844,30.0,94.5
2026-08-26 11:54:28,3845,30.0,94.5
2026-08-26 11:54:39,3847,30.0,94.5
2026-08-26 11:54:44,3846,30.0,94.4
2026-08-26 11:54:49,3847,30.0,94.4
2026-08-26 11:54:55,3848,30.0,94.4
2026-08-26 11:55:00,3849,30.0,94.4
2026-08-26 11:55:05,3847,30.0,94.4
2026-08-26 11:55:10,3846,30.1,94.4
2026-08-26 11:55:16,3850,30.0,94.3
2026-08-26 11:55:21,3853,30.1,94.4
2026-08-26 11:55:26,3855,30.1,94.3
2026-08-26 11:55:32,3857,30.1,94.3
2026-08-26 11:55:37,3858,30.1,94.4
2026-08-26 11:55:42,3857,30.1,94.3
2026-08-26 11:55:47,3858,30.1,94.3
2026-08-26 11:55:53,3859,30.1,94.3
2026-08-26 11:56:09,3861,30.1,94.3
2026-08-26 11:56:14,3865,30.1,94.3
2026-08-26 11:56:19,3870,30.1,94.2
2026-08-26 11:56:25,3872,30.1,94.2
2026-08-26 11:56:30,3875,30.1,94.2
2026-08-26 11:56:35,3879,30.1,94.2
2026-08-26 11:56:40,3876,30.1,94.2
2026-08-26 11:56:46,3877,30.1,94.2
2026-08-26 11:56:51,3878,30.1,94.2
2026-08-26 11:56:56,3880,30.1,94.2
2026-08-26 11:57:01,3883,30.1,94.2
2026-08-26 11:57:07,3886,30.1,94.2
2026-08-26 11:57:12,3887,30.1,94.2
2026-08-26 11:57:22,3889,30.1,94.2
2026-08-26 11:57:28,3895,30.1,94.2
2026-08-26 11:57:33,3894,30.1,94.2
2026-08-26 11:57:38,3897,30.1,94.2
2026-08-26 11:57:43,3900,30.1,94.1
2026-08-26 11:57:49,3898,30.1,94.2
2026-08-26 11:57:54,3899,30.1,94.1
2026-08-26 11:57:59,3902,30.1,94.1
2026-08-26 11:58:05,3905,30.1,94.1
2026-08-26 11:58:10,3907,30.1,94.1
2026-08-26 11:58:15,3909,30.1,94.1
2026-08-26 11:58:20,3911,30.1,94.1
2026-08-26 11:58:26,3915,30.1,94.1
2026-08-26 11:58:31,3916,30.1,94.0
2026-08-26 11:58:36,3915,30.1,94.0
2026-08-26 11:58:41,3922,30.1,94.0
2026-08-26 11:58:47,3924,30.1,94.0
2026-08-26 11:58:52,3928,30.1,94.0
2026-08-26 11:58:57,3927,30.1,94.0
2026-08-26 11:59:02,3930,30.1,94.0
2026-08-26 11:59:08,3934,30.1,94.0
2026-08-26 11:59:13,3937,30.1,94.0
2026-08-26 11:59:18,3938,30.2,94.0
2026-08-26 11:59:23,3940,30.1,94.0
2026-08-26 11:59:29,3941,30.1,94.0
2026-08-26 11:59:34,3939,30.1,94.0
2026-08-26 11:59:39,3940,30.1,94.0
2026-08-26 11:59:45,3944,30.1,94.0
2026-08-26 11:59:50,3942,30.2,94.0
2026-08-26 11:59:55,3941,30.1,93.9
2026-08-26 12:00:01,3944,30.2,93.9
2026-08-26 12:00:06,3948,30.1,94.0
2026-08-26 12:00:11,3949,30.2,93.9
2026-08-26 12:00:16,3951,30.1,93.9
2026-08-26 12:00:22,3953,30.2,93.9
2026-08-26 12:00:27,3954,30.2,93.9
2026-08-26 12:00:32,3953,30.2,93.9
2026-08-26 12:00:48,3959,30.2,93.9
2026-08-26 12:00:53,3963,30.2,93.8
2026-08-26 12:00:59,3964,30.2,93.8
2026-08-26 12:01:04,3966,30.2,93.8
2026-08-26 12:01:15,3971,30.2,93.8
2026-08-26 12:01:30,3972,30.2,93.8
2026-08-26 12:01:41,3975,30.2,93.8
2026-08-26 12:01:46,3981,30.2,93.7
2026-08-26 12:01:52,3982,30.2,93.7
2026-08-26 12:01:57,3987,30.2,93.7
2026-08-26 12:02:02,3992,30.2,93.7
2026-08-26 12:02:07,4010,30.2,93.7
2026-08-26 12:02:18,4014,30.2,93.7
2026-08-26 12:02:23,4015,30.2,93.6
2026-08-26 12:02:29,4014,30.2,93.6
2026-08-26 12:02:50,4016,30.2,93.6
2026-08-26 12:02:55,4020,30.2,93.6
2026-08-26 12:03:16,4017,30.2,93.6
2026-08-26 12:03:21,4015,30.2,93.6
2026-08-26 12:03:37,4016,30.2,93.5
2026-08-26 12:03:58,4017,30.2,93.5
2026-08-26 12:04:03,4018,30.2,93.5
2026-08-26 12:04:08,4021,30.2,93.5
2026-08-26 12:04:14,4022,30.2,93.5
2026-08-26 12:04:19,4024,30.2,93.5
2026-08-26 12:04:24,4023,30.2,93.5
2026-08-26 12:04:30,4025,30.2,93.5
2026-08-26 12:04:35,4023,30.2,93.5
2026-08-26 12:04:40,4022,30.2,93.5
2026-08-26 12:04:46,4024,30.2,93.5
2026-08-26 12:04:51,4023,30.2,93.5
2026-08-26 12:04:56,4021,30.2,93.5
2026-08-26 12:05:01,4020,30.2,93.4
2026-08-26 12:05:07,4027,30.2,93.4
2026-08-26 12:05:12,4025,30.2,93.4
2026-08-26 12:05:17,4026,30.2,93.4
2026-08-26 12:05:28,4029,30.2,93.4
2026-08-26 12:05:33,4028,30.3,93.4
2026-08-26 12:05:38,4025,30.2,93.4
2026-08-26 12:05:43,4024,30.2,93.4
2026-08-26 12:06:05,4030,30.3,93.4
2026-08-26 12:06:10,4032,30.3,93.4
2026-08-26 12:06:15,4033,30.3,93.4
2026-08-26 12:06:31,4034,30.3,93.3
2026-08-26 12:06:36,4035,30.3,93.4
2026-08-26 12:06:42,4039,30.2,93.4
2026-08-26 12:06:47,4041,30.3,93.3
2026-08-26 12:06:52,4039,30.3,93.3
2026-08-26 12:06:57,4041,30.3,93.4
2026-08-26 12:07:02,4042,30.3,93.3
2026-08-26 12:07:08,4044,30.3,93.3
2026-08-26 12:07:13,4045,30.3,93.3
2026-08-26 12:07:18,4044,30.3,93.3
2026-08-26 12:07:29,4047,30.3,93.3
2026-08-26 12:07:34,4049,30.3,93.3
2026-08-26 12:07:39,4050,30.3,93.3
2026-08-26 12:07:44,4051,30.3,93.3
2026-08-26 12:07:50,4053,30.3,93.3
2026-08-26 12:07:55,4055,30.3,93.3
2026-08-26 12:08:00,4054,30.3,93.3
2026-08-26 12:08:06,4059,30.3,93.3
2026-08-26 12:08:16,4061,30.3,93.3
2026-08-26 12:08:21,4062,30.3,93.3
2026-08-26 12:08:27,4064,30.3,93.3
2026-08-26 12:08:37,4070,30.3,93.3
2026-08-26 12:08:48,4071,30.3,93.3
2026-08-26 12:08:53,4074,30.3,93.3
2026-08-26 12:08:58,4076,30.3,93.3
2026-08-26 12:09:04,4074,30.3,93.3
2026-08-26 12:09:19,4077,30.3,93.3
2026-08-26 12:09:25,4079,30.3,93.3
2026-08-26 12:09:30,4084,30.3,93.3
2026-08-26 12:09:35,4089,30.3,93.3
2026-08-26 12:09:40,4102,30.3,93.3
2026-08-26 12:09:51,4103,30.3,93.2
2026-08-26 12:09:56,4101,30.3,93.2
2026-08-26 12:10:02,4099,30.3,93.3
2026-08-26 12:10:07,4102,30.3,93.3
2026-08-26 12:10:12,4103,30.3,93.2
2026-08-26 12:10:17,4102,30.3,93.2
2026-08-26 12:10:23,4104,30.3,93.3
2026-08-26 12:10:28,4105,30.3,93.3
2026-08-26 12:10:39,4106,30.3,93.3
2026-08-26 12:10:44,4105,30.3,93.3
2026-08-26 12:10:49,4107,30.3,93.3
2026-08-26 12:10:55,4109,30.3,93.3
2026-08-26 12:11:00,4110,30.3,93.3
2026-08-26 12:11:05,4112,30.3,93.3
2026-08-26 12:11:11,4115,30.3,93.3
2026-08-26 12:11:21,4116,30.3,93.2
2026-08-26 12:11:27,4117,30.3,93.3
2026-08-26 12:11:32,4119,30.3,93.3
2026-08-26 12:11:37,4121,30.3,93.2
2026-08-26 12:11:42,4123,30.3,93.2
2026-08-26 12:11:53,4126,30.3,93.2
2026-08-26 12:11:58,4129,30.3,93.2
2026-08-26 12:12:03,4130,30.3,93.2
2026-08-26 12:12:09,4133,30.3,93.2
2026-08-26 12:12:14,4135,30.3,93.2
2026-08-26 12:12:19,4136,30.3,93.2
2026-08-26 12:12:24,4135,30.3,93.1
2026-08-26 12:12:30,4140,30.3,93.1
2026-08-26 12:12:35,4138,30.4,93.2
2026-08-26 12:12:40,4137,30.3,93.1
2026-08-26 12:12:45,4138,30.3,93.1
2026-08-26 12:12:51,4137,30.3,93.1
2026-08-26 12:12:56,4138,30.3,93.1
2026-08-26 12:13:07,4140,30.4,93.1
2026-08-26 12:13:17,4139,30.3,93.1
2026-08-26 12:13:22,4138,30.4,93.1
2026-08-26 12:13:33,4137,30.3,93.1
2026-08-26 12:13:38,4135,30.3,93.0
2026-08-26 12:13:43,4132,30.4,93.1
2026-08-26 12:13:49,4134,30.4,93.0
2026-08-26 12:13:54,4135,30.4,93.0
2026-08-26 12:13:59,4134,30.3,93.0
2026-08-26 12:14:04,4135,30.4,93.0
2026-08-26 12:14:10,4137,30.4,93.0
2026-08-26 12:14:15,4139,30.4,93.0
2026-08-26 12:14:20,4140,30.4,93.0
2026-08-26 12:14:26,4137,30.4,93.0
2026-08-26 12:14:31,4134,30.3,93.0
2026-08-26 12:14:36,4136,30.4,93.0
2026-08-26 12:14:41,4140,30.4,93.0
2026-08-26 12:14:47,4143,30.4,93.0
2026-08-26 12:14:52,4140,30.4,93.0
2026-08-26 12:14:57,4143,30.4,93.0
2026-08-26 12:15:02,4140,30.4,93.0
2026-08-26 12:15:08,4141,30.4,93.0
2026-08-26 12:15:13,4139,30.4,93.0
2026-08-26 12:15:18,4142,30.4,93.0
2026-08-26 12:15:23,4139,30.4,93.0
2026-08-26 12:15:34,4138,30.4,93.0
2026-08-26 12:15:44,4139,30.4,93.0
2026-08-26 12:15:50,4140,30.4,92.9
2026-08-26 12:16:00,4143,30.4,93.0
2026-08-26 12:16:05,4146,30.4,93.0
2026-08-26 12:16:11,4145,30.4,92.9
2026-08-26 12:16:16,4146,30.4,92.9
2026-08-26 12:16:21,4147,30.4,92.9
2026-08-26 12:16:26,4150,30.4,92.9
2026-08-26 12:16:42,4154,30.4,92.9
2026-08-26 12:16:48,4155,30.4,92.9
2026-08-26 12:16:53,4156,30.4,92.9
2026-08-26 12:16:58,4160,30.4,92.9
2026-08-26 12:17:09,4163,30.4,92.9
2026-08-26 12:17:14,4164,30.4,92.9
2026-08-26 12:17:20,4165,30.4,92.9
2026-08-26 12:17:35,4167,30.4,92.9
2026-08-26 12:17:41,4169,30.4,92.9
2026-08-26 12:17:46,4170,30.4,92.9
2026-08-26 12:17:56,4171,30.4,92.9
2026-08-26 12:18:02,4169,30.4,92.9
2026-08-26 12:18:07,4172,30.4,92.9
2026-08-26 12:18:12,4175,30.4,92.9
2026-08-26 12:18:17,4176,30.4,92.9
2026-08-26 12:18:28,4175,30.4,92.9
2026-08-26 12:18:33,4176,30.4,92.9
2026-08-26 12:18:39,4178,30.4,92.9
2026-08-26 12:18:44,4177,30.4,92.9
2026-08-26 12:18:54,4180,30.4,92.9
2026-08-26 12:19:00,4174,30.4,92.9
2026-08-26 12:19:05,4176,30.4,92.9
2026-08-26 12:19:10,4173,30.4,92.9
2026-08-26 12:19:16,4174,30.4,92.9
2026-08-26 12:19:21,4172,30.4,92.9
2026-08-26 12:19:26,4173,30.4,92.8
2026-08-26 12:19:37,4176,30.4,92.8
2026-08-26 12:19:42,4175,30.4,92.9
2026-08-26 12:19:47,4179,30.4,92.8
2026-08-26 12:19:52,4180,30.4,92.8
2026-08-26 12:19:58,4182,30.4,92.9
2026-08-26 12:20:03,4180,30.4,92.8
2026-08-26 12:20:08,4179,30.4,92.8
2026-08-26 12:20:14,4180,30.4,92.8
2026-08-26 12:20:19,4182,30.4,92.8
2026-08-26 12:20:24,4184,30.4,92.8
2026-08-26 12:20:40,4187,30.4,92.8
2026-08-26 12:20:45,4189,30.4,92.8
2026-08-26 12:20:50,4193,30.4,92.9
2026-08-26 12:20:56,4191,30.4,92.8
2026-08-26 12:21:01,4192,30.4,92.8
2026-08-26 12:21:06,4194,30.4,92.8
2026-08-26 12:21:11,4192,30.4,92.8
2026-08-26 12:21:17,4194,30.4,92.8
2026-08-26 12:21:22,4198,30.4,92.8
2026-08-26 12:21:27,4199,30.4,92.8
2026-08-26 12:21:38,4201,30.4,92.8
2026-08-26 12:21:43,4200,30.4,92.8
2026-08-26 12:21:49,4196,30.4,92.8
2026-08-26 12:21:54,4197,30.4,92.8
2026-08-26 12:22:04,4196,30.4,92.8
2026-08-26 12:22:10,4198,30.4,92.9
2026-08-26 12:22:15,4199,30.4,92.8
2026-08-26 12:22:20,4196,30.4,92.9
2026-08-26 12:22:25,4204,30.4,92.8
2026-08-26 12:22:36,4203,30.4,92.9
2026-08-26 12:22:41,4204,30.4,92.8
2026-08-26 12:22:46,4208,30.4,92.9
2026-08-26 12:23:02,4211,30.4,92.9
2026-08-26 12:23:13,4212,30.4,92.8
2026-08-26 12:23:18,4214,30.5,92.9
2026-08-26 12:23:23,4218,30.5,92.8
2026-08-26 12:23:29,4215,30.4,92.8
2026-08-26 12:23:34,4218,30.4,92.9
2026-08-26 12:23:39,4221,30.4,92.8
2026-08-26 12:23:45,4224,30.4,92.8
2026-08-26 12:23:55,4226,30.5,92.8
2026-08-26 12:24:00,4225,30.5,92.8
2026-08-26 12:24:06,4223,30.4,92.8
2026-08-26 12:24:11,4224,30.5,92.8
2026-08-26 12:24:21,4222,30.4,92.8
2026-08-26 12:24:27,4226,30.4,92.8
2026-08-26 12:24:32,4224,30.5,92.8
2026-08-26 12:24:37,4222,30.4,92.8
2026-08-26 12:24:42,4224,30.4,92.8
2026-08-26 12:24:48,4225,30.5,92.8
2026-08-26 12:24:53,4229,30.5,92.8
2026-08-26 12:24:58,4226,30.5,92.7
2026-08-26 12:25:04,4222,30.4,92.7
2026-08-26 12:25:09,4221,30.4,92.8
2026-08-26 12:25:19,4224,30.5,92.7
2026-08-26 12:25:30,4222,30.5,92.7
2026-08-26 12:25:35,4220,30.4,92.7
2026-08-26 12:25:40,4222,30.5,92.7
2026-08-26 12:25:46,4221,30.5,92.7
2026-08-26 12:25:51,4218,30.5,92.7
2026-08-26 12:25:56,4216,30.5,92.7
2026-08-26 12:26:01,4213,30.5,92.7
2026-08-26 12:26:06,4212,30.5,92.7
2026-08-26 12:26:12,4215,30.5,92.7
2026-08-26 12:26:17,4219,30.5,92.7
2026-08-26 12:26:22,4221,30.5,92.7
2026-08-26 12:26:38,4223,30.5,92.7
2026-08-26 12:26:43,4227,30.5,92.7
2026-08-26 12:26:49,4230,30.5,92.7
2026-08-26 12:26:54,4229,30.5,92.7
2026-08-26 12:26:59,4230,30.5,92.7
2026-08-26 12:27:04,4232,30.5,92.7
2026-08-26 12:27:10,4235,30.5,92.8
2026-08-26 12:27:15,4233,30.5,92.7
2026-08-26 12:27:20,4229,30.5,92.7
2026-08-26 12:27:25,4230,30.5,92.7
2026-08-26 12:27:31,4227,30.5,92.7
2026-08-26 12:27:36,4224,30.5,92.7
2026-08-26 12:27:41,4223,30.5,92.7
2026-08-26 12:27:47,4224,30.5,92.7
2026-08-26 12:27:52,4222,30.5,92.7
2026-08-26 12:27:57,4220,30.5,92.7
2026-08-26 12:28:03,4219,30.5,92.7
2026-08-26 12:28:08,4216,30.5,92.7
2026-08-26 12:28:13,4215,30.5,92.8
2026-08-26 12:28:18,4216,30.5,92.7
2026-08-26 12:28:24,4218,30.5,92.7
2026-08-26 12:28:29,4219,30.5,92.7
2026-08-26 12:28:34,4218,30.5,92.7
2026-08-26 12:28:40,4220,30.5,92.7
2026-08-26 12:28:50,4222,30.5,92.7
2026-08-26 12:28:56,4226,30.5,92.7
2026-08-26 12:29:01,4224,30.5,92.7
2026-08-26 12:29:06,4226,30.5,92.7
2026-08-26 12:29:11,4228,30.5,92.7
2026-08-26 12:29:22,4226,30.5,92.7
2026-08-26 12:29:27,4227,30.5,92.7
2026-08-26 12:29:32,4223,30.5,92.7
2026-08-26 12:29:43,4225,30.5,92.7
2026-08-26 12:29:48,4226,30.5,92.7
2026-08-26 12:29:53,4229,30.5,92.7
2026-08-26 12:29:58,4232,30.5,92.7
2026-08-26 12:30:09,4235,30.5,92.7
2026-08-26 12:30:14,4237,30.5,92.7
2026-08-26 12:30:20,4235,30.5,92.7
2026-08-26 12:30:25,4236,30.5,92.7
2026-08-26 12:30:30,4235,30.5,92.7
2026-08-26 12:30:35,4234,30.5,92.7
2026-08-26 12:30:41,4236,30.5,92.7
2026-08-26 12:30:46,4235,30.5,92.7
2026-08-26 12:30:51,4234,30.5,92.7
2026-08-26 12:30:56,4236,30.5,92.7
2026-08-26 12:31:02,4237,30.5,92.7
2026-08-26 12:31:07,4239,30.5,92.7
2026-08-26 12:31:12,4240,30.5,92.7
2026-08-26 12:31:17,4238,30.5,92.7
2026-08-26 12:31:28,4237,30.5,92.7
2026-08-26 12:31:33,4239,30.5,92.7
2026-08-26 12:31:39,4242,30.5,92.7
2026-08-26 12:31:44,4239,30.5,92.7
2026-08-26 12:31:49,4237,30.5,92.7
2026-08-26 12:32:05,4236,30.5,92.7
2026-08-26 12:32:10,4239,30.5,92.7
2026-08-26 12:32:16,4240,30.5,92.7
2026-08-26 12:32:26,4242,30.5,92.7
2026-08-26 12:32:31,4246,30.5,92.7
2026-08-26 12:32:42,4252,30.5,92.8
2026-08-26 12:32:47,4251,30.5,92.7
2026-08-26 12:32:52,4249,30.5,92.7
2026-08-26 12:32:58,4248,30.5,92.8
2026-08-26 12:33:08,4252,30.5,92.8
2026-08-26 12:33:13,4255,30.5,92.7
2026-08-26 12:33:19,4257,30.5,92.8
2026-08-26 12:33:24,4260,30.5,92.7
2026-08-26 12:33:29,4274,30.5,92.7
2026-08-26 12:33:35,4275,30.5,92.8
2026-08-26 12:33:40,4305,30.5,92.7
2026-08-26 12:33:45,4304,30.5,92.7
2026-08-26 12:33:50,4302,30.5,92.7
2026-08-26 12:34:01,4299,30.5,92.7
2026-08-26 12:34:06,4297,30.5,92.7
2026-08-26 12:34:11,4293,30.6,92.7
2026-08-26 12:34:22,4294,30.5,92.7
2026-08-26 12:34:27,4293,30.6,92.6
2026-08-26 12:34:32,4292,30.6,92.7
2026-08-26 12:34:38,4290,30.5,92.7
2026-08-26 12:34:43,4289,30.5,92.7
2026-08-26 12:34:48,4287,30.5,92.7
2026-08-26 12:35:04,4283,30.6,92.6
2026-08-26 12:35:09,4284,30.6,92.6
2026-08-26 12:35:15,4285,30.5,92.6
2026-08-26 12:35:20,4286,30.6,92.6
2026-08-26 12:35:30,4289,30.5,92.6
2026-08-26 12:35:36,4288,30.6,92.7
2026-08-26 12:35:41,4289,30.5,92.6
2026-08-26 12:35:46,4293,30.5,92.6
2026-08-26 12:35:51,4295,30.6,92.6
2026-08-26 12:35:57,4296,30.6,92.6
2026-08-26 12:36:02,4294,30.6,92.6
2026-08-26 12:36:07,4295,30.5,92.6
2026-08-26 12:36:12,4293,30.6,92.6
2026-08-26 12:36:18,4289,30.6,92.6
2026-08-26 12:36:28,4291,30.6,92.6
2026-08-26 12:36:34,4290,30.5,92.6
2026-08-26 12:36:39,4287,30.6,92.6
2026-08-26 12:36:44,4286,30.6,92.6
2026-08-26 12:36:50,4284,30.6,92.6
2026-08-26 12:36:55,4287,30.6,92.6
2026-08-26 12:37:00,4284,30.6,92.6
2026-08-26 12:37:05,4286,30.6,92.6
2026-08-26 12:37:11,4283,30.6,92.6
2026-08-26 12:37:16,4284,30.6,92.6
2026-08-26 12:37:21,4286,30.6,92.6
2026-08-26 12:37:26,4285,30.6,92.6
2026-08-26 12:37:37,4287,30.6,92.6
2026-08-26 12:37:47,4286,30.6,92.6
2026-08-26 12:37:53,4285,30.6,92.6
2026-08-26 12:37:58,4282,30.6,92.6
2026-08-26 12:38:03,4287,30.6,92.6
2026-08-26 12:38:08,4285,30.6,92.6
2026-08-26 12:38:14,4289,30.6,92.6
2026-08-26 12:38:19,4290,30.6,92.6
2026-08-26 12:38:29,4292,30.6,92.6
2026-08-26 12:38:40,4293,30.6,92.6
2026-08-26 12:38:45,4295,30.6,92.6
2026-08-26 12:38:51,4294,30.6,92.6
2026-08-26 12:38:56,4297,30.6,92.6
2026-08-26 12:39:01,4299,30.6,92.6
2026-08-26 12:39:06,4300,30.6,92.6
2026-08-26 12:39:12,4302,30.6,92.6
2026-08-26 12:39:17,4301,30.6,92.6
2026-08-26 12:39:22,4302,30.6,92.6
2026-08-26 12:39:27,4301,30.6,92.6
2026-08-26 12:39:33,4303,30.6,92.6
2026-08-26 12:39:38,4306,30.6,92.6
2026-08-26 12:39:43,4305,30.6,92.6
2026-08-26 12:39:48,4308,30.6,92.6
2026-08-26 12:39:54,4306,30.6,92.6
2026-08-26 12:39:59,4307,30.6,92.6
2026-08-26 12:40:04,4303,30.6,92.6
2026-08-26 12:40:09,4304,30.6,92.6
2026-08-26 12:40:15,4301,30.6,92.7
2026-08-26 12:40:20,4299,30.6,92.6
2026-08-26 12:40:26,4303,30.6,92.6
2026-08-26 12:40:36,4305,30.6,92.6
2026-08-26 12:40:41,4307,30.6,92.6
2026-08-26 12:40:52,4309,30.6,92.6
2026-08-26 12:40:57,4308,30.6,92.6
2026-08-26 12:41:07,4305,30.6,92.6
2026-08-26 12:41:13,4301,30.6,92.6
2026-08-26 12:41:23,4299,30.6,92.6
2026-08-26 12:41:39,4300,30.6,92.6
2026-08-26 12:41:44,4301,30.6,92.6
2026-08-26 12:41:50,4302,30.6,92.6
2026-08-26 12:41:55,4306,30.6,92.6
2026-08-26 12:42:00,4305,30.6,92.7
2026-08-26 12:42:06,4303,30.6,92.6
2026-08-26 12:42:11,4305,30.6,92.6
2026-08-26 12:42:23,4307,30.6,92.6
2026-08-26 12:42:28,4309,30.6,92.6
2026-08-26 12:42:33,4307,30.6,92.7
2026-08-26 12:42:38,4309,30.6,92.6
2026-08-26 12:42:44,4314,30.6,92.6
2026-08-26 12:42:49,4316,30.6,92.7
2026-08-26 12:42:54,4321,30.6,92.7
2026-08-26 12:42:59,4326,30.6,92.7
2026-08-26 12:43:05,4328,30.6,92.7
2026-08-26 12:43:10,4327,30.6,92.7
2026-08-26 12:43:15,4325,30.6,92.7
2026-08-26 12:43:21,4324,30.6,92.7
2026-08-26 12:43:26,4327,30.6,92.7
2026-08-26 12:43:31,4326,30.6,92.7
2026-08-26 12:43:36,4328,30.6,92.6
2026-08-26 12:43:42,4329,30.6,92.7
2026-08-26 12:43:47,4327,30.6,92.6
2026-08-26 12:43:52,4328,30.6,92.7
2026-08-26 12:43:57,4329,30.6,92.6
2026-08-26 12:44:03,4330,30.6,92.6
2026-08-26 12:44:08,4331,30.6,92.6
2026-08-26 12:44:13,4333,30.6,92.6
2026-08-26 12:44:18,4335,30.6,92.6
2026-08-26 12:44:23,4336,30.6,92.6
2026-08-26 12:44:46,4335,30.6,92.5
2026-08-26 12:44:51,4334,30.6,92.6
2026-08-26 12:44:57,4336,30.6,92.6
2026-08-26 12:45:02,4338,30.6,92.6
2026-08-26 12:45:07,4337,30.6,92.6
2026-08-26 12:45:13,4341,30.6,92.6
2026-08-26 12:45:23,4340,30.7,92.6
2026-08-26 12:45:34,4343,30.6,92.6
2026-08-26 12:45:44,4342,30.6,92.6
2026-08-26 12:45:50,4343,30.7,92.5
2026-08-26 12:45:55,4342,30.6,92.6
2026-08-26 12:46:05,4340,30.6,92.6
2026-08-26 12:46:11,4343,30.6,92.6
2026-08-26 12:46:16,4347,30.6,92.5
2026-08-26 12:46:21,4345,30.7,92.5
2026-08-26 12:46:27,4346,30.7,92.5
2026-08-26 12:46:32,4345,30.6,92.6
2026-08-26 12:46:42,4342,30.7,92.5
2026-08-26 12:47:03,4341,30.6,92.5
2026-08-26 12:47:14,4340,30.7,92.5
2026-08-26 12:47:19,4342,30.7,92.5
2026-08-26 12:47:24,4339,30.7,92.5
2026-08-26 12:47:29,4337,30.7,92.5
2026-08-26 12:47:35,4338,30.7,92.5
2026-08-26 12:47:40,4341,30.7,92.6
2026-08-26 12:47:50,4342,30.7,92.5
2026-08-26 12:47:56,4341,30.7,92.6
2026-08-26 12:48:01,4343,30.7,92.5
2026-08-26 12:48:12,4339,30.7,92.5
2026-08-26 12:48:17,4342,30.7,92.5
2026-08-26 12:48:22,4340,30.7,92.5
2026-08-26 12:48:33,4338,30.7,92.5
2026-08-26 12:48:38,4340,30.7,92.5
2026-08-26 12:48:43,4339,30.7,92.5
2026-08-26 12:48:49,4338,30.7,92.5
2026-08-26 12:48:59,4339,30.7,92.6
2026-08-26 12:49:04,4344,30.7,92.5
2026-08-26 12:49:10,4347,30.7,92.5
2026-08-26 12:49:15,4348,30.7,92.5
2026-08-26 12:49:20,4347,30.7,92.5
2026-08-26 12:49:31,4351,30.7,92.5
2026-08-26 12:49:36,4353,30.7,92.5
2026-08-26 12:49:41,4352,30.7,92.5
2026-08-26 12:49:52,4348,30.7,92.5
2026-08-26 12:49:57,4349,30.7,92.5
2026-08-26 12:50:13,4350,30.7,92.5
2026-08-26 12:50:18,4349,30.7,92.5
2026-08-26 12:50:23,4351,30.7,92.5
2026-08-26 12:50:28,4347,30.7,92.5
2026-08-26 12:50:34,4352,30.7,92.5
2026-08-26 12:50:39,4354,30.7,92.5
2026-08-26 12:50:44,4356,30.7,92.5
2026-08-26 12:50:49,4355,30.7,92.5
2026-08-26 12:50:55,4354,30.7,92.5
2026-08-26 12:51:00,4357,30.7,92.5
2026-08-26 12:51:10,4355,30.7,92.5
2026-08-26 12:51:21,4361,30.7,92.5
2026-08-26 12:51:26,4363,30.7,92.5
2026-08-26 12:51:31,4359,30.7,92.6
2026-08-26 12:51:37,4361,30.7,92.5
2026-08-26 12:51:42,4359,30.7,92.5
2026-08-26 12:51:47,4358,30.7,92.5
2026-08-26 12:51:58,4357,30.7,92.5
2026-08-26 12:52:03,4356,30.7,92.5
2026-08-26 12:52:08,4358,30.7,92.5
2026-08-26 12:52:13,4359,30.7,92.5
2026-08-26 12:52:19,4358,30.7,92.5
2026-08-26 12:52:29,4363,30.7,92.6
2026-08-26 12:52:34,4366,30.7,92.6
2026-08-26 12:52:40,4367,30.7,92.6
2026-08-26 12:52:45,4370,30.7,92.6
2026-08-26 12:52:50,4374,30.7,92.6
2026-08-26 12:53:06,4372,30.7,92.6
2026-08-26 12:53:11,4371,30.7,92.6
2026-08-26 12:53:17,4372,30.7,92.6
2026-08-26 12:53:32,4374,30.7,92.5
2026-08-26 12:53:38,4375,30.7,92.5
2026-08-26 12:53:48,4377,30.7,92.5
2026-08-26 12:53:53,4380,30.7,92.5
2026-08-26 12:53:59,4382,30.7,92.5
2026-08-26 12:54:04,4379,30.7,92.5
2026-08-26 12:54:09,4383,30.7,92.5
2026-08-26 12:54:15,4384,30.7,92.5
2026-08-26 12:54:20,4381,30.7,92.5
2026-08-26 12:54:25,4383,30.7,92.5
2026-08-26 12:54:30,4382,30.7,92.5
2026-08-26 12:54:35,4381,30.7,92.5
2026-08-26 12:54:41,4382,30.7,92.5
2026-08-26 12:54:46,4380,30.7,92.5
2026-08-26 12:54:51,4381,30.7,92.5
2026-08-26 12:54:56,4379,30.7,92.5
2026-08-26 12:55:02,4377,30.7,92.4
2026-08-26 12:55:07,4375,30.7,92.5
2026-08-26 12:55:18,4374,30.7,92.5
2026-08-26 12:55:23,4373,30.7,92.4
2026-08-26 12:55:28,4370,30.7,92.5
2026-08-26 12:55:39,4371,30.7,92.4
2026-08-26 12:55:44,4372,30.7,92.4
2026-08-26 12:55:55,4369,30.7,92.4
2026-08-26 12:56:00,4367,30.7,92.4
2026-08-26 12:56:16,4366,30.7,92.4
2026-08-26 12:56:26,4368,30.7,92.4
2026-08-26 12:56:31,4369,30.7,92.4
2026-08-26 12:56:42,4371,30.8,92.4
2026-08-26 12:56:48,4367,30.7,92.4
2026-08-26 12:56:53,4361,30.7,92.4
2026-08-26 12:56:58,4365,30.7,92.5
2026-08-26 12:57:04,4364,30.7,92.4
2026-08-26 12:57:09,4362,30.7,92.4
2026-08-26 12:57:19,4363,30.8,92.4
2026-08-26 12:57:25,4364,30.8,92.4
2026-08-26 12:57:30,4366,30.7,92.4
2026-08-26 12:57:40,4367,30.7,92.4
2026-08-26 12:57:46,4364,30.7,92.4
2026-08-26 12:57:51,4367,30.7,92.4
2026-08-26 12:57:56,4362,30.8,92.4
2026-08-26 12:58:01,4361,30.7,92.4
2026-08-26 12:58:07,4359,30.8,92.4
2026-08-26 12:58:12,4362,30.8,92.4
2026-08-26 12:58:17,4364,30.8,92.4
2026-08-26 12:58:22,4362,30.8,92.4
2026-08-26 12:58:28,4360,30.7,92.4
2026-08-26 12:58:33,4359,30.7,92.4
2026-08-26 12:58:43,4357,30.8,92.4
2026-08-26 12:58:49,4358,30.7,92.4
2026-08-26 12:58:54,4354,30.8,92.4
2026-08-26 12:58:59,4353,30.8,92.4
2026-08-26 12:59:04,4352,30.8,92.4
2026-08-26 12:59:10,4354,30.8,92.4
2026-08-26 12:59:20,4353,30.8,92.5
2026-08-26 12:59:25,4359,30.8,92.4
2026-08-26 12:59:36,4355,30.8,92.4
2026-08-26 12:59:41,4348,30.7,92.5
2026-08-26 12:59:46,4353,30.7,92.4
2026-08-26 12:59:52,4356,30.8,92.4
2026-08-26 12:59:57,4355,30.8,92.5
2026-08-26 13:00:13,4357,30.8,92.5
2026-08-26 13:00:18,4354,30.8,92.4
2026-08-26 13:00:29,4355,30.8,92.4
2026-08-26 13:00:34,4356,30.8,92.4
2026-08-26 13:00:39,4355,30.8,92.4
2026-08-26 13:00:44,4357,30.7,92.4
2026-08-26 13:00:49,4358,30.8,92.4
2026-08-26 13:01:00,4362,30.8,92.4
2026-08-26 13:01:06,4360,30.8,92.4
2026-08-26 13:01:16,4358,30.8,92.4
2026-08-26 13:01:21,4357,30.8,92.5
2026-08-26 13:01:37,4355,30.8,92.5
2026-08-26 13:01:42,4352,30.8,92.5
2026-08-26 13:01:48,4354,30.8,92.5
2026-08-26 13:01:53,4357,30.8,92.5
2026-08-26 13:01:58,4358,30.8,92.5
2026-08-26 13:02:03,4363,30.8,92.5
2026-08-26 13:02:09,4364,30.8,92.5
2026-08-26 13:02:14,4363,30.8,92.5
2026-08-26 13:02:19,4364,30.8,92.5
2026-08-26 13:02:24,4366,30.7,92.5
2026-08-26 13:02:30,4370,30.8,92.5
2026-08-26 13:02:35,4369,30.8,92.5
2026-08-26 13:02:40,4374,30.8,92.5
2026-08-26 13:02:46,4372,30.8,92.6
2026-08-26 13:02:51,4374,30.8,92.5
2026-08-26 13:02:56,4375,30.8,92.5
2026-08-26 13:03:01,4381,30.7,92.5
2026-08-26 13:03:07,4384,30.8,92.5
2026-08-26 13:03:12,4383,30.8,92.5
2026-08-26 13:03:28,4384,30.8,92.5
2026-08-26 13:03:33,4386,30.8,92.5
2026-08-26 13:03:38,4385,30.8,92.5
2026-08-26 13:03:44,4388,30.8,92.5
2026-08-26 13:03:49,4393,30.8,92.5
2026-08-26 13:03:54,4395,30.8,92.5
2026-08-26 13:04:05,4394,30.8,92.4
2026-08-26 13:04:15,4395,30.8,92.5
2026-08-26 13:04:20,4390,30.8,92.5
2026-08-26 13:04:26,4389,30.8,92.5
2026-08-26 13:04:31,4387,30.8,92.5
2026-08-26 13:04:36,4386,30.8,92.4
2026-08-26 13:04:41,4387,30.8,92.4
2026-08-26 13:04:47,4383,30.8,92.5
2026-08-26 13:04:52,4381,30.8,92.4
2026-08-26 13:04:57,4382,30.8,92.4
2026-08-26 13:05:03,4380,30.8,92.4
2026-08-26 13:05:08,4377,30.8,92.4
2026-08-26 13:05:13,4382,30.8,92.4
2026-08-26 13:05:19,4379,30.8,92.4
2026-08-26 13:05:24,4378,30.8,92.4
2026-08-26 13:05:35,4379,30.8,92.4
2026-08-26 13:05:50,4381,30.8,92.4
2026-08-26 13:05:56,4379,30.8,92.4
2026-08-26 13:06:06,4382,30.8,92.5
2026-08-26 13:06:11,4379,30.8,92.4
2026-08-26 13:06:22,4377,30.8,92.5
2026-08-26 13:06:27,4378,30.8,92.4
2026-08-26 13:06:32,4375,30.8,92.4
2026-08-26 13:06:38,4374,30.8,92.5
2026-08-26 13:06:43,4375,30.8,92.4
2026-08-26 13:06:53,4377,30.8,92.4
2026-08-26 13:07:04,4372,30.8,92.5
2026-08-26 13:07:09,4371,30.8,92.4
2026-08-26 13:07:14,4369,30.8,92.4
2026-08-26 13:07:20,4371,30.8,92.5
2026-08-26 13:07:30,4370,30.8,92.4
2026-08-26 13:07:35,4372,30.8,92.4
2026-08-26 13:07:41,4377,30.8,92.4
2026-08-26 13:07:46,4374,30.8,92.5
2026-08-26 13:07:57,4371,30.8,92.4
2026-08-26 13:08:02,4369,30.8,92.5
2026-08-26 13:08:07,4367,30.8,92.4
2026-08-26 13:08:12,4369,30.8,92.5
2026-08-26 13:08:28,4367,30.9,92.4
2026-08-26 13:08:33,4365,30.8,92.4
2026-08-26 13:08:44,4361,30.8,92.4
2026-08-26 13:08:50,4358,30.8,92.5
2026-08-26 13:08:55,4356,30.8,92.4
2026-08-26 13:09:00,4358,30.9,92.4
2026-08-26 13:09:06,4357,30.9,92.5
2026-08-26 13:09:11,4356,30.8,92.5
2026-08-26 13:09:22,4353,30.8,92.4
2026-08-26 13:09:27,4356,30.9,92.4
2026-08-26 13:09:42,4359,30.9,92.4
2026-08-26 13:09:48,4360,30.8,92.4
2026-08-26 13:09:58,4361,30.9,92.4
2026-08-26 13:10:03,4358,30.8,92.5
2026-08-26 13:10:09,4356,30.9,92.5
2026-08-26 13:10:19,4358,30.9,92.5
2026-08-26 13:10:25,4357,30.9,92.5
2026-08-26 13:10:30,4352,30.9,92.5
2026-08-26 13:10:35,4348,30.9,92.5
2026-08-26 13:10:40,4347,30.9,92.5
2026-08-26 13:10:46,4348,30.9,92.5
2026-08-26 13:10:51,4351,30.9,92.5
2026-08-26 13:11:02,4349,30.9,92.5
2026-08-26 13:11:12,4350,30.8,92.5
2026-08-26 13:11:23,4349,30.9,92.5
2026-08-26 13:11:28,4350,30.9,92.5
2026-08-26 13:11:33,4353,30.9,92.5
2026-08-26 13:11:38,4351,30.9,92.5
2026-08-26 13:11:43,4350,30.9,92.6
2026-08-26 13:11:49,4351,30.9,92.5
2026-08-26 13:11:54,4353,30.9,92.5
2026-08-26 13:11:59,4354,30.9,92.6
2026-08-26 13:12:05,4357,30.9,92.5
2026-08-26 13:12:10,4358,30.9,92.5
2026-08-26 13:12:15,4357,30.9,92.6
2026-08-26 13:12:21,4359,30.9,92.6
2026-08-26 13:12:26,4357,30.9,92.6
2026-08-26 13:12:31,4356,30.9,92.5
2026-08-26 13:12:37,4355,30.9,92.5
2026-08-26 13:12:42,4361,30.9,92.5
2026-08-26 13:12:47,4363,30.9,92.5
2026-08-26 13:12:52,4366,30.9,92.5
2026-08-26 13:12:58,4371,30.9,92.5
2026-08-26 13:13:03,4375,30.9,92.5
2026-08-26 13:13:08,4377,30.9,92.5
2026-08-26 13:13:14,4375,30.9,92.5
2026-08-26 13:13:19,4373,30.9,92.5
2026-08-26 13:13:24,4374,30.9,92.5
2026-08-26 13:13:30,4373,30.9,92.5
2026-08-26 13:13:35,4374,30.9,92.5
2026-08-26 13:13:40,4375,30.8,92.6
2026-08-26 13:13:45,4378,30.8,92.6
2026-08-26 13:13:51,4382,30.8,92.7
2026-08-26 13:13:56,4381,30.8,92.6
2026-08-26 13:14:01,4382,30.8,92.7
2026-08-26 13:14:07,4380,30.8,92.7
2026-08-26 13:14:12,4383,30.8,92.8
2026-08-26 13:14:17,4382,30.8,92.8
2026-08-26 13:14:23,4383,30.7,92.8
2026-08-26 13:14:28,4381,30.8,92.8
2026-08-26 13:14:33,4384,30.7,92.9
2026-08-26 13:14:39,4388,30.7,92.9
2026-08-26 13:14:44,4387,30.7,92.9
2026-08-26 13:14:49,4388,30.7,92.9
2026-08-26 13:14:54,4387,30.7,93.0
2026-08-26 13:15:00,4388,30.6,93.0
2026-08-26 13:15:15,4387,30.6,93.1
2026-08-26 13:15:26,4388,30.6,93.1
2026-08-26 13:15:31,4389,30.6,93.2
2026-08-26 13:15:42,4387,30.6,93.2
2026-08-26 13:15:47,4389,30.6,93.2
2026-08-26 13:15:52,4393,30.5,93.3
2026-08-26 13:15:57,4392,30.5,93.3
2026-08-26 13:16:03,4390,30.5,93.3
2026-08-26 13:16:08,4387,30.5,93.3
2026-08-26 13:16:13,4384,30.5,93.4
2026-08-26 13:16:18,4382,30.5,93.4
2026-08-26 13:16:24,4383,30.5,93.4
2026-08-26 13:16:29,4380,30.4,93.4
2026-08-26 13:16:34,4378,30.5,93.4
2026-08-26 13:16:40,4380,30.5,93.4
2026-08-26 13:16:45,4376,30.4,93.5
2026-08-26 13:16:50,4374,30.4,93.5
2026-08-26 13:16:55,4375,30.4,93.5
2026-08-26 13:17:01,4376,30.4,93.6
2026-08-26 13:17:06,4374,30.4,93.6
2026-08-26 13:17:11,4377,30.4,93.6
2026-08-26 13:17:16,4378,30.3,93.7
2026-08-26 13:17:22,4376,30.3,93.7
2026-08-26 13:17:27,4372,30.3,93.7
2026-08-26 13:17:43,4371,30.3,93.8
2026-08-26 13:17:48,4373,30.3,93.8
2026-08-26 13:17:53,4370,30.2,93.8
2026-08-26 13:17:59,4367,30.3,93.8
2026-08-26 13:18:04,4368,30.2,93.8
2026-08-26 13:18:09,4367,30.2,93.9
2026-08-26 13:18:15,4365,30.2,93.9
2026-08-26 13:18:25,4364,30.2,93.9
2026-08-26 13:18:30,4365,30.2,94.0
2026-08-26 13:18:36,4367,30.2,93.9
2026-08-26 13:18:46,4368,30.2,94.0
2026-08-26 13:18:52,4366,30.1,94.0
2026-08-26 13:18:57,4365,30.2,94.0
2026-08-26 13:19:02,4368,30.1,94.0
2026-08-26 13:19:07,4369,30.1,94.1
2026-08-26 13:19:13,4367,30.1,94.1
2026-08-26 13:19:18,4366,30.1,94.1
2026-08-26 13:19:23,4365,30.1,94.2
2026-08-26 13:19:29,4364,30.1,94.1
2026-08-26 13:19:44,4361,30.1,94.2
2026-08-26 13:19:50,4360,30.0,94.2
2026-08-26 13:19:55,4362,30.0,94.2
2026-08-26 13:20:00,4363,30.0,94.2
2026-08-26 13:20:05,4358,30.0,94.3
2026-08-26 13:20:10,4356,30.0,94.3
2026-08-26 13:20:16,4355,30.0,94.3
2026-08-26 13:20:21,4354,30.0,94.3
2026-08-26 13:20:26,4351,30.0,94.3
2026-08-26 13:20:32,4350,30.0,94.3
2026-08-26 13:20:37,4351,29.9,94.4
2026-08-26 13:20:42,4346,30.0,94.4
2026-08-26 13:20:53,4347,29.9,94.4
2026-08-26 13:20:58,4348,29.9,94.4
2026-08-26 13:21:03,4346,29.9,94.4
2026-08-26 13:21:08,4343,29.9,94.5
2026-08-26 13:21:14,4345,29.9,94.5
2026-08-26 13:21:19,4346,29.9,94.4
2026-08-26 13:21:24,4348,29.9,94.5
2026-08-26 13:21:29,4349,29.8,94.5
2026-08-26 13:21:35,4351,29.9,94.5
2026-08-26 13:21:40,4352,29.9,94.6
2026-08-26 13:21:45,4349,29.8,94.6
2026-08-26 13:21:51,4348,29.8,94.5
2026-08-26 13:21:56,4346,29.8,94.6
2026-08-26 13:22:01,4344,29.8,94.6
2026-08-26 13:22:06,4342,29.8,94.6
2026-08-26 13:22:12,4341,29.8,94.6
2026-08-26 13:22:17,4343,29.8,94.6
2026-08-26 13:22:22,4346,29.8,94.7
2026-08-26 13:22:27,4345,29.8,94.7
2026-08-26 13:22:33,4346,29.8,94.7
2026-08-26 13:22:38,4345,29.8,94.7
2026-08-26 13:22:49,4347,29.7,94.7
2026-08-26 13:22:54,4345,29.7,94.7
2026-08-26 13:22:59,4346,29.7,94.7
2026-08-26 13:23:05,4348,29.7,94.7
2026-08-26 13:23:10,4349,29.7,94.8
2026-08-26 13:23:15,4351,29.7,94.8
2026-08-26 13:23:20,4347,29.7,94.8
2026-08-26 13:23:31,4343,29.7,94.8
2026-08-26 13:23:36,4342,29.7,94.8
2026-08-26 13:23:41,4345,29.7,94.8
2026-08-26 13:23:47,4344,29.7,94.8
2026-08-26 13:23:52,4343,29.7,94.9
2026-08-26 13:23:57,4342,29.6,94.9
2026-08-26 13:24:02,4346,29.6,94.9
2026-08-26 13:24:08,4351,29.6,94.9
2026-08-26 13:24:24,4355,29.6,95.0
2026-08-26 13:24:29,4354,29.6,95.0
2026-08-26 13:24:34,4359,29.6,95.0
2026-08-26 13:24:40,4360,29.6,95.0
2026-08-26 13:24:50,4362,29.6,95.0
2026-08-26 13:25:01,4364,29.6,95.0
2026-08-26 13:25:06,4365,29.6,95.0
2026-08-26 13:25:11,4366,29.6,95.1
2026-08-26 13:25:16,4368,29.6,95.1
2026-08-26 13:25:22,4369,29.6,95.1
2026-08-26 13:25:32,4368,29.6,95.1
2026-08-26 13:25:53,4365,29.5,95.1
2026-08-26 13:25:58,4364,29.5,95.1
2026-08-26 13:26:04,4363,29.5,95.2
2026-08-26 13:26:19,4359,29.5,95.2
2026-08-26 13:26:25,4358,29.5,95.2
2026-08-26 13:26:30,4361,29.5,95.2
2026-08-26 13:26:35,4363,29.5,95.2
2026-08-26 13:26:41,4365,29.5,95.2
2026-08-26 13:26:46,4363,29.5,95.2
2026-08-26 13:26:51,4364,29.5,95.2
2026-08-26 13:27:07,4368,29.5,95.2
2026-08-26 13:27:12,4374,29.5,95.2
2026-08-26 13:27:18,4376,29.4,95.2
2026-08-26 13:27:23,4379,29.4,95.3
2026-08-26 13:27:28,4377,29.4,95.3
2026-08-26 13:27:34,4378,29.4,95.3
2026-08-26 13:27:39,4377,29.4,95.3
2026-08-26 13:27:44,4378,29.4,95.3
2026-08-26 13:27:50,4384,29.4,95.3
2026-08-26 13:28:06,4387,29.4,95.3
2026-08-26 13:28:11,4396,29.4,95.4
2026-08-26 13:28:16,4395,29.4,95.3
2026-08-26 13:28:21,4401,29.4,95.4
2026-08-26 13:28:27,4400,29.4,95.4
2026-08-26 13:28:32,4399,29.4,95.4
2026-08-26 13:28:37,4403,29.4,95.4
2026-08-26 13:28:43,4404,29.4,95.4
2026-08-26 13:28:48,4409,29.3,95.4
2026-08-26 13:28:58,4410,29.4,95.4
2026-08-26 13:29:04,4415,29.4,95.4
2026-08-26 13:29:09,4418,29.4,95.4
2026-08-26 13:29:30,4416,29.3,95.5
2026-08-26 13:29:35,4420,29.3,95.5
2026-08-26 13:29:40,4422,29.3,95.4
2026-08-26 13:29:51,4424,29.3,95.5
2026-08-26 13:29:56,4423,29.3,95.5
2026-08-26 13:30:01,4422,29.3,95.5
2026-08-26 13:30:07,4423,29.3,95.5
2026-08-26 13:30:12,4422,29.3,95.5
2026-08-26 13:30:17,4420,29.3,95.5
2026-08-26 13:30:22,4424,29.3,95.5
2026-08-26 13:30:28,4425,29.3,95.5
2026-08-26 13:30:38,4426,29.3,95.5
2026-08-26 13:30:43,4428,29.3,95.6
2026-08-26 13:30:49,4431,29.3,95.6
